S1_timestamp,S1_Target_RPM,S1_Actual_RPM,Accel_X,Accel_Y,Accel_Z,Gyro_X,Gyro_Y,Gyro_Z, ,S2_timestamp,S2_Target_RPM,S2_Actual_RPM,Accel_X,Accel_Y,Accel_Z,Gyro_X,Gyro_Y,Gyro_Z, ,S3_timestamp,S3_Target_RPM,S3_Actual_RPM,Accel_X,Accel_Y,Accel_Z,Gyro_X,Gyro_Y,Gyro_Z, 
"=""16:17:32.864""",0,0,-5588.0,4784.0,-12028.0,71.0,-22.0,-176.0, ,"=""16:17:32.864""",0,0,-824.0,-17372.0,20668.0,21.0,45.0,17.0, ,"=""16:17:32.864""",0,0,-3500.0,-1044.0,20892.0,-432.0,-898.0,1147.0, 
"=""16:17:32.966""",0,0,-5588.0,4784.0,-12028.0,71.0,-22.0,-176.0, ,"=""16:17:32.966""",0,0,-824.0,-17304.0,20600.0,9.0,-1.0,1.0, ,"=""16:17:32.966""",0,0,-3500.0,-1044.0,20892.0,-432.0,-898.0,1147.0, 
"=""16:17:33.068""",0,0,-5744.0,4816.0,-12060.0,39.0,-57.0,-158.0, ,"=""16:17:33.068""",0,0,-824.0,-17304.0,20600.0,9.0,-1.0,1.0, ,"=""16:17:33.068""",0,0,-3500.0,-1044.0,20892.0,-432.0,-898.0,1147.0, 
"=""16:17:33.169""",0,0,-5744.0,4816.0,-12060.0,39.0,-57.0,-158.0, ,"=""16:17:33.169""",0,0,-824.0,-17304.0,20600.0,9.0,-1.0,1.0, ,"=""16:17:33.169""",0,0,-3500.0,-1044.0,20892.0,-432.0,-898.0,1147.0, 
"=""16:17:33.271""",0,0,-5744.0,4816.0,-12060.0,39.0,-57.0,-158.0, ,"=""16:17:33.271""",0,0,-824.0,-17304.0,20600.0,9.0,-1.0,1.0, ,"=""16:17:33.271""",0,0,-3500.0,-1044.0,20892.0,-432.0,-898.0,1147.0, 
"=""16:17:33.373""",0,0,-5744.0,4816.0,-12060.0,39.0,-57.0,-158.0, ,"=""16:17:33.373""",0,0,-824.0,-17304.0,20600.0,9.0,-1.0,1.0, ,"=""16:17:33.373""",0,0,-3500.0,-1044.0,20892.0,-432.0,-898.0,1147.0, 
"=""16:17:33.475""",0,0,-5744.0,4816.0,-12060.0,39.0,-57.0,-158.0, ,"=""16:17:33.475""",0,0,-824.0,-17304.0,20600.0,9.0,-1.0,1.0, ,"=""16:17:33.475""",0,0,-3500.0,-1044.0,20892.0,-432.0,-898.0,1147.0, 
"=""16:17:33.577""",0,0,-5744.0,4816.0,-12060.0,39.0,-57.0,-158.0, ,"=""16:17:33.577""",0,0,-824.0,-17304.0,20600.0,9.0,-1.0,1.0, ,"=""16:17:33.577""",0,0,-3500.0,-1044.0,20892.0,-432.0,-898.0,1147.0, 
"=""16:17:33.678""",0,0,-5744.0,4816.0,-12060.0,39.0,-57.0,-158.0, ,"=""16:17:33.678""",0,0,-824.0,-17304.0,20600.0,9.0,-1.0,1.0, ,"=""16:17:33.678""",0,0,-3388.0,-1264.0,20924.0,-478.0,-880.0,1136.0, 
"=""16:17:33.780""",0,0,-5620.0,4744.0,-12136.0,-4.0,-53.0,-164.0, ,"=""16:17:33.780""",0,0,-816.0,-17316.0,20608.0,5.0,39.0,-14.0, ,"=""16:17:33.780""",0,0,-3388.0,-1264.0,20924.0,-478.0,-880.0,1136.0, 
"=""16:17:33.882""",0,0,-5620.0,4744.0,-12136.0,-4.0,-53.0,-164.0, ,"=""16:17:33.882""",0,0,-816.0,-17316.0,20608.0,5.0,39.0,-14.0, ,"=""16:17:33.882""",0,0,-3388.0,-1264.0,20924.0,-478.0,-880.0,1136.0, 
"=""16:17:33.984""",0,0,-5620.0,4744.0,-12136.0,-4.0,-53.0,-164.0, ,"=""16:17:33.984""",0,0,-816.0,-17316.0,20608.0,5.0,39.0,-14.0, ,"=""16:17:33.984""",0,0,-3388.0,-1264.0,20924.0,-478.0,-880.0,1136.0, 
"=""16:17:34.085""",0,0,-5620.0,4744.0,-12136.0,-4.0,-53.0,-164.0, ,"=""16:17:34.085""",0,0,-816.0,-17316.0,20608.0,5.0,39.0,-14.0, ,"=""16:17:34.085""",0,0,-3388.0,-1264.0,20924.0,-478.0,-880.0,1136.0, 
"=""16:17:34.187""",0,0,-5620.0,4744.0,-12136.0,-4.0,-53.0,-164.0, ,"=""16:17:34.187""",0,0,-816.0,-17316.0,20608.0,5.0,39.0,-14.0, ,"=""16:17:34.187""",0,0,-3388.0,-1264.0,20924.0,-478.0,-880.0,1136.0, 
"=""16:17:34.289""",0,0,-5620.0,4744.0,-12136.0,-4.0,-53.0,-164.0, ,"=""16:17:34.289""",0,0,-816.0,-17316.0,20608.0,5.0,39.0,-14.0, ,"=""16:17:34.289""",0,0,-3388.0,-1264.0,20924.0,-478.0,-880.0,1136.0, 
"=""16:17:34.391""",0,0,-5620.0,4744.0,-12136.0,-4.0,-53.0,-164.0, ,"=""16:17:34.392""",0,0,-816.0,-17316.0,20608.0,5.0,39.0,-14.0, ,"=""16:17:34.392""",0,0,-3388.0,-1264.0,20924.0,-478.0,-880.0,1136.0, 
"=""16:17:34.493""",0,0,-5620.0,4744.0,-12136.0,-4.0,-53.0,-164.0, ,"=""16:17:34.493""",0,0,-816.0,-17316.0,20608.0,5.0,39.0,-14.0, ,"=""16:17:34.493""",0,0,-3932.0,-1320.0,20884.0,-490.0,-897.0,1145.0, 
"=""16:17:34.595""",0,0,-5624.0,4664.0,-11984.0,39.0,-49.0,-118.0, ,"=""16:17:34.595""",0,0,-764.0,-17256.0,20560.0,-10.0,3.0,-28.0, ,"=""16:17:34.595""",0,0,-3932.0,-1320.0,20884.0,-490.0,-897.0,1145.0, 
"=""16:17:34.698""",0,0,-5624.0,4664.0,-11984.0,39.0,-49.0,-118.0, ,"=""16:17:34.698""",0,0,-764.0,-17256.0,20560.0,-10.0,3.0,-28.0, ,"=""16:17:34.698""",0,0,-3932.0,-1320.0,20884.0,-490.0,-897.0,1145.0, 
"=""16:17:34.800""",0,0,-5624.0,4664.0,-11984.0,39.0,-49.0,-118.0, ,"=""16:17:34.800""",0,0,-764.0,-17256.0,20560.0,-10.0,3.0,-28.0, ,"=""16:17:34.800""",0,0,-3932.0,-1320.0,20884.0,-490.0,-897.0,1145.0, 
"=""16:17:34.902""",0,0,-5624.0,4664.0,-11984.0,39.0,-49.0,-118.0, ,"=""16:17:34.902""",0,0,-764.0,-17256.0,20560.0,-10.0,3.0,-28.0, ,"=""16:17:34.902""",0,0,-3932.0,-1320.0,20884.0,-490.0,-897.0,1145.0, 
"=""16:17:35.005""",0,0,-5624.0,4664.0,-11984.0,39.0,-49.0,-118.0, ,"=""16:17:35.005""",0,0,-764.0,-17256.0,20560.0,-10.0,3.0,-28.0, ,"=""16:17:35.005""",0,0,-3932.0,-1320.0,20884.0,-490.0,-897.0,1145.0, 
"=""16:17:35.107""",0,0,-5624.0,4664.0,-11984.0,39.0,-49.0,-118.0, ,"=""16:17:35.107""",0,0,-764.0,-17256.0,20560.0,-10.0,3.0,-28.0, ,"=""16:17:35.107""",0,0,-3932.0,-1320.0,20884.0,-490.0,-897.0,1145.0, 
"=""16:17:35.209""",0,0,-5624.0,4664.0,-11984.0,39.0,-49.0,-118.0, ,"=""16:17:35.209""",0,0,-764.0,-17256.0,20560.0,-10.0,3.0,-28.0, ,"=""16:17:35.209""",0,0,-3932.0,-1320.0,20884.0,-490.0,-897.0,1145.0, 
"=""16:17:35.311""",0,0,-5624.0,4664.0,-11984.0,39.0,-49.0,-118.0, ,"=""16:17:35.311""",0,0,-764.0,-17256.0,20560.0,-10.0,3.0,-28.0, ,"=""16:17:35.311""",0,0,-3876.0,-1196.0,20848.0,-468.0,-925.0,1155.0, 
"=""16:17:35.412""",0,0,-5728.0,4800.0,-11944.0,64.0,-39.0,-100.0, ,"=""16:17:35.412""",0,0,-700.0,-17320.0,20532.0,-8.0,2.0,-26.0, ,"=""16:17:35.412""",0,0,-3876.0,-1196.0,20848.0,-468.0,-925.0,1155.0, 
"=""16:17:35.514""",0,0,-5728.0,4800.0,-11944.0,64.0,-39.0,-100.0, ,"=""16:17:35.514""",0,0,-700.0,-17320.0,20532.0,-8.0,2.0,-26.0, ,"=""16:17:35.514""",0,0,-3876.0,-1196.0,20848.0,-468.0,-925.0,1155.0, 
"=""16:17:35.616""",900,0,-5728.0,4800.0,-11944.0,64.0,-39.0,-100.0, ,"=""16:17:35.616""",0,0,-700.0,-17320.0,20532.0,-8.0,2.0,-26.0, ,"=""16:17:35.616""",0,0,-3876.0,-1196.0,20848.0,-468.0,-925.0,1155.0, 
"=""16:17:35.718""",900,0,-5728.0,4800.0,-11944.0,64.0,-39.0,-100.0, ,"=""16:17:35.718""",0,0,-700.0,-17320.0,20532.0,-8.0,2.0,-26.0, ,"=""16:17:35.718""",0,0,-3876.0,-1196.0,20848.0,-468.0,-925.0,1155.0, 
"=""16:17:35.819""",900,0,-5728.0,4800.0,-11944.0,64.0,-39.0,-100.0, ,"=""16:17:35.819""",0,0,-700.0,-17320.0,20532.0,-8.0,2.0,-26.0, ,"=""16:17:35.819""",0,0,-3876.0,-1196.0,20848.0,-468.0,-925.0,1155.0, 
"=""16:17:35.922""",900,0,-5728.0,4800.0,-11944.0,64.0,-39.0,-100.0, ,"=""16:17:35.922""",0,0,-700.0,-17320.0,20532.0,-8.0,2.0,-26.0, ,"=""16:17:35.922""",0,0,-3876.0,-1196.0,20848.0,-468.0,-925.0,1155.0, 
"=""16:17:36.039""",900,0,-5728.0,4800.0,-11944.0,64.0,-39.0,-100.0, ,"=""16:17:36.039""",0,0,-700.0,-17320.0,20532.0,-8.0,2.0,-26.0, ,"=""16:17:36.039""",0,0,-3876.0,-1196.0,20848.0,-468.0,-925.0,1155.0, 
"=""16:17:36.141""",900,0,-5728.0,4800.0,-11944.0,64.0,-39.0,-100.0, ,"=""16:17:36.141""",0,0,-812.0,-17240.0,19836.0,-2309.0,348.0,-957.0, ,"=""16:17:36.141""",0,0,-3612.0,-548.0,20020.0,-1079.0,-852.0,1172.0, 
"=""16:17:36.242""",900,375,-7604.0,-6032.0,-13148.0,-3059.0,-1627.0,1039.0, ,"=""16:17:36.242""",0,0,-812.0,-17240.0,19836.0,-2309.0,348.0,-957.0, ,"=""16:17:36.242""",0,0,-3612.0,-548.0,20020.0,-1079.0,-852.0,1172.0, 
"=""16:17:36.345""",900,375,-7604.0,-6032.0,-13148.0,-3059.0,-1627.0,1039.0, ,"=""16:17:36.345""",900,0,-812.0,-17240.0,19836.0,-2309.0,348.0,-957.0, ,"=""16:17:36.345""",0,0,-3612.0,-548.0,20020.0,-1079.0,-852.0,1172.0, 
"=""16:17:36.447""",900,375,-7604.0,-6032.0,-13148.0,-3059.0,-1627.0,1039.0, ,"=""16:17:36.447""",900,0,-812.0,-17240.0,19836.0,-2309.0,348.0,-957.0, ,"=""16:17:36.447""",0,0,-3612.0,-548.0,20020.0,-1079.0,-852.0,1172.0, 
"=""16:17:36.556""",900,375,-7604.0,-6032.0,-13148.0,-3059.0,-1627.0,1039.0, ,"=""16:17:36.556""",900,0,-812.0,-17240.0,19836.0,-2309.0,348.0,-957.0, ,"=""16:17:36.556""",0,0,-3612.0,-548.0,20020.0,-1079.0,-852.0,1172.0, 
"=""16:17:36.658""",900,375,-7604.0,-6032.0,-13148.0,-3059.0,-1627.0,1039.0, ,"=""16:17:36.658""",900,0,-812.0,-17240.0,19836.0,-2309.0,348.0,-957.0, ,"=""16:17:36.658""",0,0,-3612.0,-548.0,20020.0,-1079.0,-852.0,1172.0, 
"=""16:17:36.760""",900,375,-7604.0,-6032.0,-13148.0,-3059.0,-1627.0,1039.0, ,"=""16:17:36.760""",900,0,-812.0,-17240.0,19836.0,-2309.0,348.0,-957.0, ,"=""16:17:36.760""",0,0,-3612.0,-548.0,20020.0,-1079.0,-852.0,1172.0, 
"=""16:17:36.863""",900,375,-7604.0,-6032.0,-13148.0,-3059.0,-1627.0,1039.0, ,"=""16:17:36.863""",900,0,-812.0,-17240.0,19836.0,-2309.0,348.0,-957.0, ,"=""16:17:36.863""",0,0,-5636.0,-2772.0,20084.0,-979.0,-708.0,2949.0, 
"=""16:17:36.965""",900,375,-7604.0,-6032.0,-13148.0,-3059.0,-1627.0,1039.0, ,"=""16:17:36.965""",900,427,-7624.0,-22292.0,19724.0,-11261.0,3666.0,1161.0, ,"=""16:17:36.965""",0,0,-5636.0,-2772.0,20084.0,-979.0,-708.0,2949.0, 
"=""16:17:37.073""",900,701,4296.0,25636.0,-14564.0,32767.0,9809.0,-3163.0, ,"=""16:17:37.073""",900,427,-7624.0,-22292.0,19724.0,-11261.0,3666.0,1161.0, ,"=""16:17:37.073""",0,0,-5636.0,-2772.0,20084.0,-979.0,-708.0,2949.0, 
"=""16:17:37.175""",900,701,4296.0,25636.0,-14564.0,32767.0,9809.0,-3163.0, ,"=""16:17:37.175""",900,427,-7624.0,-22292.0,19724.0,-11261.0,3666.0,1161.0, ,"=""16:17:37.175""",0,0,-5636.0,-2772.0,20084.0,-979.0,-708.0,2949.0, 
"=""16:17:37.276""",900,701,4296.0,25636.0,-14564.0,32767.0,9809.0,-3163.0, ,"=""16:17:37.276""",900,427,-7624.0,-22292.0,19724.0,-11261.0,3666.0,1161.0, ,"=""16:17:37.276""",0,0,-5636.0,-2772.0,20084.0,-979.0,-708.0,2949.0, 
"=""16:17:37.378""",900,701,4296.0,25636.0,-14564.0,32767.0,9809.0,-3163.0, ,"=""16:17:37.378""",900,427,-7624.0,-22292.0,19724.0,-11261.0,3666.0,1161.0, ,"=""16:17:37.378""",0,0,-5636.0,-2772.0,20084.0,-979.0,-708.0,2949.0, 
"=""16:17:37.480""",900,701,4296.0,25636.0,-14564.0,32767.0,9809.0,-3163.0, ,"=""16:17:37.480""",900,427,-7624.0,-22292.0,19724.0,-11261.0,3666.0,1161.0, ,"=""16:17:37.480""",0,0,-5636.0,-2772.0,20084.0,-979.0,-708.0,2949.0, 
"=""16:17:37.591""",900,701,4296.0,25636.0,-14564.0,32767.0,9809.0,-3163.0, ,"=""16:17:37.591""",900,427,-7624.0,-22292.0,19724.0,-11261.0,3666.0,1161.0, ,"=""16:17:37.591""",0,0,-5636.0,-2772.0,20084.0,-979.0,-708.0,2949.0, 
"=""16:17:37.692""",900,701,4296.0,25636.0,-14564.0,32767.0,9809.0,-3163.0, ,"=""16:17:37.692""",900,427,-7624.0,-22292.0,19724.0,-11261.0,3666.0,1161.0, ,"=""16:17:37.692""",0,0,4404.0,7432.0,18912.0,6267.0,9067.0,-4178.0, 
"=""16:17:37.793""",900,701,4296.0,25636.0,-14564.0,32767.0,9809.0,-3163.0, ,"=""16:17:37.794""",900,701,-11252.0,-32768.0,31540.0,32767.0,-10892.0,18469.0, ,"=""16:17:37.794""",0,0,4404.0,7432.0,18912.0,6267.0,9067.0,-4178.0, 
"=""16:17:37.896""",900,761,536.0,-20324.0,6356.0,-32768.0,-6722.0,-5993.0, ,"=""16:17:37.896""",900,701,-11252.0,-32768.0,31540.0,32767.0,-10892.0,18469.0, ,"=""16:17:37.896""",0,0,4404.0,7432.0,18912.0,6267.0,9067.0,-4178.0, 
"=""16:17:37.998""",900,761,536.0,-20324.0,6356.0,-32768.0,-6722.0,-5993.0, ,"=""16:17:37.998""",900,701,-11252.0,-32768.0,31540.0,32767.0,-10892.0,18469.0, ,"=""16:17:37.998""",0,0,4404.0,7432.0,18912.0,6267.0,9067.0,-4178.0, 
"=""16:17:38.098""",900,761,536.0,-20324.0,6356.0,-32768.0,-6722.0,-5993.0, ,"=""16:17:38.098""",900,701,-11252.0,-32768.0,31540.0,32767.0,-10892.0,18469.0, ,"=""16:17:38.098""",0,0,4404.0,7432.0,18912.0,6267.0,9067.0,-4178.0, 
"=""16:17:38.200""",900,761,536.0,-20324.0,6356.0,-32768.0,-6722.0,-5993.0, ,"=""16:17:38.200""",900,701,-11252.0,-32768.0,31540.0,32767.0,-10892.0,18469.0, ,"=""16:17:38.200""",0,0,4404.0,7432.0,18912.0,6267.0,9067.0,-4178.0, 
"=""16:17:38.302""",900,761,536.0,-20324.0,6356.0,-32768.0,-6722.0,-5993.0, ,"=""16:17:38.302""",900,701,-11252.0,-32768.0,31540.0,32767.0,-10892.0,18469.0, ,"=""16:17:38.302""",0,0,4404.0,7432.0,18912.0,6267.0,9067.0,-4178.0, 
"=""16:17:38.404""",900,761,536.0,-20324.0,6356.0,-32768.0,-6722.0,-5993.0, ,"=""16:17:38.404""",900,701,-11252.0,-32768.0,31540.0,32767.0,-10892.0,18469.0, ,"=""16:17:38.404""",0,0,4404.0,7432.0,18912.0,6267.0,9067.0,-4178.0, 
"=""16:17:38.506""",900,761,536.0,-20324.0,6356.0,-32768.0,-6722.0,-5993.0, ,"=""16:17:38.506""",900,701,-11252.0,-32768.0,31540.0,32767.0,-10892.0,18469.0, ,"=""16:17:38.506""",0,0,32767.0,-32768.0,32767.0,5388.0,17717.0,15288.0, 
"=""16:17:38.607""",900,764,-5704.0,-32768.0,32767.0,32767.0,23125.0,2439.0, ,"=""16:17:38.607""",900,775,4168.0,-26756.0,32767.0,32767.0,-32768.0,7790.0, ,"=""16:17:38.607""",0,0,32767.0,-32768.0,32767.0,5388.0,17717.0,15288.0, 
"=""16:17:38.709""",900,764,-5704.0,-32768.0,32767.0,32767.0,23125.0,2439.0, ,"=""16:17:38.709""",900,775,4168.0,-26756.0,32767.0,32767.0,-32768.0,7790.0, ,"=""16:17:38.709""",0,0,32767.0,-32768.0,32767.0,5388.0,17717.0,15288.0, 
"=""16:17:38.811""",900,764,-5704.0,-32768.0,32767.0,32767.0,23125.0,2439.0, ,"=""16:17:38.811""",900,775,4168.0,-26756.0,32767.0,32767.0,-32768.0,7790.0, ,"=""16:17:38.811""",0,0,32767.0,-32768.0,32767.0,5388.0,17717.0,15288.0, 
"=""16:17:38.913""",900,764,-5704.0,-32768.0,32767.0,32767.0,23125.0,2439.0, ,"=""16:17:38.913""",900,775,4168.0,-26756.0,32767.0,32767.0,-32768.0,7790.0, ,"=""16:17:38.913""",0,0,32767.0,-32768.0,32767.0,5388.0,17717.0,15288.0, 
"=""16:17:39.015""",900,764,-5704.0,-32768.0,32767.0,32767.0,23125.0,2439.0, ,"=""16:17:39.015""",900,775,4168.0,-26756.0,32767.0,32767.0,-32768.0,7790.0, ,"=""16:17:39.015""",0,0,32767.0,-32768.0,32767.0,5388.0,17717.0,15288.0, 
"=""16:17:39.117""",900,764,-5704.0,-32768.0,32767.0,32767.0,23125.0,2439.0, ,"=""16:17:39.117""",900,775,4168.0,-26756.0,32767.0,32767.0,-32768.0,7790.0, ,"=""16:17:39.117""",0,0,32767.0,-32768.0,32767.0,5388.0,17717.0,15288.0, 
"=""16:17:39.219""",900,764,-5704.0,-32768.0,32767.0,32767.0,23125.0,2439.0, ,"=""16:17:39.219""",900,775,4168.0,-26756.0,32767.0,32767.0,-32768.0,7790.0, ,"=""16:17:39.219""",0,0,32767.0,-32768.0,32767.0,5388.0,17717.0,15288.0, 
"=""16:17:39.321""",900,764,-5704.0,-32768.0,32767.0,32767.0,23125.0,2439.0, ,"=""16:17:39.321""",900,775,4168.0,-26756.0,32767.0,32767.0,-32768.0,7790.0, ,"=""16:17:39.321""",0,4,-10248.0,-23108.0,5300.0,-32768.0,14529.0,12197.0, 
"=""16:17:39.423""",900,784,11940.0,15588.0,32767.0,32767.0,13041.0,-4343.0, ,"=""16:17:39.423""",900,898,-16588.0,-5112.0,7000.0,32767.0,1325.0,2569.0, ,"=""16:17:39.423""",0,4,-10248.0,-23108.0,5300.0,-32768.0,14529.0,12197.0, 
"=""16:17:39.525""",900,784,11940.0,15588.0,32767.0,32767.0,13041.0,-4343.0, ,"=""16:17:39.525""",900,898,-16588.0,-5112.0,7000.0,32767.0,1325.0,2569.0, ,"=""16:17:39.525""",0,4,-10248.0,-23108.0,5300.0,-32768.0,14529.0,12197.0, 
"=""16:17:39.627""",900,784,11940.0,15588.0,32767.0,32767.0,13041.0,-4343.0, ,"=""16:17:39.627""",900,898,-16588.0,-5112.0,7000.0,32767.0,1325.0,2569.0, ,"=""16:17:39.627""",0,4,-10248.0,-23108.0,5300.0,-32768.0,14529.0,12197.0, 
"=""16:17:39.729""",900,784,11940.0,15588.0,32767.0,32767.0,13041.0,-4343.0, ,"=""16:17:39.729""",900,898,-16588.0,-5112.0,7000.0,32767.0,1325.0,2569.0, ,"=""16:17:39.729""",0,4,-10248.0,-23108.0,5300.0,-32768.0,14529.0,12197.0, 
"=""16:17:39.831""",900,784,11940.0,15588.0,32767.0,32767.0,13041.0,-4343.0, ,"=""16:17:39.831""",900,898,-16588.0,-5112.0,7000.0,32767.0,1325.0,2569.0, ,"=""16:17:39.831""",0,4,-10248.0,-23108.0,5300.0,-32768.0,14529.0,12197.0, 
"=""16:17:39.932""",900,784,11940.0,15588.0,32767.0,32767.0,13041.0,-4343.0, ,"=""16:17:39.932""",900,898,-16588.0,-5112.0,7000.0,32767.0,1325.0,2569.0, ,"=""16:17:39.932""",0,4,-10248.0,-23108.0,5300.0,-32768.0,14529.0,12197.0, 
"=""16:17:40.034""",900,784,11940.0,15588.0,32767.0,32767.0,13041.0,-4343.0, ,"=""16:17:40.034""",900,898,-16588.0,-5112.0,7000.0,32767.0,1325.0,2569.0, ,"=""16:17:40.034""",0,4,-10248.0,-23108.0,5300.0,-32768.0,14529.0,12197.0, 
"=""16:17:40.136""",900,784,11940.0,15588.0,32767.0,32767.0,13041.0,-4343.0, ,"=""16:17:40.136""",900,898,-16588.0,-5112.0,7000.0,32767.0,1325.0,2569.0, ,"=""16:17:40.136""",0,7,-17920.0,-7376.0,-32768.0,-32768.0,-1476.0,12571.0, 
"=""16:17:40.238""",900,766,10612.0,7392.0,-32768.0,32767.0,2316.0,-911.0, ,"=""16:17:40.238""",900,901,-21768.0,-32768.0,32767.0,32767.0,2032.0,2584.0, ,"=""16:17:40.238""",0,7,-17920.0,-7376.0,-32768.0,-32768.0,-1476.0,12571.0, 
"=""16:17:40.341""",900,766,10612.0,7392.0,-32768.0,32767.0,2316.0,-911.0, ,"=""16:17:40.341""",900,901,-21768.0,-32768.0,32767.0,32767.0,2032.0,2584.0, ,"=""16:17:40.341""",0,7,-17920.0,-7376.0,-32768.0,-32768.0,-1476.0,12571.0, 
"=""16:17:40.443""",900,766,10612.0,7392.0,-32768.0,32767.0,2316.0,-911.0, ,"=""16:17:40.443""",900,901,-21768.0,-32768.0,32767.0,32767.0,2032.0,2584.0, ,"=""16:17:40.443""",0,7,-17920.0,-7376.0,-32768.0,-32768.0,-1476.0,12571.0, 
"=""16:17:40.545""",900,766,10612.0,7392.0,-32768.0,32767.0,2316.0,-911.0, ,"=""16:17:40.545""",900,901,-21768.0,-32768.0,32767.0,32767.0,2032.0,2584.0, ,"=""16:17:40.545""",0,7,-17920.0,-7376.0,-32768.0,-32768.0,-1476.0,12571.0, 
"=""16:17:40.647""",900,766,10612.0,7392.0,-32768.0,32767.0,2316.0,-911.0, ,"=""16:17:40.647""",900,901,-21768.0,-32768.0,32767.0,32767.0,2032.0,2584.0, ,"=""16:17:40.647""",0,7,-17920.0,-7376.0,-32768.0,-32768.0,-1476.0,12571.0, 
"=""16:17:40.749""",900,766,10612.0,7392.0,-32768.0,32767.0,2316.0,-911.0, ,"=""16:17:40.749""",900,901,-21768.0,-32768.0,32767.0,32767.0,2032.0,2584.0, ,"=""16:17:40.749""",0,7,-17920.0,-7376.0,-32768.0,-32768.0,-1476.0,12571.0, 
"=""16:17:40.850""",900,766,10612.0,7392.0,-32768.0,32767.0,2316.0,-911.0, ,"=""16:17:40.850""",900,901,-21768.0,-32768.0,32767.0,32767.0,2032.0,2584.0, ,"=""16:17:40.850""",0,7,-17920.0,-7376.0,-32768.0,-32768.0,-1476.0,12571.0, 
"=""16:17:40.952""",900,766,10612.0,7392.0,-32768.0,32767.0,2316.0,-911.0, ,"=""16:17:40.952""",900,903,-12740.0,-32768.0,28384.0,32767.0,-3571.0,-7707.0, ,"=""16:17:40.952""",0,6,-18616.0,1052.0,-8828.0,-32768.0,-11727.0,5318.0, 
"=""16:17:41.054""",900,771,8568.0,7564.0,-31256.0,-32768.0,-9586.0,14444.0, ,"=""16:17:41.054""",900,903,-12740.0,-32768.0,28384.0,32767.0,-3571.0,-7707.0, ,"=""16:17:41.054""",0,6,-18616.0,1052.0,-8828.0,-32768.0,-11727.0,5318.0, 
"=""16:17:41.156""",900,771,8568.0,7564.0,-31256.0,-32768.0,-9586.0,14444.0, ,"=""16:17:41.156""",900,903,-12740.0,-32768.0,28384.0,32767.0,-3571.0,-7707.0, ,"=""16:17:41.156""",0,6,-18616.0,1052.0,-8828.0,-32768.0,-11727.0,5318.0, 
"=""16:17:41.258""",900,771,8568.0,7564.0,-31256.0,-32768.0,-9586.0,14444.0, ,"=""16:17:41.258""",900,903,-12740.0,-32768.0,28384.0,32767.0,-3571.0,-7707.0, ,"=""16:17:41.258""",0,6,-18616.0,1052.0,-8828.0,-32768.0,-11727.0,5318.0, 
"=""16:17:41.360""",900,771,8568.0,7564.0,-31256.0,-32768.0,-9586.0,14444.0, ,"=""16:17:41.360""",900,903,-12740.0,-32768.0,28384.0,32767.0,-3571.0,-7707.0, ,"=""16:17:41.360""",0,6,-18616.0,1052.0,-8828.0,-32768.0,-11727.0,5318.0, 
"=""16:17:41.462""",900,771,8568.0,7564.0,-31256.0,-32768.0,-9586.0,14444.0, ,"=""16:17:41.463""",900,903,-12740.0,-32768.0,28384.0,32767.0,-3571.0,-7707.0, ,"=""16:17:41.463""",0,6,-18616.0,1052.0,-8828.0,-32768.0,-11727.0,5318.0, 
"=""16:17:41.564""",900,771,8568.0,7564.0,-31256.0,-32768.0,-9586.0,14444.0, ,"=""16:17:41.564""",900,903,-12740.0,-32768.0,28384.0,32767.0,-3571.0,-7707.0, ,"=""16:17:41.564""",0,6,-18616.0,1052.0,-8828.0,-32768.0,-11727.0,5318.0, 
"=""16:17:41.666""",900,771,8568.0,7564.0,-31256.0,-32768.0,-9586.0,14444.0, ,"=""16:17:41.666""",900,903,-12740.0,-32768.0,28384.0,32767.0,-3571.0,-7707.0, ,"=""16:17:41.666""",0,0,-11864.0,13072.0,20360.0,-26887.0,-18762.0,1151.0, 
"=""16:17:41.768""",900,771,8568.0,7564.0,-31256.0,-32768.0,-9586.0,14444.0, ,"=""16:17:41.768""",900,901,-2976.0,-7672.0,32767.0,32767.0,8269.0,-1154.0, ,"=""16:17:41.768""",0,0,-11864.0,13072.0,20360.0,-26887.0,-18762.0,1151.0, 
"=""16:17:41.870""",900,771,-7220.0,6960.0,-32768.0,-32768.0,-28946.0,16424.0, ,"=""16:17:41.870""",900,901,-2976.0,-7672.0,32767.0,32767.0,8269.0,-1154.0, ,"=""16:17:41.870""",0,0,-11864.0,13072.0,20360.0,-26887.0,-18762.0,1151.0, 
"=""16:17:41.972""",900,771,-7220.0,6960.0,-32768.0,-32768.0,-28946.0,16424.0, ,"=""16:17:41.972""",900,901,-2976.0,-7672.0,32767.0,32767.0,8269.0,-1154.0, ,"=""16:17:41.972""",0,0,-11864.0,13072.0,20360.0,-26887.0,-18762.0,1151.0, 
"=""16:17:42.073""",900,771,-7220.0,6960.0,-32768.0,-32768.0,-28946.0,16424.0, ,"=""16:17:42.073""",900,901,-2976.0,-7672.0,32767.0,32767.0,8269.0,-1154.0, ,"=""16:17:42.073""",0,0,-11864.0,13072.0,20360.0,-26887.0,-18762.0,1151.0, 
"=""16:17:42.175""",900,771,-7220.0,6960.0,-32768.0,-32768.0,-28946.0,16424.0, ,"=""16:17:42.175""",900,901,-2976.0,-7672.0,32767.0,32767.0,8269.0,-1154.0, ,"=""16:17:42.175""",0,0,-11864.0,13072.0,20360.0,-26887.0,-18762.0,1151.0, 
"=""16:17:42.277""",900,771,-7220.0,6960.0,-32768.0,-32768.0,-28946.0,16424.0, ,"=""16:17:42.277""",900,901,-2976.0,-7672.0,32767.0,32767.0,8269.0,-1154.0, ,"=""16:17:42.277""",0,0,-11864.0,13072.0,20360.0,-26887.0,-18762.0,1151.0, 
"=""16:17:42.378""",900,771,-7220.0,6960.0,-32768.0,-32768.0,-28946.0,16424.0, ,"=""16:17:42.378""",900,901,-2976.0,-7672.0,32767.0,32767.0,8269.0,-1154.0, ,"=""16:17:42.378""",0,0,-11864.0,13072.0,20360.0,-26887.0,-18762.0,1151.0, 
"=""16:17:42.480""",900,771,-7220.0,6960.0,-32768.0,-32768.0,-28946.0,16424.0, ,"=""16:17:42.480""",900,901,-2976.0,-7672.0,32767.0,32767.0,8269.0,-1154.0, ,"=""16:17:42.480""",0,0,6792.0,15800.0,32767.0,-14389.0,-6924.0,-3280.0, 
"=""16:17:42.582""",900,771,-7220.0,6960.0,-32768.0,-32768.0,-28946.0,16424.0, ,"=""16:17:42.582""",900,903,-332.0,-17252.0,27044.0,32767.0,14657.0,2440.0, ,"=""16:17:42.582""",0,0,6792.0,15800.0,32767.0,-14389.0,-6924.0,-3280.0, 
"=""16:17:42.684""",900,767,10644.0,10176.0,-32768.0,-32768.0,-32768.0,3358.0, ,"=""16:17:42.684""",900,903,-332.0,-17252.0,27044.0,32767.0,14657.0,2440.0, ,"=""16:17:42.684""",0,0,6792.0,15800.0,32767.0,-14389.0,-6924.0,-3280.0, 
"=""16:17:42.786""",900,767,10644.0,10176.0,-32768.0,-32768.0,-32768.0,3358.0, ,"=""16:17:42.786""",900,903,-332.0,-17252.0,27044.0,32767.0,14657.0,2440.0, ,"=""16:17:42.786""",0,0,6792.0,15800.0,32767.0,-14389.0,-6924.0,-3280.0, 
"=""16:17:42.888""",900,767,10644.0,10176.0,-32768.0,-32768.0,-32768.0,3358.0, ,"=""16:17:42.888""",900,903,-332.0,-17252.0,27044.0,32767.0,14657.0,2440.0, ,"=""16:17:42.888""",0,0,6792.0,15800.0,32767.0,-14389.0,-6924.0,-3280.0, 
"=""16:17:42.990""",900,767,10644.0,10176.0,-32768.0,-32768.0,-32768.0,3358.0, ,"=""16:17:42.990""",900,903,-332.0,-17252.0,27044.0,32767.0,14657.0,2440.0, ,"=""16:17:42.990""",0,0,6792.0,15800.0,32767.0,-14389.0,-6924.0,-3280.0, 
"=""16:17:43.092""",900,767,10644.0,10176.0,-32768.0,-32768.0,-32768.0,3358.0, ,"=""16:17:43.092""",900,903,-332.0,-17252.0,27044.0,32767.0,14657.0,2440.0, ,"=""16:17:43.092""",0,0,6792.0,15800.0,32767.0,-14389.0,-6924.0,-3280.0, 
"=""16:17:43.194""",900,767,10644.0,10176.0,-32768.0,-32768.0,-32768.0,3358.0, ,"=""16:17:43.194""",900,903,-332.0,-17252.0,27044.0,32767.0,14657.0,2440.0, ,"=""16:17:43.194""",0,0,6792.0,15800.0,32767.0,-14389.0,-6924.0,-3280.0, 
"=""16:17:43.296""",900,767,10644.0,10176.0,-32768.0,-32768.0,-32768.0,3358.0, ,"=""16:17:43.296""",900,903,-332.0,-17252.0,27044.0,32767.0,14657.0,2440.0, ,"=""16:17:43.296""",0,0,22468.0,12808.0,32767.0,-32768.0,8466.0,-4816.0, 
"=""16:17:43.398""",900,772,7060.0,-3832.0,15136.0,-32768.0,-20958.0,-10857.0, ,"=""16:17:43.398""",900,905,-3324.0,-21440.0,-12308.0,32767.0,28968.0,11125.0, ,"=""16:17:43.398""",0,0,22468.0,12808.0,32767.0,-32768.0,8466.0,-4816.0, 
"=""16:17:43.499""",900,772,7060.0,-3832.0,15136.0,-32768.0,-20958.0,-10857.0, ,"=""16:17:43.499""",900,905,-3324.0,-21440.0,-12308.0,32767.0,28968.0,11125.0, ,"=""16:17:43.499""",0,0,22468.0,12808.0,32767.0,-32768.0,8466.0,-4816.0, 
"=""16:17:43.601""",900,772,7060.0,-3832.0,15136.0,-32768.0,-20958.0,-10857.0, ,"=""16:17:43.601""",900,905,-3324.0,-21440.0,-12308.0,32767.0,28968.0,11125.0, ,"=""16:17:43.601""",0,0,22468.0,12808.0,32767.0,-32768.0,8466.0,-4816.0, 
"=""16:17:43.703""",900,772,7060.0,-3832.0,15136.0,-32768.0,-20958.0,-10857.0, ,"=""16:17:43.703""",900,905,-3324.0,-21440.0,-12308.0,32767.0,28968.0,11125.0, ,"=""16:17:43.703""",0,0,22468.0,12808.0,32767.0,-32768.0,8466.0,-4816.0, 
"=""16:17:43.805""",900,772,7060.0,-3832.0,15136.0,-32768.0,-20958.0,-10857.0, ,"=""16:17:43.805""",900,905,-3324.0,-21440.0,-12308.0,32767.0,28968.0,11125.0, ,"=""16:17:43.805""",0,0,22468.0,12808.0,32767.0,-32768.0,8466.0,-4816.0, 
"=""16:17:43.907""",900,772,7060.0,-3832.0,15136.0,-32768.0,-20958.0,-10857.0, ,"=""16:17:43.907""",900,905,-3324.0,-21440.0,-12308.0,32767.0,28968.0,11125.0, ,"=""16:17:43.907""",0,0,22468.0,12808.0,32767.0,-32768.0,8466.0,-4816.0, 
"=""16:17:44.009""",900,772,7060.0,-3832.0,15136.0,-32768.0,-20958.0,-10857.0, ,"=""16:17:44.009""",900,905,-3324.0,-21440.0,-12308.0,32767.0,28968.0,11125.0, ,"=""16:17:44.009""",0,0,22468.0,12808.0,32767.0,-32768.0,8466.0,-4816.0, 
"=""16:17:44.111""",900,772,7060.0,-3832.0,15136.0,-32768.0,-20958.0,-10857.0, ,"=""16:17:44.111""",900,905,-3324.0,-21440.0,-12308.0,32767.0,28968.0,11125.0, ,"=""16:17:44.111""",0,0,1904.0,-7536.0,32767.0,-32768.0,16542.0,-2163.0, 
"=""16:17:44.213""",900,777,8556.0,5236.0,32767.0,-3891.0,12269.0,-19118.0, ,"=""16:17:44.213""",900,898,-26324.0,-32768.0,31044.0,32767.0,18206.0,10803.0, ,"=""16:17:44.213""",0,0,1904.0,-7536.0,32767.0,-32768.0,16542.0,-2163.0, 
"=""16:17:44.315""",900,777,8556.0,5236.0,32767.0,-3891.0,12269.0,-19118.0, ,"=""16:17:44.315""",900,898,-26324.0,-32768.0,31044.0,32767.0,18206.0,10803.0, ,"=""16:17:44.315""",0,0,1904.0,-7536.0,32767.0,-32768.0,16542.0,-2163.0, 
"=""16:17:44.417""",900,777,8556.0,5236.0,32767.0,-3891.0,12269.0,-19118.0, ,"=""16:17:44.417""",900,898,-26324.0,-32768.0,31044.0,32767.0,18206.0,10803.0, ,"=""16:17:44.417""",0,0,1904.0,-7536.0,32767.0,-32768.0,16542.0,-2163.0, 
"=""16:17:44.520""",900,777,8556.0,5236.0,32767.0,-3891.0,12269.0,-19118.0, ,"=""16:17:44.520""",900,898,-26324.0,-32768.0,31044.0,32767.0,18206.0,10803.0, ,"=""16:17:44.520""",0,0,1904.0,-7536.0,32767.0,-32768.0,16542.0,-2163.0, 
"=""16:17:44.621""",900,777,8556.0,5236.0,32767.0,-3891.0,12269.0,-19118.0, ,"=""16:17:44.621""",900,898,-26324.0,-32768.0,31044.0,32767.0,18206.0,10803.0, ,"=""16:17:44.621""",0,0,1904.0,-7536.0,32767.0,-32768.0,16542.0,-2163.0, 
"=""16:17:44.723""",900,777,8556.0,5236.0,32767.0,-3891.0,12269.0,-19118.0, ,"=""16:17:44.723""",900,898,-26324.0,-32768.0,31044.0,32767.0,18206.0,10803.0, ,"=""16:17:44.723""",0,0,1904.0,-7536.0,32767.0,-32768.0,16542.0,-2163.0, 
"=""16:17:44.825""",900,777,8556.0,5236.0,32767.0,-3891.0,12269.0,-19118.0, ,"=""16:17:44.825""",900,898,-26324.0,-32768.0,31044.0,32767.0,18206.0,10803.0, ,"=""16:17:44.825""",0,0,1904.0,-7536.0,32767.0,-32768.0,16542.0,-2163.0, 
"=""16:17:44.927""",900,777,8556.0,5236.0,32767.0,-3891.0,12269.0,-19118.0, ,"=""16:17:44.927""",900,898,-26324.0,-32768.0,31044.0,32767.0,18206.0,10803.0, ,"=""16:17:44.927""",0,0,-592.0,-8792.0,8920.0,-32768.0,14189.0,6397.0, 
"=""16:17:45.028""",900,766,12856.0,19656.0,32767.0,32767.0,26451.0,-25884.0, ,"=""16:17:45.028""",900,894,-10264.0,-32768.0,10720.0,32767.0,4097.0,-10993.0, ,"=""16:17:45.028""",0,0,-592.0,-8792.0,8920.0,-32768.0,14189.0,6397.0, 
"=""16:17:45.130""",900,766,12856.0,19656.0,32767.0,32767.0,26451.0,-25884.0, ,"=""16:17:45.130""",900,894,-10264.0,-32768.0,10720.0,32767.0,4097.0,-10993.0, ,"=""16:17:45.130""",0,0,-592.0,-8792.0,8920.0,-32768.0,14189.0,6397.0, 
"=""16:17:45.232""",900,766,12856.0,19656.0,32767.0,32767.0,26451.0,-25884.0, ,"=""16:17:45.232""",900,894,-10264.0,-32768.0,10720.0,32767.0,4097.0,-10993.0, ,"=""16:17:45.232""",0,0,-592.0,-8792.0,8920.0,-32768.0,14189.0,6397.0, 
"=""16:17:45.334""",900,766,12856.0,19656.0,32767.0,32767.0,26451.0,-25884.0, ,"=""16:17:45.334""",900,894,-10264.0,-32768.0,10720.0,32767.0,4097.0,-10993.0, ,"=""16:17:45.334""",0,0,-592.0,-8792.0,8920.0,-32768.0,14189.0,6397.0, 
"=""16:17:45.436""",900,766,12856.0,19656.0,32767.0,32767.0,26451.0,-25884.0, ,"=""16:17:45.436""",900,894,-10264.0,-32768.0,10720.0,32767.0,4097.0,-10993.0, ,"=""16:17:45.436""",0,0,-592.0,-8792.0,8920.0,-32768.0,14189.0,6397.0, 
"=""16:17:45.538""",900,766,12856.0,19656.0,32767.0,32767.0,26451.0,-25884.0, ,"=""16:17:45.538""",900,894,-10264.0,-32768.0,10720.0,32767.0,4097.0,-10993.0, ,"=""16:17:45.538""",0,0,-592.0,-8792.0,8920.0,-32768.0,14189.0,6397.0, 
"=""16:17:45.640""",900,766,12856.0,19656.0,32767.0,32767.0,26451.0,-25884.0, ,"=""16:17:45.640""",900,894,-10264.0,-32768.0,10720.0,32767.0,4097.0,-10993.0, ,"=""16:17:45.640""",0,0,-592.0,-8792.0,8920.0,-32768.0,14189.0,6397.0, 
"=""16:17:45.742""",900,766,12856.0,19656.0,32767.0,32767.0,26451.0,-25884.0, ,"=""16:17:45.742""",900,902,-324.0,-32768.0,12268.0,26461.0,3940.0,-14816.0, ,"=""16:17:45.742""",0,0,-16888.0,-17376.0,11076.0,-18806.0,11763.0,9132.0, 
"=""16:17:45.844""",900,764,-1548.0,27484.0,17560.0,32767.0,22455.0,-17752.0, ,"=""16:17:45.844""",900,902,-324.0,-32768.0,12268.0,26461.0,3940.0,-14816.0, ,"=""16:17:45.844""",0,0,-16888.0,-17376.0,11076.0,-18806.0,11763.0,9132.0, 
"=""16:17:45.946""",900,764,-1548.0,27484.0,17560.0,32767.0,22455.0,-17752.0, ,"=""16:17:45.946""",900,902,-324.0,-32768.0,12268.0,26461.0,3940.0,-14816.0, ,"=""16:17:45.946""",0,0,-16888.0,-17376.0,11076.0,-18806.0,11763.0,9132.0, 
"=""16:17:46.047""",900,764,-1548.0,27484.0,17560.0,32767.0,22455.0,-17752.0, ,"=""16:17:46.048""",900,902,-324.0,-32768.0,12268.0,26461.0,3940.0,-14816.0, ,"=""16:17:46.048""",0,0,-16888.0,-17376.0,11076.0,-18806.0,11763.0,9132.0, 
"=""16:17:46.150""",900,764,-1548.0,27484.0,17560.0,32767.0,22455.0,-17752.0, ,"=""16:17:46.150""",900,902,-324.0,-32768.0,12268.0,26461.0,3940.0,-14816.0, ,"=""16:17:46.150""",0,0,-16888.0,-17376.0,11076.0,-18806.0,11763.0,9132.0, 
"=""16:17:46.251""",900,764,-1548.0,27484.0,17560.0,32767.0,22455.0,-17752.0, ,"=""16:17:46.252""",900,902,-324.0,-32768.0,12268.0,26461.0,3940.0,-14816.0, ,"=""16:17:46.252""",0,0,-16888.0,-17376.0,11076.0,-18806.0,11763.0,9132.0, 
"=""16:17:46.353""",900,764,-1548.0,27484.0,17560.0,32767.0,22455.0,-17752.0, ,"=""16:17:46.353""",900,902,-324.0,-32768.0,12268.0,26461.0,3940.0,-14816.0, ,"=""16:17:46.353""",0,0,-16888.0,-17376.0,11076.0,-18806.0,11763.0,9132.0, 
"=""16:17:46.454""",900,764,-1548.0,27484.0,17560.0,32767.0,22455.0,-17752.0, ,"=""16:17:46.455""",900,902,-324.0,-32768.0,12268.0,26461.0,3940.0,-14816.0, ,"=""16:17:46.455""",0,0,-15252.0,-9216.0,-32768.0,8468.0,-2350.0,7406.0, 
"=""16:17:46.556""",900,764,-1548.0,27484.0,17560.0,32767.0,22455.0,-17752.0, ,"=""16:17:46.557""",900,895,28500.0,2952.0,-32768.0,-32768.0,-9274.0,-27764.0, ,"=""16:17:46.557""",0,0,-15252.0,-9216.0,-32768.0,8468.0,-2350.0,7406.0, 
"=""16:17:46.658""",900,771,-27264.0,32767.0,-32768.0,32767.0,15445.0,-20580.0, ,"=""16:17:46.658""",900,895,28500.0,2952.0,-32768.0,-32768.0,-9274.0,-27764.0, ,"=""16:17:46.658""",0,0,-15252.0,-9216.0,-32768.0,8468.0,-2350.0,7406.0, 
"=""16:17:46.760""",900,771,-27264.0,32767.0,-32768.0,32767.0,15445.0,-20580.0, ,"=""16:17:46.760""",900,895,28500.0,2952.0,-32768.0,-32768.0,-9274.0,-27764.0, ,"=""16:17:46.760""",0,0,-15252.0,-9216.0,-32768.0,8468.0,-2350.0,7406.0, 
"=""16:17:46.862""",900,771,-27264.0,32767.0,-32768.0,32767.0,15445.0,-20580.0, ,"=""16:17:46.862""",900,895,28500.0,2952.0,-32768.0,-32768.0,-9274.0,-27764.0, ,"=""16:17:46.862""",0,0,-15252.0,-9216.0,-32768.0,8468.0,-2350.0,7406.0, 
"=""16:17:46.964""",900,771,-27264.0,32767.0,-32768.0,32767.0,15445.0,-20580.0, ,"=""16:17:46.964""",900,895,28500.0,2952.0,-32768.0,-32768.0,-9274.0,-27764.0, ,"=""16:17:46.964""",0,0,-15252.0,-9216.0,-32768.0,8468.0,-2350.0,7406.0, 
"=""16:17:47.066""",900,771,-27264.0,32767.0,-32768.0,32767.0,15445.0,-20580.0, ,"=""16:17:47.066""",900,895,28500.0,2952.0,-32768.0,-32768.0,-9274.0,-27764.0, ,"=""16:17:47.066""",0,0,-15252.0,-9216.0,-32768.0,8468.0,-2350.0,7406.0, 
"=""16:17:47.168""",900,771,-27264.0,32767.0,-32768.0,32767.0,15445.0,-20580.0, ,"=""16:17:47.168""",900,895,28500.0,2952.0,-32768.0,-32768.0,-9274.0,-27764.0, ,"=""16:17:47.168""",0,0,-15252.0,-9216.0,-32768.0,8468.0,-2350.0,7406.0, 
"=""16:17:47.270""",900,771,-27264.0,32767.0,-32768.0,32767.0,15445.0,-20580.0, ,"=""16:17:47.270""",900,895,28500.0,2952.0,-32768.0,-32768.0,-9274.0,-27764.0, ,"=""16:17:47.270""",0,0,-12284.0,-7144.0,5036.0,25429.0,-21779.0,5537.0, 
"=""16:17:47.371""",900,771,-27264.0,32767.0,-32768.0,32767.0,15445.0,-20580.0, ,"=""16:17:47.371""",900,895,3688.0,-22100.0,-32768.0,-32768.0,-9991.0,-10131.0, ,"=""16:17:47.372""",0,0,-12284.0,-7144.0,5036.0,25429.0,-21779.0,5537.0, 
"=""16:17:47.473""",900,780,-26456.0,10552.0,-32768.0,-32768.0,-7373.0,6539.0, ,"=""16:17:47.473""",900,895,3688.0,-22100.0,-32768.0,-32768.0,-9991.0,-10131.0, ,"=""16:17:47.473""",0,0,-12284.0,-7144.0,5036.0,25429.0,-21779.0,5537.0, 
"=""16:17:47.575""",900,780,-26456.0,10552.0,-32768.0,-32768.0,-7373.0,6539.0, ,"=""16:17:47.575""",900,895,3688.0,-22100.0,-32768.0,-32768.0,-9991.0,-10131.0, ,"=""16:17:47.575""",0,0,-12284.0,-7144.0,5036.0,25429.0,-21779.0,5537.0, 
"=""16:17:47.678""",900,780,-26456.0,10552.0,-32768.0,-32768.0,-7373.0,6539.0, ,"=""16:17:47.678""",900,895,3688.0,-22100.0,-32768.0,-32768.0,-9991.0,-10131.0, ,"=""16:17:47.678""",0,0,-12284.0,-7144.0,5036.0,25429.0,-21779.0,5537.0, 
"=""16:17:47.779""",900,780,-26456.0,10552.0,-32768.0,-32768.0,-7373.0,6539.0, ,"=""16:17:47.779""",900,895,3688.0,-22100.0,-32768.0,-32768.0,-9991.0,-10131.0, ,"=""16:17:47.779""",0,0,-12284.0,-7144.0,5036.0,25429.0,-21779.0,5537.0, 
"=""16:17:47.881""",900,780,-26456.0,10552.0,-32768.0,-32768.0,-7373.0,6539.0, ,"=""16:17:47.881""",900,895,3688.0,-22100.0,-32768.0,-32768.0,-9991.0,-10131.0, ,"=""16:17:47.881""",0,0,-12284.0,-7144.0,5036.0,25429.0,-21779.0,5537.0, 
"=""16:17:47.983""",900,780,-26456.0,10552.0,-32768.0,-32768.0,-7373.0,6539.0, ,"=""16:17:47.983""",900,895,3688.0,-22100.0,-32768.0,-32768.0,-9991.0,-10131.0, ,"=""16:17:47.983""",0,0,-12284.0,-7144.0,5036.0,25429.0,-21779.0,5537.0, 
"=""16:17:48.085""",900,780,-26456.0,10552.0,-32768.0,-32768.0,-7373.0,6539.0, ,"=""16:17:48.086""",900,895,3688.0,-22100.0,-32768.0,-32768.0,-9991.0,-10131.0, ,"=""16:17:48.086""",0,7,13044.0,18688.0,32767.0,25367.0,-8799.0,-5271.0, 
"=""16:17:48.188""",900,779,1972.0,-27600.0,-15164.0,-32768.0,-5451.0,-16658.0, ,"=""16:17:48.188""",900,898,8568.0,-32768.0,19920.0,-32768.0,13309.0,11948.0, ,"=""16:17:48.188""",0,7,13044.0,18688.0,32767.0,25367.0,-8799.0,-5271.0, 
"=""16:17:48.290""",900,779,1972.0,-27600.0,-15164.0,-32768.0,-5451.0,-16658.0, ,"=""16:17:48.290""",900,898,8568.0,-32768.0,19920.0,-32768.0,13309.0,11948.0, ,"=""16:17:48.290""",0,7,13044.0,18688.0,32767.0,25367.0,-8799.0,-5271.0, 
"=""16:17:48.392""",900,779,1972.0,-27600.0,-15164.0,-32768.0,-5451.0,-16658.0, ,"=""16:17:48.392""",900,898,8568.0,-32768.0,19920.0,-32768.0,13309.0,11948.0, ,"=""16:17:48.392""",0,7,13044.0,18688.0,32767.0,25367.0,-8799.0,-5271.0, 
"=""16:17:48.494""",900,779,1972.0,-27600.0,-15164.0,-32768.0,-5451.0,-16658.0, ,"=""16:17:48.494""",900,898,8568.0,-32768.0,19920.0,-32768.0,13309.0,11948.0, ,"=""16:17:48.494""",0,7,13044.0,18688.0,32767.0,25367.0,-8799.0,-5271.0, 
"=""16:17:48.596""",900,779,1972.0,-27600.0,-15164.0,-32768.0,-5451.0,-16658.0, ,"=""16:17:48.597""",900,898,8568.0,-32768.0,19920.0,-32768.0,13309.0,11948.0, ,"=""16:17:48.597""",0,7,13044.0,18688.0,32767.0,25367.0,-8799.0,-5271.0, 
"=""16:17:48.698""",900,779,1972.0,-27600.0,-15164.0,-32768.0,-5451.0,-16658.0, ,"=""16:17:48.698""",900,898,8568.0,-32768.0,19920.0,-32768.0,13309.0,11948.0, ,"=""16:17:48.698""",0,7,13044.0,18688.0,32767.0,25367.0,-8799.0,-5271.0, 
"=""16:17:48.800""",900,779,1972.0,-27600.0,-15164.0,-32768.0,-5451.0,-16658.0, ,"=""16:17:48.800""",900,898,8568.0,-32768.0,19920.0,-32768.0,13309.0,11948.0, ,"=""16:17:48.800""",0,7,13044.0,18688.0,32767.0,25367.0,-8799.0,-5271.0, 
"=""16:17:48.903""",900,779,1972.0,-27600.0,-15164.0,-32768.0,-5451.0,-16658.0, ,"=""16:17:48.903""",900,898,8568.0,-32768.0,19920.0,-32768.0,13309.0,11948.0, ,"=""16:17:48.903""",0,7,12612.0,6032.0,32767.0,16621.0,5584.0,-4530.0, 
"=""16:17:49.004""",900,769,2904.0,956.0,32767.0,32767.0,9271.0,-30980.0, ,"=""16:17:49.004""",900,902,-1796.0,32767.0,-32768.0,-32768.0,17854.0,12444.0, ,"=""16:17:49.004""",0,7,12612.0,6032.0,32767.0,16621.0,5584.0,-4530.0, 
"=""16:17:49.106""",900,769,2904.0,956.0,32767.0,32767.0,9271.0,-30980.0, ,"=""16:17:49.106""",900,902,-1796.0,32767.0,-32768.0,-32768.0,17854.0,12444.0, ,"=""16:17:49.106""",0,7,12612.0,6032.0,32767.0,16621.0,5584.0,-4530.0, 
"=""16:17:49.208""",900,769,2904.0,956.0,32767.0,32767.0,9271.0,-30980.0, ,"=""16:17:49.208""",900,902,-1796.0,32767.0,-32768.0,-32768.0,17854.0,12444.0, ,"=""16:17:49.208""",0,7,12612.0,6032.0,32767.0,16621.0,5584.0,-4530.0, 
"=""16:17:49.310""",900,769,2904.0,956.0,32767.0,32767.0,9271.0,-30980.0, ,"=""16:17:49.310""",900,902,-1796.0,32767.0,-32768.0,-32768.0,17854.0,12444.0, ,"=""16:17:49.310""",0,7,12612.0,6032.0,32767.0,16621.0,5584.0,-4530.0, 
"=""16:17:49.412""",900,769,2904.0,956.0,32767.0,32767.0,9271.0,-30980.0, ,"=""16:17:49.412""",900,902,-1796.0,32767.0,-32768.0,-32768.0,17854.0,12444.0, ,"=""16:17:49.412""",0,7,12612.0,6032.0,32767.0,16621.0,5584.0,-4530.0, 
"=""16:17:49.514""",900,769,2904.0,956.0,32767.0,32767.0,9271.0,-30980.0, ,"=""16:17:49.514""",900,902,-1796.0,32767.0,-32768.0,-32768.0,17854.0,12444.0, ,"=""16:17:49.514""",0,7,12612.0,6032.0,32767.0,16621.0,5584.0,-4530.0, 
"=""16:17:49.617""",900,769,2904.0,956.0,32767.0,32767.0,9271.0,-30980.0, ,"=""16:17:49.617""",900,902,-1796.0,32767.0,-32768.0,-32768.0,17854.0,12444.0, ,"=""16:17:49.617""",0,7,12612.0,6032.0,32767.0,16621.0,5584.0,-4530.0, 
"=""16:17:49.719""",900,769,2904.0,956.0,32767.0,32767.0,9271.0,-30980.0, ,"=""16:17:49.719""",900,902,-1796.0,32767.0,-32768.0,-32768.0,17854.0,12444.0, ,"=""16:17:49.719""",0,1,9560.0,-88.0,32767.0,3177.0,12262.0,4223.0, 
"=""16:17:49.821""",900,775,-25168.0,16568.0,32767.0,32767.0,32767.0,-31365.0, ,"=""16:17:49.821""",900,898,2608.0,-11992.0,-8608.0,-32768.0,852.0,-907.0, ,"=""16:17:49.821""",0,1,9560.0,-88.0,32767.0,3177.0,12262.0,4223.0, 
"=""16:17:49.922""",900,775,-25168.0,16568.0,32767.0,32767.0,32767.0,-31365.0, ,"=""16:17:49.922""",900,898,2608.0,-11992.0,-8608.0,-32768.0,852.0,-907.0, ,"=""16:17:49.922""",0,1,9560.0,-88.0,32767.0,3177.0,12262.0,4223.0, 
"=""16:17:50.024""",900,775,-25168.0,16568.0,32767.0,32767.0,32767.0,-31365.0, ,"=""16:17:50.024""",900,898,2608.0,-11992.0,-8608.0,-32768.0,852.0,-907.0, ,"=""16:17:50.024""",0,1,9560.0,-88.0,32767.0,3177.0,12262.0,4223.0, 
"=""16:17:50.126""",900,775,-25168.0,16568.0,32767.0,32767.0,32767.0,-31365.0, ,"=""16:17:50.126""",900,898,2608.0,-11992.0,-8608.0,-32768.0,852.0,-907.0, ,"=""16:17:50.126""",0,1,9560.0,-88.0,32767.0,3177.0,12262.0,4223.0, 
"=""16:17:50.228""",900,775,-25168.0,16568.0,32767.0,32767.0,32767.0,-31365.0, ,"=""16:17:50.228""",900,898,2608.0,-11992.0,-8608.0,-32768.0,852.0,-907.0, ,"=""16:17:50.228""",0,1,9560.0,-88.0,32767.0,3177.0,12262.0,4223.0, 
"=""16:17:50.330""",900,775,-25168.0,16568.0,32767.0,32767.0,32767.0,-31365.0, ,"=""16:17:50.330""",900,898,2608.0,-11992.0,-8608.0,-32768.0,852.0,-907.0, ,"=""16:17:50.330""",0,1,9560.0,-88.0,32767.0,3177.0,12262.0,4223.0, 
"=""16:17:50.432""",900,775,-25168.0,16568.0,32767.0,32767.0,32767.0,-31365.0, ,"=""16:17:50.432""",900,898,2608.0,-11992.0,-8608.0,-32768.0,852.0,-907.0, ,"=""16:17:50.432""",0,1,9560.0,-88.0,32767.0,3177.0,12262.0,4223.0, 
"=""16:17:50.533""",900,775,-25168.0,16568.0,32767.0,32767.0,32767.0,-31365.0, ,"=""16:17:50.533""",900,895,-4244.0,-20140.0,-1228.0,-32768.0,-26528.0,-4756.0, ,"=""16:17:50.534""",0,7,-17284.0,1796.0,-32768.0,21266.0,5893.0,4130.0, 
"=""16:17:50.636""",900,787,-32768.0,7484.0,-32480.0,32767.0,25201.0,-2383.0, ,"=""16:17:50.636""",900,895,-4244.0,-20140.0,-1228.0,-32768.0,-26528.0,-4756.0, ,"=""16:17:50.636""",0,7,-17284.0,1796.0,-32768.0,21266.0,5893.0,4130.0, 
"=""16:17:50.738""",900,787,-32768.0,7484.0,-32480.0,32767.0,25201.0,-2383.0, ,"=""16:17:50.738""",900,895,-4244.0,-20140.0,-1228.0,-32768.0,-26528.0,-4756.0, ,"=""16:17:50.738""",0,7,-17284.0,1796.0,-32768.0,21266.0,5893.0,4130.0, 
"=""16:17:50.840""",900,787,-32768.0,7484.0,-32480.0,32767.0,25201.0,-2383.0, ,"=""16:17:50.840""",900,895,-4244.0,-20140.0,-1228.0,-32768.0,-26528.0,-4756.0, ,"=""16:17:50.840""",0,7,-17284.0,1796.0,-32768.0,21266.0,5893.0,4130.0, 
"=""16:17:50.942""",900,787,-32768.0,7484.0,-32480.0,32767.0,25201.0,-2383.0, ,"=""16:17:50.942""",900,895,-4244.0,-20140.0,-1228.0,-32768.0,-26528.0,-4756.0, ,"=""16:17:50.942""",0,7,-17284.0,1796.0,-32768.0,21266.0,5893.0,4130.0, 
"=""16:17:51.044""",900,787,-32768.0,7484.0,-32480.0,32767.0,25201.0,-2383.0, ,"=""16:17:51.044""",900,895,-4244.0,-20140.0,-1228.0,-32768.0,-26528.0,-4756.0, ,"=""16:17:51.044""",0,7,-17284.0,1796.0,-32768.0,21266.0,5893.0,4130.0, 
"=""16:17:51.146""",900,787,-32768.0,7484.0,-32480.0,32767.0,25201.0,-2383.0, ,"=""16:17:51.146""",900,895,-4244.0,-20140.0,-1228.0,-32768.0,-26528.0,-4756.0, ,"=""16:17:51.146""",0,7,-17284.0,1796.0,-32768.0,21266.0,5893.0,4130.0, 
"=""16:17:51.248""",900,787,-32768.0,7484.0,-32480.0,32767.0,25201.0,-2383.0, ,"=""16:17:51.248""",900,895,-4244.0,-20140.0,-1228.0,-32768.0,-26528.0,-4756.0, ,"=""16:17:51.248""",0,7,-17284.0,1796.0,-32768.0,21266.0,5893.0,4130.0, 
"=""16:17:51.350""",900,787,-32768.0,7484.0,-32480.0,32767.0,25201.0,-2383.0, ,"=""16:17:51.350""",900,901,14804.0,6168.0,26272.0,-32768.0,-4748.0,5222.0, ,"=""16:17:51.350""",0,10,2260.0,18700.0,32767.0,32767.0,-22470.0,-2979.0, 
"=""16:17:51.452""",900,791,-2708.0,-32768.0,-32768.0,-32768.0,-19607.0,-7842.0, ,"=""16:17:51.453""",900,901,14804.0,6168.0,26272.0,-32768.0,-4748.0,5222.0, ,"=""16:17:51.453""",0,10,2260.0,18700.0,32767.0,32767.0,-22470.0,-2979.0, 
"=""16:17:51.554""",900,791,-2708.0,-32768.0,-32768.0,-32768.0,-19607.0,-7842.0, ,"=""16:17:51.555""",900,901,14804.0,6168.0,26272.0,-32768.0,-4748.0,5222.0, ,"=""16:17:51.555""",0,10,2260.0,18700.0,32767.0,32767.0,-22470.0,-2979.0, 
"=""16:17:51.657""",900,791,-2708.0,-32768.0,-32768.0,-32768.0,-19607.0,-7842.0, ,"=""16:17:51.657""",900,901,14804.0,6168.0,26272.0,-32768.0,-4748.0,5222.0, ,"=""16:17:51.657""",0,10,2260.0,18700.0,32767.0,32767.0,-22470.0,-2979.0, 
"=""16:17:51.759""",900,791,-2708.0,-32768.0,-32768.0,-32768.0,-19607.0,-7842.0, ,"=""16:17:51.759""",900,901,14804.0,6168.0,26272.0,-32768.0,-4748.0,5222.0, ,"=""16:17:51.759""",0,10,2260.0,18700.0,32767.0,32767.0,-22470.0,-2979.0, 
"=""16:17:51.860""",900,791,-2708.0,-32768.0,-32768.0,-32768.0,-19607.0,-7842.0, ,"=""16:17:51.860""",900,901,14804.0,6168.0,26272.0,-32768.0,-4748.0,5222.0, ,"=""16:17:51.860""",0,10,2260.0,18700.0,32767.0,32767.0,-22470.0,-2979.0, 
"=""16:17:51.962""",900,791,-2708.0,-32768.0,-32768.0,-32768.0,-19607.0,-7842.0, ,"=""16:17:51.962""",900,901,14804.0,6168.0,26272.0,-32768.0,-4748.0,5222.0, ,"=""16:17:51.962""",0,10,2260.0,18700.0,32767.0,32767.0,-22470.0,-2979.0, 
"=""16:17:52.064""",900,791,-2708.0,-32768.0,-32768.0,-32768.0,-19607.0,-7842.0, ,"=""16:17:52.064""",900,901,14804.0,6168.0,26272.0,-32768.0,-4748.0,5222.0, ,"=""16:17:52.064""",0,10,7268.0,-1940.0,32767.0,22908.0,13568.0,-566.0, 
"=""16:17:52.167""",900,791,-2708.0,-32768.0,-32768.0,-32768.0,-19607.0,-7842.0, ,"=""16:17:52.167""",900,897,7852.0,32767.0,-32768.0,-32768.0,-5093.0,6656.0, ,"=""16:17:52.167""",0,10,7268.0,-1940.0,32767.0,22908.0,13568.0,-566.0, 
"=""16:17:52.269""",900,788,-23912.0,-32768.0,32767.0,32767.0,30948.0,1167.0, ,"=""16:17:52.269""",900,897,7852.0,32767.0,-32768.0,-32768.0,-5093.0,6656.0, ,"=""16:17:52.269""",0,10,7268.0,-1940.0,32767.0,22908.0,13568.0,-566.0, 
"=""16:17:52.371""",900,788,-23912.0,-32768.0,32767.0,32767.0,30948.0,1167.0, ,"=""16:17:52.371""",900,897,7852.0,32767.0,-32768.0,-32768.0,-5093.0,6656.0, ,"=""16:17:52.371""",0,10,7268.0,-1940.0,32767.0,22908.0,13568.0,-566.0, 
"=""16:17:52.473""",900,788,-23912.0,-32768.0,32767.0,32767.0,30948.0,1167.0, ,"=""16:17:52.473""",900,897,7852.0,32767.0,-32768.0,-32768.0,-5093.0,6656.0, ,"=""16:17:52.473""",0,10,7268.0,-1940.0,32767.0,22908.0,13568.0,-566.0, 
"=""16:17:52.574""",900,788,-23912.0,-32768.0,32767.0,32767.0,30948.0,1167.0, ,"=""16:17:52.575""",900,897,7852.0,32767.0,-32768.0,-32768.0,-5093.0,6656.0, ,"=""16:17:52.575""",0,10,7268.0,-1940.0,32767.0,22908.0,13568.0,-566.0, 
"=""16:17:52.677""",900,788,-23912.0,-32768.0,32767.0,32767.0,30948.0,1167.0, ,"=""16:17:52.677""",900,897,7852.0,32767.0,-32768.0,-32768.0,-5093.0,6656.0, ,"=""16:17:52.677""",0,10,7268.0,-1940.0,32767.0,22908.0,13568.0,-566.0, 
"=""16:17:52.801""",900,788,-23912.0,-32768.0,32767.0,32767.0,30948.0,1167.0, ,"=""16:17:52.801""",900,897,7852.0,32767.0,-32768.0,-32768.0,-5093.0,6656.0, ,"=""16:17:52.801""",0,10,7268.0,-1940.0,32767.0,22908.0,13568.0,-566.0, 
"=""16:17:52.903""",900,788,-23912.0,-32768.0,32767.0,32767.0,30948.0,1167.0, ,"=""16:17:52.903""",900,897,7852.0,32767.0,-32768.0,-32768.0,-5093.0,6656.0, ,"=""16:17:52.903""",0,10,-7728.0,888.0,-32768.0,32767.0,-20444.0,3108.0, 
"=""16:17:53.004""",900,831,-3540.0,-32768.0,-32768.0,32767.0,-22752.0,-1516.0, ,"=""16:17:53.004""",900,907,320.0,-5600.0,-3240.0,-32768.0,-20285.0,-7168.0, ,"=""16:17:53.004""",0,10,-7728.0,888.0,-32768.0,32767.0,-20444.0,3108.0, 
"=""16:17:53.106""",900,831,-3540.0,-32768.0,-32768.0,32767.0,-22752.0,-1516.0, ,"=""16:17:53.106""",900,907,320.0,-5600.0,-3240.0,-32768.0,-20285.0,-7168.0, ,"=""16:17:53.106""",0,10,-7728.0,888.0,-32768.0,32767.0,-20444.0,3108.0, 
"=""16:17:53.208""",900,831,-3540.0,-32768.0,-32768.0,32767.0,-22752.0,-1516.0, ,"=""16:17:53.208""",900,907,320.0,-5600.0,-3240.0,-32768.0,-20285.0,-7168.0, ,"=""16:17:53.208""",0,10,-7728.0,888.0,-32768.0,32767.0,-20444.0,3108.0, 
"=""16:17:53.310""",900,831,-3540.0,-32768.0,-32768.0,32767.0,-22752.0,-1516.0, ,"=""16:17:53.310""",900,907,320.0,-5600.0,-3240.0,-32768.0,-20285.0,-7168.0, ,"=""16:17:53.310""",0,10,-7728.0,888.0,-32768.0,32767.0,-20444.0,3108.0, 
"=""16:17:53.412""",900,831,-3540.0,-32768.0,-32768.0,32767.0,-22752.0,-1516.0, ,"=""16:17:53.412""",900,907,320.0,-5600.0,-3240.0,-32768.0,-20285.0,-7168.0, ,"=""16:17:53.412""",0,10,-7728.0,888.0,-32768.0,32767.0,-20444.0,3108.0, 
"=""16:17:53.514""",900,831,-3540.0,-32768.0,-32768.0,32767.0,-22752.0,-1516.0, ,"=""16:17:53.514""",900,907,320.0,-5600.0,-3240.0,-32768.0,-20285.0,-7168.0, ,"=""16:17:53.514""",0,10,-7728.0,888.0,-32768.0,32767.0,-20444.0,3108.0, 
"=""16:17:53.616""",900,831,-3540.0,-32768.0,-32768.0,32767.0,-22752.0,-1516.0, ,"=""16:17:53.616""",900,907,320.0,-5600.0,-3240.0,-32768.0,-20285.0,-7168.0, ,"=""16:17:53.616""",0,10,-7728.0,888.0,-32768.0,32767.0,-20444.0,3108.0, 
"=""16:17:53.718""",900,831,-3540.0,-32768.0,-32768.0,32767.0,-22752.0,-1516.0, ,"=""16:17:53.718""",900,907,320.0,-5600.0,-3240.0,-32768.0,-20285.0,-7168.0, ,"=""16:17:53.718""",0,0,4092.0,-8392.0,32767.0,-4528.0,5306.0,5773.0, 
"=""16:17:53.819""",900,861,-32768.0,32767.0,26392.0,32767.0,22633.0,-21108.0, ,"=""16:17:53.820""",900,914,-8172.0,-32768.0,-23440.0,-32768.0,-2143.0,-5258.0, ,"=""16:17:53.820""",0,0,4092.0,-8392.0,32767.0,-4528.0,5306.0,5773.0, 
"=""16:17:53.922""",900,861,-32768.0,32767.0,26392.0,32767.0,22633.0,-21108.0, ,"=""16:17:53.922""",900,914,-8172.0,-32768.0,-23440.0,-32768.0,-2143.0,-5258.0, ,"=""16:17:53.922""",0,0,4092.0,-8392.0,32767.0,-4528.0,5306.0,5773.0, 
"=""16:17:54.024""",900,861,-32768.0,32767.0,26392.0,32767.0,22633.0,-21108.0, ,"=""16:17:54.024""",900,914,-8172.0,-32768.0,-23440.0,-32768.0,-2143.0,-5258.0, ,"=""16:17:54.024""",0,0,4092.0,-8392.0,32767.0,-4528.0,5306.0,5773.0, 
"=""16:17:54.126""",900,861,-32768.0,32767.0,26392.0,32767.0,22633.0,-21108.0, ,"=""16:17:54.126""",900,914,-8172.0,-32768.0,-23440.0,-32768.0,-2143.0,-5258.0, ,"=""16:17:54.126""",0,0,4092.0,-8392.0,32767.0,-4528.0,5306.0,5773.0, 
"=""16:17:54.228""",900,861,-32768.0,32767.0,26392.0,32767.0,22633.0,-21108.0, ,"=""16:17:54.228""",900,914,-8172.0,-32768.0,-23440.0,-32768.0,-2143.0,-5258.0, ,"=""16:17:54.228""",0,0,4092.0,-8392.0,32767.0,-4528.0,5306.0,5773.0, 
"=""16:17:54.330""",900,861,-32768.0,32767.0,26392.0,32767.0,22633.0,-21108.0, ,"=""16:17:54.330""",900,914,-8172.0,-32768.0,-23440.0,-32768.0,-2143.0,-5258.0, ,"=""16:17:54.330""",0,0,4092.0,-8392.0,32767.0,-4528.0,5306.0,5773.0, 
"=""16:17:54.431""",900,861,-32768.0,32767.0,26392.0,32767.0,22633.0,-21108.0, ,"=""16:17:54.431""",900,914,-8172.0,-32768.0,-23440.0,-32768.0,-2143.0,-5258.0, ,"=""16:17:54.431""",0,0,4092.0,-8392.0,32767.0,-4528.0,5306.0,5773.0, 
"=""16:17:54.532""",900,861,-32768.0,32767.0,26392.0,32767.0,22633.0,-21108.0, ,"=""16:17:54.532""",900,914,-8172.0,-32768.0,-23440.0,-32768.0,-2143.0,-5258.0, ,"=""16:17:54.532""",0,0,-10908.0,-5052.0,32767.0,-16672.0,-4248.0,10550.0, 
"=""16:17:54.634""",900,889,-30192.0,30536.0,-32768.0,-32768.0,-664.0,-9132.0, ,"=""16:17:54.634""",900,911,-21212.0,-32768.0,-6952.0,-32768.0,136.0,-1052.0, ,"=""16:17:54.634""",0,0,-10908.0,-5052.0,32767.0,-16672.0,-4248.0,10550.0, 
"=""16:17:54.736""",900,889,-30192.0,30536.0,-32768.0,-32768.0,-664.0,-9132.0, ,"=""16:17:54.736""",900,911,-21212.0,-32768.0,-6952.0,-32768.0,136.0,-1052.0, ,"=""16:17:54.736""",0,0,-10908.0,-5052.0,32767.0,-16672.0,-4248.0,10550.0, 
"=""16:17:54.838""",900,889,-30192.0,30536.0,-32768.0,-32768.0,-664.0,-9132.0, ,"=""16:17:54.838""",900,911,-21212.0,-32768.0,-6952.0,-32768.0,136.0,-1052.0, ,"=""16:17:54.838""",0,0,-10908.0,-5052.0,32767.0,-16672.0,-4248.0,10550.0, 
"=""16:17:54.939""",900,889,-30192.0,30536.0,-32768.0,-32768.0,-664.0,-9132.0, ,"=""16:17:54.940""",900,911,-21212.0,-32768.0,-6952.0,-32768.0,136.0,-1052.0, ,"=""16:17:54.940""",0,0,-10908.0,-5052.0,32767.0,-16672.0,-4248.0,10550.0, 
"=""16:17:55.041""",900,889,-30192.0,30536.0,-32768.0,-32768.0,-664.0,-9132.0, ,"=""16:17:55.041""",900,911,-21212.0,-32768.0,-6952.0,-32768.0,136.0,-1052.0, ,"=""16:17:55.041""",0,0,-10908.0,-5052.0,32767.0,-16672.0,-4248.0,10550.0, 
"=""16:17:55.143""",900,889,-30192.0,30536.0,-32768.0,-32768.0,-664.0,-9132.0, ,"=""16:17:55.143""",900,911,-21212.0,-32768.0,-6952.0,-32768.0,136.0,-1052.0, ,"=""16:17:55.143""",0,0,-10908.0,-5052.0,32767.0,-16672.0,-4248.0,10550.0, 
"=""16:17:55.245""",900,889,-30192.0,30536.0,-32768.0,-32768.0,-664.0,-9132.0, ,"=""16:17:55.246""",900,911,-21212.0,-32768.0,-6952.0,-32768.0,136.0,-1052.0, ,"=""16:17:55.246""",0,0,-10908.0,-5052.0,32767.0,-16672.0,-4248.0,10550.0, 
"=""16:17:55.347""",900,889,-30192.0,30536.0,-32768.0,-32768.0,-664.0,-9132.0, ,"=""16:17:55.347""",900,901,-7364.0,-2288.0,-32768.0,-32768.0,1376.0,-3423.0, ,"=""16:17:55.347""",0,0,-5980.0,3600.0,22732.0,-3542.0,12801.0,40.0, 
"=""16:17:55.449""",900,860,-11256.0,-2564.0,-32768.0,-32768.0,22045.0,-11008.0, ,"=""16:17:55.449""",900,901,-7364.0,-2288.0,-32768.0,-32768.0,1376.0,-3423.0, ,"=""16:17:55.449""",0,0,-5980.0,3600.0,22732.0,-3542.0,12801.0,40.0, 
"=""16:17:55.550""",900,860,-11256.0,-2564.0,-32768.0,-32768.0,22045.0,-11008.0, ,"=""16:17:55.550""",900,901,-7364.0,-2288.0,-32768.0,-32768.0,1376.0,-3423.0, ,"=""16:17:55.550""",0,0,-5980.0,3600.0,22732.0,-3542.0,12801.0,40.0, 
"=""16:17:55.652""",900,860,-11256.0,-2564.0,-32768.0,-32768.0,22045.0,-11008.0, ,"=""16:17:55.652""",900,901,-7364.0,-2288.0,-32768.0,-32768.0,1376.0,-3423.0, ,"=""16:17:55.652""",0,0,-5980.0,3600.0,22732.0,-3542.0,12801.0,40.0, 
"=""16:17:55.754""",900,860,-11256.0,-2564.0,-32768.0,-32768.0,22045.0,-11008.0, ,"=""16:17:55.754""",900,901,-7364.0,-2288.0,-32768.0,-32768.0,1376.0,-3423.0, ,"=""16:17:55.754""",0,0,-5980.0,3600.0,22732.0,-3542.0,12801.0,40.0, 
"=""16:17:55.856""",900,860,-11256.0,-2564.0,-32768.0,-32768.0,22045.0,-11008.0, ,"=""16:17:55.856""",900,901,-7364.0,-2288.0,-32768.0,-32768.0,1376.0,-3423.0, ,"=""16:17:55.856""",0,0,-5980.0,3600.0,22732.0,-3542.0,12801.0,40.0, 
"=""16:17:55.958""",900,860,-11256.0,-2564.0,-32768.0,-32768.0,22045.0,-11008.0, ,"=""16:17:55.958""",900,901,-7364.0,-2288.0,-32768.0,-32768.0,1376.0,-3423.0, ,"=""16:17:55.958""",0,0,-5980.0,3600.0,22732.0,-3542.0,12801.0,40.0, 
"=""16:17:56.059""",900,860,-11256.0,-2564.0,-32768.0,-32768.0,22045.0,-11008.0, ,"=""16:17:56.059""",900,901,-7364.0,-2288.0,-32768.0,-32768.0,1376.0,-3423.0, ,"=""16:17:56.059""",0,0,5160.0,-1576.0,26048.0,20029.0,-17342.0,842.0, 
"=""16:17:56.161""",900,860,-11256.0,-2564.0,-32768.0,-32768.0,22045.0,-11008.0, ,"=""16:17:56.161""",900,895,-4332.0,60.0,-30276.0,-32768.0,5119.0,-5431.0, ,"=""16:17:56.161""",0,0,5160.0,-1576.0,26048.0,20029.0,-17342.0,842.0, 
"=""16:17:56.263""",900,809,-8808.0,556.0,-30984.0,26725.0,-31502.0,-10011.0, ,"=""16:17:56.263""",900,895,-4332.0,60.0,-30276.0,-32768.0,5119.0,-5431.0, ,"=""16:17:56.264""",0,0,5160.0,-1576.0,26048.0,20029.0,-17342.0,842.0, 
"=""16:17:56.365""",900,809,-8808.0,556.0,-30984.0,26725.0,-31502.0,-10011.0, ,"=""16:17:56.365""",900,895,-4332.0,60.0,-30276.0,-32768.0,5119.0,-5431.0, ,"=""16:17:56.365""",0,0,5160.0,-1576.0,26048.0,20029.0,-17342.0,842.0, 
"=""16:17:56.467""",900,809,-8808.0,556.0,-30984.0,26725.0,-31502.0,-10011.0, ,"=""16:17:56.467""",900,895,-4332.0,60.0,-30276.0,-32768.0,5119.0,-5431.0, ,"=""16:17:56.467""",0,0,5160.0,-1576.0,26048.0,20029.0,-17342.0,842.0, 
"=""16:17:56.569""",900,809,-8808.0,556.0,-30984.0,26725.0,-31502.0,-10011.0, ,"=""16:17:56.569""",900,895,-4332.0,60.0,-30276.0,-32768.0,5119.0,-5431.0, ,"=""16:17:56.569""",0,0,5160.0,-1576.0,26048.0,20029.0,-17342.0,842.0, 
"=""16:17:56.672""",900,809,-8808.0,556.0,-30984.0,26725.0,-31502.0,-10011.0, ,"=""16:17:56.672""",900,895,-4332.0,60.0,-30276.0,-32768.0,5119.0,-5431.0, ,"=""16:17:56.672""",0,0,5160.0,-1576.0,26048.0,20029.0,-17342.0,842.0, 
"=""16:17:56.774""",900,809,-8808.0,556.0,-30984.0,26725.0,-31502.0,-10011.0, ,"=""16:17:56.774""",900,895,-4332.0,60.0,-30276.0,-32768.0,5119.0,-5431.0, ,"=""16:17:56.774""",0,0,5160.0,-1576.0,26048.0,20029.0,-17342.0,842.0, 
"=""16:17:56.876""",900,809,-8808.0,556.0,-30984.0,26725.0,-31502.0,-10011.0, ,"=""16:17:56.876""",900,895,-4332.0,60.0,-30276.0,-32768.0,5119.0,-5431.0, ,"=""16:17:56.876""",0,0,4484.0,13900.0,29636.0,-30906.0,9752.0,6769.0, 
"=""16:17:56.977""",900,809,-8808.0,556.0,-30984.0,26725.0,-31502.0,-10011.0, ,"=""16:17:56.977""",900,901,-24424.0,-32768.0,-28856.0,-32768.0,3233.0,-2613.0, ,"=""16:17:56.977""",0,0,4484.0,13900.0,29636.0,-30906.0,9752.0,6769.0, 
"=""16:17:57.079""",900,842,-16804.0,32767.0,32767.0,32767.0,32233.0,-23658.0, ,"=""16:17:57.079""",900,901,-24424.0,-32768.0,-28856.0,-32768.0,3233.0,-2613.0, ,"=""16:17:57.079""",0,0,4484.0,13900.0,29636.0,-30906.0,9752.0,6769.0, 
"=""16:17:57.182""",900,842,-16804.0,32767.0,32767.0,32767.0,32233.0,-23658.0, ,"=""16:17:57.182""",900,901,-24424.0,-32768.0,-28856.0,-32768.0,3233.0,-2613.0, ,"=""16:17:57.182""",0,0,4484.0,13900.0,29636.0,-30906.0,9752.0,6769.0, 
"=""16:17:57.283""",900,842,-16804.0,32767.0,32767.0,32767.0,32233.0,-23658.0, ,"=""16:17:57.284""",900,901,-24424.0,-32768.0,-28856.0,-32768.0,3233.0,-2613.0, ,"=""16:17:57.284""",0,0,4484.0,13900.0,29636.0,-30906.0,9752.0,6769.0, 
"=""16:17:57.385""",900,842,-16804.0,32767.0,32767.0,32767.0,32233.0,-23658.0, ,"=""16:17:57.385""",900,901,-24424.0,-32768.0,-28856.0,-32768.0,3233.0,-2613.0, ,"=""16:17:57.385""",0,0,4484.0,13900.0,29636.0,-30906.0,9752.0,6769.0, 
"=""16:17:57.487""",900,842,-16804.0,32767.0,32767.0,32767.0,32233.0,-23658.0, ,"=""16:17:57.487""",900,901,-24424.0,-32768.0,-28856.0,-32768.0,3233.0,-2613.0, ,"=""16:17:57.487""",0,0,4484.0,13900.0,29636.0,-30906.0,9752.0,6769.0, 
"=""16:17:57.589""",900,842,-16804.0,32767.0,32767.0,32767.0,32233.0,-23658.0, ,"=""16:17:57.589""",900,901,-24424.0,-32768.0,-28856.0,-32768.0,3233.0,-2613.0, ,"=""16:17:57.589""",0,0,4484.0,13900.0,29636.0,-30906.0,9752.0,6769.0, 
"=""16:17:57.691""",900,842,-16804.0,32767.0,32767.0,32767.0,32233.0,-23658.0, ,"=""16:17:57.692""",900,901,-24424.0,-32768.0,-28856.0,-32768.0,3233.0,-2613.0, ,"=""16:17:57.692""",0,6,5928.0,2692.0,32767.0,850.0,-8368.0,9652.0, 
"=""16:17:57.793""",900,893,-32768.0,32767.0,-26560.0,-32768.0,5342.0,-6243.0, ,"=""16:17:57.793""",900,905,6236.0,-1856.0,-21688.0,-32768.0,572.0,-12778.0, ,"=""16:17:57.793""",0,6,5928.0,2692.0,32767.0,850.0,-8368.0,9652.0, 
"=""16:17:57.895""",900,893,-32768.0,32767.0,-26560.0,-32768.0,5342.0,-6243.0, ,"=""16:17:57.895""",900,905,6236.0,-1856.0,-21688.0,-32768.0,572.0,-12778.0, ,"=""16:17:57.895""",0,6,5928.0,2692.0,32767.0,850.0,-8368.0,9652.0, 
"=""16:17:57.997""",900,893,-32768.0,32767.0,-26560.0,-32768.0,5342.0,-6243.0, ,"=""16:17:57.997""",900,905,6236.0,-1856.0,-21688.0,-32768.0,572.0,-12778.0, ,"=""16:17:57.997""",0,6,5928.0,2692.0,32767.0,850.0,-8368.0,9652.0, 
"=""16:17:58.098""",900,893,-32768.0,32767.0,-26560.0,-32768.0,5342.0,-6243.0, ,"=""16:17:58.098""",900,905,6236.0,-1856.0,-21688.0,-32768.0,572.0,-12778.0, ,"=""16:17:58.098""",0,6,5928.0,2692.0,32767.0,850.0,-8368.0,9652.0, 
"=""16:17:58.200""",900,893,-32768.0,32767.0,-26560.0,-32768.0,5342.0,-6243.0, ,"=""16:17:58.201""",900,905,6236.0,-1856.0,-21688.0,-32768.0,572.0,-12778.0, ,"=""16:17:58.201""",0,6,5928.0,2692.0,32767.0,850.0,-8368.0,9652.0, 
"=""16:17:58.302""",900,893,-32768.0,32767.0,-26560.0,-32768.0,5342.0,-6243.0, ,"=""16:17:58.302""",900,905,6236.0,-1856.0,-21688.0,-32768.0,572.0,-12778.0, ,"=""16:17:58.302""",0,6,5928.0,2692.0,32767.0,850.0,-8368.0,9652.0, 
"=""16:17:58.404""",900,893,-32768.0,32767.0,-26560.0,-32768.0,5342.0,-6243.0, ,"=""16:17:58.404""",900,905,6236.0,-1856.0,-21688.0,-32768.0,572.0,-12778.0, ,"=""16:17:58.404""",0,6,5928.0,2692.0,32767.0,850.0,-8368.0,9652.0, 
"=""16:17:58.506""",900,893,-32768.0,32767.0,-26560.0,-32768.0,5342.0,-6243.0, ,"=""16:17:58.506""",900,905,6236.0,-1856.0,-21688.0,-32768.0,572.0,-12778.0, ,"=""16:17:58.506""",0,1,2328.0,15032.0,32767.0,6755.0,11805.0,-2230.0, 
"=""16:17:58.608""",900,840,2772.0,32767.0,27732.0,-16033.0,32767.0,-4412.0, ,"=""16:17:58.608""",900,898,2716.0,-18152.0,-17444.0,-32768.0,-5914.0,-2762.0, ,"=""16:17:58.608""",0,1,2328.0,15032.0,32767.0,6755.0,11805.0,-2230.0, 
"=""16:17:58.710""",900,840,2772.0,32767.0,27732.0,-16033.0,32767.0,-4412.0, ,"=""16:17:58.710""",900,898,2716.0,-18152.0,-17444.0,-32768.0,-5914.0,-2762.0, ,"=""16:17:58.710""",0,1,2328.0,15032.0,32767.0,6755.0,11805.0,-2230.0, 
"=""16:17:58.812""",900,840,2772.0,32767.0,27732.0,-16033.0,32767.0,-4412.0, ,"=""16:17:58.813""",900,898,2716.0,-18152.0,-17444.0,-32768.0,-5914.0,-2762.0, ,"=""16:17:58.813""",0,1,2328.0,15032.0,32767.0,6755.0,11805.0,-2230.0, 
"=""16:17:58.914""",900,840,2772.0,32767.0,27732.0,-16033.0,32767.0,-4412.0, ,"=""16:17:58.914""",900,898,2716.0,-18152.0,-17444.0,-32768.0,-5914.0,-2762.0, ,"=""16:17:58.914""",0,1,2328.0,15032.0,32767.0,6755.0,11805.0,-2230.0, 
"=""16:17:59.016""",900,840,2772.0,32767.0,27732.0,-16033.0,32767.0,-4412.0, ,"=""16:17:59.016""",900,898,2716.0,-18152.0,-17444.0,-32768.0,-5914.0,-2762.0, ,"=""16:17:59.016""",0,1,2328.0,15032.0,32767.0,6755.0,11805.0,-2230.0, 
"=""16:17:59.119""",900,840,2772.0,32767.0,27732.0,-16033.0,32767.0,-4412.0, ,"=""16:17:59.119""",900,898,2716.0,-18152.0,-17444.0,-32768.0,-5914.0,-2762.0, ,"=""16:17:59.119""",0,1,2328.0,15032.0,32767.0,6755.0,11805.0,-2230.0, 
"=""16:17:59.220""",900,840,2772.0,32767.0,27732.0,-16033.0,32767.0,-4412.0, ,"=""16:17:59.220""",900,898,2716.0,-18152.0,-17444.0,-32768.0,-5914.0,-2762.0, ,"=""16:17:59.220""",0,1,2328.0,15032.0,32767.0,6755.0,11805.0,-2230.0, 
"=""16:17:59.322""",900,840,2772.0,32767.0,27732.0,-16033.0,32767.0,-4412.0, ,"=""16:17:59.322""",900,898,2716.0,-18152.0,-17444.0,-32768.0,-5914.0,-2762.0, ,"=""16:17:59.322""",0,0,-13408.0,-324.0,-25556.0,32767.0,-9992.0,630.0, 
"=""16:17:59.424""",0,809,-32768.0,10216.0,-32768.0,-32768.0,-12084.0,4750.0, ,"=""16:17:59.424""",0,894,7660.0,-31296.0,19248.0,-32768.0,-15564.0,-5725.0, ,"=""16:17:59.424""",0,0,-13408.0,-324.0,-25556.0,32767.0,-9992.0,630.0, 
"=""16:17:59.525""",0,809,-32768.0,10216.0,-32768.0,-32768.0,-12084.0,4750.0, ,"=""16:17:59.525""",0,894,7660.0,-31296.0,19248.0,-32768.0,-15564.0,-5725.0, ,"=""16:17:59.525""",0,0,-13408.0,-324.0,-25556.0,32767.0,-9992.0,630.0, 
"=""16:17:59.628""",0,809,-32768.0,10216.0,-32768.0,-32768.0,-12084.0,4750.0, ,"=""16:17:59.628""",0,894,7660.0,-31296.0,19248.0,-32768.0,-15564.0,-5725.0, ,"=""16:17:59.628""",0,0,-13408.0,-324.0,-25556.0,32767.0,-9992.0,630.0, 
"=""16:17:59.730""",0,809,-32768.0,10216.0,-32768.0,-32768.0,-12084.0,4750.0, ,"=""16:17:59.730""",0,894,7660.0,-31296.0,19248.0,-32768.0,-15564.0,-5725.0, ,"=""16:17:59.730""",0,0,-13408.0,-324.0,-25556.0,32767.0,-9992.0,630.0, 
"=""16:17:59.832""",0,809,-32768.0,10216.0,-32768.0,-32768.0,-12084.0,4750.0, ,"=""16:17:59.832""",0,894,7660.0,-31296.0,19248.0,-32768.0,-15564.0,-5725.0, ,"=""16:17:59.832""",0,0,-13408.0,-324.0,-25556.0,32767.0,-9992.0,630.0, 
"=""16:17:59.934""",0,809,-32768.0,10216.0,-32768.0,-32768.0,-12084.0,4750.0, ,"=""16:17:59.934""",0,894,7660.0,-31296.0,19248.0,-32768.0,-15564.0,-5725.0, ,"=""16:17:59.934""",0,0,-13408.0,-324.0,-25556.0,32767.0,-9992.0,630.0, 
"=""16:18:00.035""",0,809,-32768.0,10216.0,-32768.0,-32768.0,-12084.0,4750.0, ,"=""16:18:00.035""",0,894,7660.0,-31296.0,19248.0,-32768.0,-15564.0,-5725.0, ,"=""16:18:00.035""",0,0,-13408.0,-324.0,-25556.0,32767.0,-9992.0,630.0, 
"=""16:18:00.137""",0,809,-32768.0,10216.0,-32768.0,-32768.0,-12084.0,4750.0, ,"=""16:18:00.137""",0,5,-1912.0,-14244.0,17988.0,-1685.0,6344.0,-703.0, ,"=""16:18:00.137""",0,3,-1796.0,5396.0,32767.0,-11024.0,3671.0,-2001.0, 
"=""16:18:00.239""",0,-3,-5356.0,10604.0,-3336.0,-5137.0,1838.0,2025.0, ,"=""16:18:00.239""",0,5,-1912.0,-14244.0,17988.0,-1685.0,6344.0,-703.0, ,"=""16:18:00.239""",0,3,-1796.0,5396.0,32767.0,-11024.0,3671.0,-2001.0, 
"=""16:18:00.341""",0,-3,-5356.0,10604.0,-3336.0,-5137.0,1838.0,2025.0, ,"=""16:18:00.341""",0,5,-1912.0,-14244.0,17988.0,-1685.0,6344.0,-703.0, ,"=""16:18:00.341""",0,3,-1796.0,5396.0,32767.0,-11024.0,3671.0,-2001.0, 
"=""16:18:00.443""",0,-3,-5356.0,10604.0,-3336.0,-5137.0,1838.0,2025.0, ,"=""16:18:00.443""",0,5,-1912.0,-14244.0,17988.0,-1685.0,6344.0,-703.0, ,"=""16:18:00.443""",0,3,-1796.0,5396.0,32767.0,-11024.0,3671.0,-2001.0, 
"=""16:18:00.544""",0,-3,-5356.0,10604.0,-3336.0,-5137.0,1838.0,2025.0, ,"=""16:18:00.544""",0,5,-1912.0,-14244.0,17988.0,-1685.0,6344.0,-703.0, ,"=""16:18:00.544""",0,3,-1796.0,5396.0,32767.0,-11024.0,3671.0,-2001.0, 
"=""16:18:00.646""",0,-3,-5356.0,10604.0,-3336.0,-5137.0,1838.0,2025.0, ,"=""16:18:00.646""",0,5,-1912.0,-14244.0,17988.0,-1685.0,6344.0,-703.0, ,"=""16:18:00.647""",0,3,-1796.0,5396.0,32767.0,-11024.0,3671.0,-2001.0, 
"=""16:18:00.747""",0,-3,-5356.0,10604.0,-3336.0,-5137.0,1838.0,2025.0, ,"=""16:18:00.747""",0,5,-1912.0,-14244.0,17988.0,-1685.0,6344.0,-703.0, ,"=""16:18:00.747""",0,3,-1796.0,5396.0,32767.0,-11024.0,3671.0,-2001.0, 
"=""16:18:00.849""",0,-3,-5356.0,10604.0,-3336.0,-5137.0,1838.0,2025.0, ,"=""16:18:00.849""",0,5,-1912.0,-14244.0,17988.0,-1685.0,6344.0,-703.0, ,"=""16:18:00.850""",0,3,-1796.0,5396.0,32767.0,-11024.0,3671.0,-2001.0, 
"=""16:18:00.952""",0,-3,-5356.0,10604.0,-3336.0,-5137.0,1838.0,2025.0, ,"=""16:18:00.952""",0,0,-2140.0,-19388.0,25768.0,-313.0,-267.0,578.0, ,"=""16:18:00.952""",0,0,-2848.0,-4616.0,21116.0,-1417.0,-4955.0,742.0, 
"=""16:18:01.054""",0,0,-5736.0,4156.0,-11044.0,-1476.0,1252.0,-345.0, ,"=""16:18:01.054""",0,0,-2140.0,-19388.0,25768.0,-313.0,-267.0,578.0, ,"=""16:18:01.054""",0,0,-2848.0,-4616.0,21116.0,-1417.0,-4955.0,742.0, 
"=""16:18:01.156""",0,0,-5736.0,4156.0,-11044.0,-1476.0,1252.0,-345.0, ,"=""16:18:01.156""",0,0,-2140.0,-19388.0,25768.0,-313.0,-267.0,578.0, ,"=""16:18:01.156""",0,0,-2848.0,-4616.0,21116.0,-1417.0,-4955.0,742.0, 
"=""16:18:01.259""",0,0,-5736.0,4156.0,-11044.0,-1476.0,1252.0,-345.0, ,"=""16:18:01.259""",0,0,-2140.0,-19388.0,25768.0,-313.0,-267.0,578.0, ,"=""16:18:01.259""",0,0,-2848.0,-4616.0,21116.0,-1417.0,-4955.0,742.0, 
"=""16:18:01.361""",0,0,-5736.0,4156.0,-11044.0,-1476.0,1252.0,-345.0, ,"=""16:18:01.361""",0,0,-2140.0,-19388.0,25768.0,-313.0,-267.0,578.0, ,"=""16:18:01.361""",0,0,-2848.0,-4616.0,21116.0,-1417.0,-4955.0,742.0, 
"=""16:18:01.463""",0,0,-5736.0,4156.0,-11044.0,-1476.0,1252.0,-345.0, ,"=""16:18:01.463""",0,0,-2140.0,-19388.0,25768.0,-313.0,-267.0,578.0, ,"=""16:18:01.463""",0,0,-2848.0,-4616.0,21116.0,-1417.0,-4955.0,742.0, 
"=""16:18:01.565""",0,0,-5736.0,4156.0,-11044.0,-1476.0,1252.0,-345.0, ,"=""16:18:01.565""",0,0,-2140.0,-19388.0,25768.0,-313.0,-267.0,578.0, ,"=""16:18:01.565""",0,0,-2848.0,-4616.0,21116.0,-1417.0,-4955.0,742.0, 
"=""16:18:01.666""",0,0,-5736.0,4156.0,-11044.0,-1476.0,1252.0,-345.0, ,"=""16:18:01.666""",0,0,-2140.0,-19388.0,25768.0,-313.0,-267.0,578.0, ,"=""16:18:01.666""",0,0,-3360.0,-3744.0,18224.0,63.0,-1638.0,2188.0, 
"=""16:18:01.768""",0,0,-5736.0,4156.0,-11044.0,-1476.0,1252.0,-345.0, ,"=""16:18:01.768""",0,0,-2140.0,-19388.0,25768.0,-313.0,-267.0,578.0, ,"=""16:18:01.768""",0,0,-3360.0,-3744.0,18224.0,63.0,-1638.0,2188.0, 
"=""16:18:01.870""",0,0,-5364.0,4936.0,-7812.0,293.0,-427.0,7.0, ,"=""16:18:01.870""",0,0,-724.0,-16092.0,20264.0,3437.0,-3489.0,411.0, ,"=""16:18:01.870""",0,0,-3360.0,-3744.0,18224.0,63.0,-1638.0,2188.0, 
"=""16:18:01.972""",0,0,-5364.0,4936.0,-7812.0,293.0,-427.0,7.0, ,"=""16:18:01.972""",0,0,-724.0,-16092.0,20264.0,3437.0,-3489.0,411.0, ,"=""16:18:01.972""",0,0,-3360.0,-3744.0,18224.0,63.0,-1638.0,2188.0, 
"=""16:18:02.073""",0,0,-5364.0,4936.0,-7812.0,293.0,-427.0,7.0, ,"=""16:18:02.073""",0,0,-724.0,-16092.0,20264.0,3437.0,-3489.0,411.0, ,"=""16:18:02.073""",0,0,-3360.0,-3744.0,18224.0,63.0,-1638.0,2188.0, 
"=""16:18:02.175""",0,0,-5364.0,4936.0,-7812.0,293.0,-427.0,7.0, ,"=""16:18:02.175""",0,0,-724.0,-16092.0,20264.0,3437.0,-3489.0,411.0, ,"=""16:18:02.175""",0,0,-3360.0,-3744.0,18224.0,63.0,-1638.0,2188.0, 
"=""16:18:02.278""",0,0,-5364.0,4936.0,-7812.0,293.0,-427.0,7.0, ,"=""16:18:02.278""",0,0,-724.0,-16092.0,20264.0,3437.0,-3489.0,411.0, ,"=""16:18:02.278""",0,0,-3360.0,-3744.0,18224.0,63.0,-1638.0,2188.0, 
"=""16:18:02.380""",0,0,-5364.0,4936.0,-7812.0,293.0,-427.0,7.0, ,"=""16:18:02.380""",0,0,-724.0,-16092.0,20264.0,3437.0,-3489.0,411.0, ,"=""16:18:02.380""",0,0,-3360.0,-3744.0,18224.0,63.0,-1638.0,2188.0, 
"=""16:18:02.482""",0,0,-5364.0,4936.0,-7812.0,293.0,-427.0,7.0, ,"=""16:18:02.482""",0,0,-724.0,-16092.0,20264.0,3437.0,-3489.0,411.0, ,"=""16:18:02.482""",0,0,-3428.0,224.0,21244.0,-189.0,-1511.0,1803.0, 
"=""16:18:02.583""",0,0,-5784.0,4628.0,-11828.0,302.0,-500.0,167.0, ,"=""16:18:02.583""",0,0,-176.0,-16560.0,17508.0,-253.0,144.0,-242.0, ,"=""16:18:02.583""",0,0,-3428.0,224.0,21244.0,-189.0,-1511.0,1803.0, 
"=""16:18:02.685""",0,0,-5784.0,4628.0,-11828.0,302.0,-500.0,167.0, ,"=""16:18:02.685""",0,0,-176.0,-16560.0,17508.0,-253.0,144.0,-242.0, ,"=""16:18:02.686""",0,0,-3428.0,224.0,21244.0,-189.0,-1511.0,1803.0, 
"=""16:18:02.786""",0,0,-5784.0,4628.0,-11828.0,302.0,-500.0,167.0, ,"=""16:18:02.787""",0,0,-176.0,-16560.0,17508.0,-253.0,144.0,-242.0, ,"=""16:18:02.787""",0,0,-3428.0,224.0,21244.0,-189.0,-1511.0,1803.0, 
"=""16:18:02.888""",0,0,-5784.0,4628.0,-11828.0,302.0,-500.0,167.0, ,"=""16:18:02.888""",0,0,-176.0,-16560.0,17508.0,-253.0,144.0,-242.0, ,"=""16:18:02.888""",0,0,-3428.0,224.0,21244.0,-189.0,-1511.0,1803.0, 
"=""16:18:02.990""",0,0,-5784.0,4628.0,-11828.0,302.0,-500.0,167.0, ,"=""16:18:02.990""",0,0,-176.0,-16560.0,17508.0,-253.0,144.0,-242.0, ,"=""16:18:02.990""",0,0,-3428.0,224.0,21244.0,-189.0,-1511.0,1803.0, 
"=""16:18:03.093""",0,0,-5784.0,4628.0,-11828.0,302.0,-500.0,167.0, ,"=""16:18:03.093""",0,0,-176.0,-16560.0,17508.0,-253.0,144.0,-242.0, ,"=""16:18:03.093""",0,0,-3428.0,224.0,21244.0,-189.0,-1511.0,1803.0, 
"=""16:18:03.195""",0,0,-5784.0,4628.0,-11828.0,302.0,-500.0,167.0, ,"=""16:18:03.195""",0,0,-176.0,-16560.0,17508.0,-253.0,144.0,-242.0, ,"=""16:18:03.195""",0,0,-3428.0,224.0,21244.0,-189.0,-1511.0,1803.0, 
"=""16:18:03.297""",0,0,-5784.0,4628.0,-11828.0,302.0,-500.0,167.0, ,"=""16:18:03.297""",0,0,-176.0,-16560.0,17508.0,-253.0,144.0,-242.0, ,"=""16:18:03.297""",0,0,-3500.0,-364.0,20080.0,-1397.0,-1251.0,718.0, 
"=""16:18:03.399""",0,0,-5828.0,4904.0,-11944.0,-621.0,134.0,150.0, ,"=""16:18:03.399""",0,0,-800.0,-16632.0,20248.0,-2246.0,2069.0,-399.0, ,"=""16:18:03.399""",0,0,-3500.0,-364.0,20080.0,-1397.0,-1251.0,718.0, 
"=""16:18:03.500""",0,0,-5828.0,4904.0,-11944.0,-621.0,134.0,150.0, ,"=""16:18:03.500""",0,0,-800.0,-16632.0,20248.0,-2246.0,2069.0,-399.0, ,"=""16:18:03.500""",0,0,-3500.0,-364.0,20080.0,-1397.0,-1251.0,718.0, 
"=""16:18:03.602""",0,0,-5828.0,4904.0,-11944.0,-621.0,134.0,150.0, ,"=""16:18:03.602""",0,0,-800.0,-16632.0,20248.0,-2246.0,2069.0,-399.0, ,"=""16:18:03.602""",0,0,-3500.0,-364.0,20080.0,-1397.0,-1251.0,718.0, 
"=""16:18:03.703""",0,0,-5828.0,4904.0,-11944.0,-621.0,134.0,150.0, ,"=""16:18:03.703""",0,0,-800.0,-16632.0,20248.0,-2246.0,2069.0,-399.0, ,"=""16:18:03.703""",0,0,-3500.0,-364.0,20080.0,-1397.0,-1251.0,718.0, 
"=""16:18:03.805""",0,0,-5828.0,4904.0,-11944.0,-621.0,134.0,150.0, ,"=""16:18:03.805""",0,0,-800.0,-16632.0,20248.0,-2246.0,2069.0,-399.0, ,"=""16:18:03.805""",0,0,-3500.0,-364.0,20080.0,-1397.0,-1251.0,718.0, 
"=""16:18:03.908""",0,0,-5828.0,4904.0,-11944.0,-621.0,134.0,150.0, ,"=""16:18:03.908""",0,0,-800.0,-16632.0,20248.0,-2246.0,2069.0,-399.0, ,"=""16:18:03.908""",0,0,-3500.0,-364.0,20080.0,-1397.0,-1251.0,718.0, 
"=""16:18:04.010""",0,0,-5828.0,4904.0,-11944.0,-621.0,134.0,150.0, ,"=""16:18:04.010""",0,0,-800.0,-16632.0,20248.0,-2246.0,2069.0,-399.0, ,"=""16:18:04.010""",0,0,-3500.0,-364.0,20080.0,-1397.0,-1251.0,718.0, 
"=""16:18:04.112""",0,0,-5828.0,4904.0,-11944.0,-621.0,134.0,150.0, ,"=""16:18:04.112""",0,0,-800.0,-16632.0,20248.0,-2246.0,2069.0,-399.0, ,"=""16:18:04.112""",0,0,-3472.0,-2444.0,19880.0,-922.0,-1119.0,1029.0, 
"=""16:18:04.215""",0,0,-5772.0,5060.0,-11300.0,564.0,163.0,17.0, ,"=""16:18:04.215""",0,0,-976.0,-16832.0,21676.0,718.0,-469.0,82.0, ,"=""16:18:04.215""",0,0,-3472.0,-2444.0,19880.0,-922.0,-1119.0,1029.0, 
"=""16:18:04.317""",0,0,-5772.0,5060.0,-11300.0,564.0,163.0,17.0, ,"=""16:18:04.317""",0,0,-976.0,-16832.0,21676.0,718.0,-469.0,82.0, ,"=""16:18:04.317""",0,0,-3472.0,-2444.0,19880.0,-922.0,-1119.0,1029.0, 
"=""16:18:04.418""",0,0,-5772.0,5060.0,-11300.0,564.0,163.0,17.0, ,"=""16:18:04.418""",0,0,-976.0,-16832.0,21676.0,718.0,-469.0,82.0, ,"=""16:18:04.418""",0,0,-3472.0,-2444.0,19880.0,-922.0,-1119.0,1029.0, 
"=""16:18:04.520""",0,0,-5772.0,5060.0,-11300.0,564.0,163.0,17.0, ,"=""16:18:04.521""",0,0,-976.0,-16832.0,21676.0,718.0,-469.0,82.0, ,"=""16:18:04.521""",0,0,-3472.0,-2444.0,19880.0,-922.0,-1119.0,1029.0, 
"=""16:18:04.623""",0,0,-5772.0,5060.0,-11300.0,564.0,163.0,17.0, ,"=""16:18:04.623""",0,0,-976.0,-16832.0,21676.0,718.0,-469.0,82.0, ,"=""16:18:04.623""",0,0,-3472.0,-2444.0,19880.0,-922.0,-1119.0,1029.0, 
"=""16:18:04.725""",0,0,-5772.0,5060.0,-11300.0,564.0,163.0,17.0, ,"=""16:18:04.725""",0,0,-976.0,-16832.0,21676.0,718.0,-469.0,82.0, ,"=""16:18:04.725""",0,0,-3472.0,-2444.0,19880.0,-922.0,-1119.0,1029.0, 
"=""16:18:04.828""",0,0,-5772.0,5060.0,-11300.0,564.0,163.0,17.0, ,"=""16:18:04.828""",0,0,-976.0,-16832.0,21676.0,718.0,-469.0,82.0, ,"=""16:18:04.828""",0,0,-3472.0,-2444.0,19880.0,-922.0,-1119.0,1029.0, 
"=""16:18:04.937""",0,0,-5772.0,5060.0,-11300.0,564.0,163.0,17.0, ,"=""16:18:04.937""",0,0,-976.0,-16832.0,21676.0,718.0,-469.0,82.0, ,"=""16:18:04.937""",0,0,-3420.0,-1300.0,20656.0,-231.0,-1120.0,1545.0, 
"=""16:18:05.039""",0,0,-5768.0,5172.0,-11904.0,571.0,-45.0,-56.0, ,"=""16:18:05.039""",0,0,-600.0,-16640.0,19332.0,1117.0,-1010.0,187.0, ,"=""16:18:05.039""",0,0,-3420.0,-1300.0,20656.0,-231.0,-1120.0,1545.0, 
"=""16:18:05.141""",0,0,-5768.0,5172.0,-11904.0,571.0,-45.0,-56.0, ,"=""16:18:05.141""",0,0,-600.0,-16640.0,19332.0,1117.0,-1010.0,187.0, ,"=""16:18:05.141""",0,0,-3420.0,-1300.0,20656.0,-231.0,-1120.0,1545.0, 
"=""16:18:05.243""",0,0,-5768.0,5172.0,-11904.0,571.0,-45.0,-56.0, ,"=""16:18:05.243""",0,0,-600.0,-16640.0,19332.0,1117.0,-1010.0,187.0, ,"=""16:18:05.243""",0,0,-3420.0,-1300.0,20656.0,-231.0,-1120.0,1545.0, 
"=""16:18:05.345""",0,0,-5768.0,5172.0,-11904.0,571.0,-45.0,-56.0, ,"=""16:18:05.345""",0,0,-600.0,-16640.0,19332.0,1117.0,-1010.0,187.0, ,"=""16:18:05.345""",0,0,-3420.0,-1300.0,20656.0,-231.0,-1120.0,1545.0, 
"=""16:18:05.446""",0,0,-5768.0,5172.0,-11904.0,571.0,-45.0,-56.0, ,"=""16:18:05.446""",0,0,-600.0,-16640.0,19332.0,1117.0,-1010.0,187.0, ,"=""16:18:05.446""",0,0,-3420.0,-1300.0,20656.0,-231.0,-1120.0,1545.0, 
"=""16:18:05.548""",0,0,-5768.0,5172.0,-11904.0,571.0,-45.0,-56.0, ,"=""16:18:05.548""",0,0,-600.0,-16640.0,19332.0,1117.0,-1010.0,187.0, ,"=""16:18:05.548""",0,0,-3420.0,-1300.0,20656.0,-231.0,-1120.0,1545.0, 
"=""16:18:05.649""",0,0,-5768.0,5172.0,-11904.0,571.0,-45.0,-56.0, ,"=""16:18:05.649""",0,0,-600.0,-16640.0,19332.0,1117.0,-1010.0,187.0, ,"=""16:18:05.649""",0,0,-3420.0,-1300.0,20656.0,-231.0,-1120.0,1545.0, 
"=""16:18:05.751""",0,0,-5768.0,5172.0,-11904.0,571.0,-45.0,-56.0, ,"=""16:18:05.751""",0,0,-624.0,-16768.0,19408.0,-797.0,762.0,-119.0, ,"=""16:18:05.751""",0,0,-3572.0,-140.0,20960.0,-749.0,-1013.0,1110.0, 
"=""16:18:05.853""",0,0,-5712.0,4924.0,-11988.0,-470.0,-125.0,-18.0, ,"=""16:18:05.853""",0,0,-624.0,-16768.0,19408.0,-797.0,762.0,-119.0, ,"=""16:18:05.853""",0,0,-3572.0,-140.0,20960.0,-749.0,-1013.0,1110.0, 
"=""16:18:05.954""",0,0,-5712.0,4924.0,-11988.0,-470.0,-125.0,-18.0, ,"=""16:18:05.954""",0,0,-624.0,-16768.0,19408.0,-797.0,762.0,-119.0, ,"=""16:18:05.954""",0,0,-3572.0,-140.0,20960.0,-749.0,-1013.0,1110.0, 
"=""16:18:06.056""",0,0,-5712.0,4924.0,-11988.0,-470.0,-125.0,-18.0, ,"=""16:18:06.056""",0,0,-624.0,-16768.0,19408.0,-797.0,762.0,-119.0, ,"=""16:18:06.056""",0,0,-3572.0,-140.0,20960.0,-749.0,-1013.0,1110.0, 
"=""16:18:06.158""",0,0,-5712.0,4924.0,-11988.0,-470.0,-125.0,-18.0, ,"=""16:18:06.158""",0,0,-624.0,-16768.0,19408.0,-797.0,762.0,-119.0, ,"=""16:18:06.158""",0,0,-3572.0,-140.0,20960.0,-749.0,-1013.0,1110.0, 
"=""16:18:06.260""",0,0,-5712.0,4924.0,-11988.0,-470.0,-125.0,-18.0, ,"=""16:18:06.260""",0,0,-624.0,-16768.0,19408.0,-797.0,762.0,-119.0, ,"=""16:18:06.260""",0,0,-3572.0,-140.0,20960.0,-749.0,-1013.0,1110.0, 
"=""16:18:06.362""",0,0,-5712.0,4924.0,-11988.0,-470.0,-125.0,-18.0, ,"=""16:18:06.362""",0,0,-624.0,-16768.0,19408.0,-797.0,762.0,-119.0, ,"=""16:18:06.362""",0,0,-3572.0,-140.0,20960.0,-749.0,-1013.0,1110.0, 
"=""16:18:06.464""",0,0,-5712.0,4924.0,-11988.0,-470.0,-125.0,-18.0, ,"=""16:18:06.464""",0,0,-624.0,-16768.0,19408.0,-797.0,762.0,-119.0, ,"=""16:18:06.464""",0,0,-3516.0,-1332.0,20576.0,-858.0,-987.0,975.0, 
"=""16:18:06.566""",0,0,-5712.0,4924.0,-11988.0,-470.0,-125.0,-18.0, ,"=""16:18:06.566""",0,0,-952.0,-16932.0,20700.0,-353.0,429.0,-105.0, ,"=""16:18:06.566""",0,0,-3516.0,-1332.0,20576.0,-858.0,-987.0,975.0, 
"=""16:18:06.668""",0,0,-5816.0,5024.0,-11704.0,-185.0,-44.0,-52.0, ,"=""16:18:06.668""",0,0,-952.0,-16932.0,20700.0,-353.0,429.0,-105.0, ,"=""16:18:06.668""",0,0,-3516.0,-1332.0,20576.0,-858.0,-987.0,975.0, 
"=""16:18:06.770""",0,0,-5816.0,5024.0,-11704.0,-185.0,-44.0,-52.0, ,"=""16:18:06.770""",0,0,-952.0,-16932.0,20700.0,-353.0,429.0,-105.0, ,"=""16:18:06.770""",0,0,-3516.0,-1332.0,20576.0,-858.0,-987.0,975.0, 
"=""16:18:06.872""",0,0,-5816.0,5024.0,-11704.0,-185.0,-44.0,-52.0, ,"=""16:18:06.872""",0,0,-952.0,-16932.0,20700.0,-353.0,429.0,-105.0, ,"=""16:18:06.872""",0,0,-3516.0,-1332.0,20576.0,-858.0,-987.0,975.0, 
"=""16:18:06.974""",0,0,-5816.0,5024.0,-11704.0,-185.0,-44.0,-52.0, ,"=""16:18:06.974""",0,0,-952.0,-16932.0,20700.0,-353.0,429.0,-105.0, ,"=""16:18:06.974""",0,0,-3516.0,-1332.0,20576.0,-858.0,-987.0,975.0, 
"=""16:18:07.076""",0,0,-5816.0,5024.0,-11704.0,-185.0,-44.0,-52.0, ,"=""16:18:07.076""",0,0,-952.0,-16932.0,20700.0,-353.0,429.0,-105.0, ,"=""16:18:07.076""",0,0,-3516.0,-1332.0,20576.0,-858.0,-987.0,975.0, 
"=""16:18:07.177""",0,0,-5816.0,5024.0,-11704.0,-185.0,-44.0,-52.0, ,"=""16:18:07.177""",0,0,-952.0,-16932.0,20700.0,-353.0,429.0,-105.0, ,"=""16:18:07.177""",0,0,-3516.0,-1332.0,20576.0,-858.0,-987.0,975.0, 
"=""16:18:07.279""",0,0,-5816.0,5024.0,-11704.0,-185.0,-44.0,-52.0, ,"=""16:18:07.279""",0,0,-952.0,-16932.0,20700.0,-353.0,429.0,-105.0, ,"=""16:18:07.279""",0,0,-3428.0,-1548.0,20716.0,-348.0,-971.0,1289.0, 
"=""16:18:07.380""",0,0,-5752.0,5068.0,-11668.0,341.0,-6.0,-70.0, ,"=""16:18:07.380""",0,0,-724.0,-16912.0,20340.0,688.0,-619.0,30.0, ,"=""16:18:07.380""",0,0,-3428.0,-1548.0,20716.0,-348.0,-971.0,1289.0, 
"=""16:18:07.481""",0,0,-5752.0,5068.0,-11668.0,341.0,-6.0,-70.0, ,"=""16:18:07.481""",0,0,-724.0,-16912.0,20340.0,688.0,-619.0,30.0, ,"=""16:18:07.481""",0,0,-3428.0,-1548.0,20716.0,-348.0,-971.0,1289.0, 
"=""16:18:07.583""",0,0,-5752.0,5068.0,-11668.0,341.0,-6.0,-70.0, ,"=""16:18:07.583""",0,0,-724.0,-16912.0,20340.0,688.0,-619.0,30.0, ,"=""16:18:07.583""",0,0,-3428.0,-1548.0,20716.0,-348.0,-971.0,1289.0, 
"=""16:18:07.685""",0,0,-5752.0,5068.0,-11668.0,341.0,-6.0,-70.0, ,"=""16:18:07.685""",0,0,-724.0,-16912.0,20340.0,688.0,-619.0,30.0, ,"=""16:18:07.685""",0,0,-3428.0,-1548.0,20716.0,-348.0,-971.0,1289.0, 
"=""16:18:07.787""",0,0,-5752.0,5068.0,-11668.0,341.0,-6.0,-70.0, ,"=""16:18:07.787""",0,0,-724.0,-16912.0,20340.0,688.0,-619.0,30.0, ,"=""16:18:07.787""",0,0,-3428.0,-1548.0,20716.0,-348.0,-971.0,1289.0, 
"=""16:18:07.889""",0,0,-5752.0,5068.0,-11668.0,341.0,-6.0,-70.0, ,"=""16:18:07.889""",0,0,-724.0,-16912.0,20340.0,688.0,-619.0,30.0, ,"=""16:18:07.889""",0,0,-3428.0,-1548.0,20716.0,-348.0,-971.0,1289.0, 
"=""16:18:07.990""",0,0,-5752.0,5068.0,-11668.0,341.0,-6.0,-70.0, ,"=""16:18:07.990""",0,0,-724.0,-16912.0,20340.0,688.0,-619.0,30.0, ,"=""16:18:07.990""",0,0,-3428.0,-1548.0,20716.0,-348.0,-971.0,1289.0, 
"=""16:18:08.092""",0,0,-5752.0,5068.0,-11668.0,341.0,-6.0,-70.0, ,"=""16:18:08.092""",0,0,-724.0,-16912.0,20340.0,688.0,-619.0,30.0, ,"=""16:18:08.092""",0,0,-3476.0,-756.0,20852.0,-437.0,-917.0,1245.0, 
"=""16:18:08.194""",0,0,-5836.0,4900.0,-11756.0,118.0,11.0,-86.0, ,"=""16:18:08.194""",0,0,-656.0,-16692.0,19612.0,-44.0,26.0,-95.0, ,"=""16:18:08.194""",0,0,-3476.0,-756.0,20852.0,-437.0,-917.0,1245.0, 
"=""16:18:08.296""",0,0,-5836.0,4900.0,-11756.0,118.0,11.0,-86.0, ,"=""16:18:08.296""",0,0,-656.0,-16692.0,19612.0,-44.0,26.0,-95.0, ,"=""16:18:08.296""",0,0,-3476.0,-756.0,20852.0,-437.0,-917.0,1245.0, 
"=""16:18:08.398""",0,0,-5836.0,4900.0,-11756.0,118.0,11.0,-86.0, ,"=""16:18:08.398""",0,0,-656.0,-16692.0,19612.0,-44.0,26.0,-95.0, ,"=""16:18:08.398""",0,0,-3476.0,-756.0,20852.0,-437.0,-917.0,1245.0, 
"=""16:18:08.500""",0,0,-5836.0,4900.0,-11756.0,118.0,11.0,-86.0, ,"=""16:18:08.500""",0,0,-656.0,-16692.0,19612.0,-44.0,26.0,-95.0, ,"=""16:18:08.500""",0,0,-3476.0,-756.0,20852.0,-437.0,-917.0,1245.0, 
"=""16:18:08.602""",0,0,-5836.0,4900.0,-11756.0,118.0,11.0,-86.0, ,"=""16:18:08.602""",0,0,-656.0,-16692.0,19612.0,-44.0,26.0,-95.0, ,"=""16:18:08.602""",0,0,-3476.0,-756.0,20852.0,-437.0,-917.0,1245.0, 
"=""16:18:08.704""",0,0,-5836.0,4900.0,-11756.0,118.0,11.0,-86.0, ,"=""16:18:08.704""",0,0,-656.0,-16692.0,19612.0,-44.0,26.0,-95.0, ,"=""16:18:08.704""",0,0,-3476.0,-756.0,20852.0,-437.0,-917.0,1245.0, 
"=""16:18:08.806""",0,0,-5836.0,4900.0,-11756.0,118.0,11.0,-86.0, ,"=""16:18:08.806""",0,0,-656.0,-16692.0,19612.0,-44.0,26.0,-95.0, ,"=""16:18:08.806""",0,0,-3476.0,-756.0,20852.0,-437.0,-917.0,1245.0, 
"=""16:18:08.908""",0,0,-5836.0,4900.0,-11756.0,118.0,11.0,-86.0, ,"=""16:18:08.908""",0,0,-656.0,-16692.0,19612.0,-44.0,26.0,-95.0, ,"=""16:18:08.908""",0,0,-3540.0,-1112.0,20636.0,-636.0,-904.0,1035.0, 
"=""16:18:09.010""",0,0,-5716.0,4964.0,-11788.0,-44.0,1.0,-85.0, ,"=""16:18:09.010""",0,0,-760.0,-16876.0,20388.0,-468.0,387.0,9.0, ,"=""16:18:09.010""",0,0,-3540.0,-1112.0,20636.0,-636.0,-904.0,1035.0, 
"=""16:18:09.112""",0,0,-5716.0,4964.0,-11788.0,-44.0,1.0,-85.0, ,"=""16:18:09.112""",0,0,-760.0,-16876.0,20388.0,-468.0,387.0,9.0, ,"=""16:18:09.112""",0,0,-3540.0,-1112.0,20636.0,-636.0,-904.0,1035.0, 
"=""16:18:09.214""",0,0,-5716.0,4964.0,-11788.0,-44.0,1.0,-85.0, ,"=""16:18:09.214""",0,0,-760.0,-16876.0,20388.0,-468.0,387.0,9.0, ,"=""16:18:09.214""",0,0,-3540.0,-1112.0,20636.0,-636.0,-904.0,1035.0, 
"=""16:18:09.316""",0,0,-5716.0,4964.0,-11788.0,-44.0,1.0,-85.0, ,"=""16:18:09.316""",0,0,-760.0,-16876.0,20388.0,-468.0,387.0,9.0, ,"=""16:18:09.316""",0,0,-3540.0,-1112.0,20636.0,-636.0,-904.0,1035.0, 
"=""16:18:09.418""",0,0,-5716.0,4964.0,-11788.0,-44.0,1.0,-85.0, ,"=""16:18:09.418""",0,0,-760.0,-16876.0,20388.0,-468.0,387.0,9.0, ,"=""16:18:09.418""",0,0,-3540.0,-1112.0,20636.0,-636.0,-904.0,1035.0, 
"=""16:18:09.519""",0,0,-5716.0,4964.0,-11788.0,-44.0,1.0,-85.0, ,"=""16:18:09.519""",0,0,-760.0,-16876.0,20388.0,-468.0,387.0,9.0, ,"=""16:18:09.519""",0,0,-3540.0,-1112.0,20636.0,-636.0,-904.0,1035.0, 
"=""16:18:09.621""",0,0,-5716.0,4964.0,-11788.0,-44.0,1.0,-85.0, ,"=""16:18:09.621""",0,0,-760.0,-16876.0,20388.0,-468.0,387.0,9.0, ,"=""16:18:09.621""",0,0,-3540.0,-1112.0,20636.0,-636.0,-904.0,1035.0, 
"=""16:18:09.723""",0,0,-5716.0,4964.0,-11788.0,-44.0,1.0,-85.0, ,"=""16:18:09.723""",0,0,-760.0,-16876.0,20388.0,-468.0,387.0,9.0, ,"=""16:18:09.723""",0,0,-3144.0,-1336.0,20472.0,-570.0,-928.0,1145.0, 
"=""16:18:09.825""",0,0,-5832.0,4964.0,-11700.0,127.0,17.0,10.0, ,"=""16:18:09.825""",0,0,-796.0,-16704.0,20272.0,175.0,-219.0,145.0, ,"=""16:18:09.825""",0,0,-3144.0,-1336.0,20472.0,-570.0,-928.0,1145.0, 
"=""16:18:09.927""",0,0,-5832.0,4964.0,-11700.0,127.0,17.0,10.0, ,"=""16:18:09.927""",0,0,-796.0,-16704.0,20272.0,175.0,-219.0,145.0, ,"=""16:18:09.927""",0,0,-3144.0,-1336.0,20472.0,-570.0,-928.0,1145.0, 
"=""16:18:10.029""",0,0,-5832.0,4964.0,-11700.0,127.0,17.0,10.0, ,"=""16:18:10.029""",0,0,-796.0,-16704.0,20272.0,175.0,-219.0,145.0, ,"=""16:18:10.029""",0,0,-3144.0,-1336.0,20472.0,-570.0,-928.0,1145.0, 
"=""16:18:10.131""",0,0,-5832.0,4964.0,-11700.0,127.0,17.0,10.0, ,"=""16:18:10.131""",0,0,-796.0,-16704.0,20272.0,175.0,-219.0,145.0, ,"=""16:18:10.131""",0,0,-3144.0,-1336.0,20472.0,-570.0,-928.0,1145.0, 
"=""16:18:10.233""",0,0,-5832.0,4964.0,-11700.0,127.0,17.0,10.0, ,"=""16:18:10.233""",0,0,-796.0,-16704.0,20272.0,175.0,-219.0,145.0, ,"=""16:18:10.233""",0,0,-3144.0,-1336.0,20472.0,-570.0,-928.0,1145.0, 
"=""16:18:10.335""",0,0,-5832.0,4964.0,-11700.0,127.0,17.0,10.0, ,"=""16:18:10.335""",0,0,-796.0,-16704.0,20272.0,175.0,-219.0,145.0, ,"=""16:18:10.335""",0,0,-3144.0,-1336.0,20472.0,-570.0,-928.0,1145.0, 
"=""16:18:10.437""",0,0,-5832.0,4964.0,-11700.0,127.0,17.0,10.0, ,"=""16:18:10.437""",0,0,-796.0,-16704.0,20272.0,175.0,-219.0,145.0, ,"=""16:18:10.437""",0,0,-3144.0,-1336.0,20472.0,-570.0,-928.0,1145.0, 
"=""16:18:10.538""",0,0,-5832.0,4964.0,-11700.0,127.0,17.0,10.0, ,"=""16:18:10.538""",0,0,-776.0,-16748.0,19944.0,292.0,-206.0,16.0, ,"=""16:18:10.538""",0,0,-3152.0,-900.0,20780.0,-443.0,-963.0,1228.0, 
"=""16:18:10.640""",0,0,-5644.0,4876.0,-11648.0,-88.0,-45.0,-90.0, ,"=""16:18:10.640""",0,0,-776.0,-16748.0,19944.0,292.0,-206.0,16.0, ,"=""16:18:10.640""",0,0,-3152.0,-900.0,20780.0,-443.0,-963.0,1228.0, 
"=""16:18:10.742""",0,0,-5644.0,4876.0,-11648.0,-88.0,-45.0,-90.0, ,"=""16:18:10.742""",0,0,-776.0,-16748.0,19944.0,292.0,-206.0,16.0, ,"=""16:18:10.742""",0,0,-3152.0,-900.0,20780.0,-443.0,-963.0,1228.0, 
"=""16:18:10.843""",0,0,-5644.0,4876.0,-11648.0,-88.0,-45.0,-90.0, ,"=""16:18:10.844""",0,0,-776.0,-16748.0,19944.0,292.0,-206.0,16.0, ,"=""16:18:10.844""",0,0,-3152.0,-900.0,20780.0,-443.0,-963.0,1228.0, 
"=""16:18:10.946""",0,0,-5644.0,4876.0,-11648.0,-88.0,-45.0,-90.0, ,"=""16:18:10.946""",0,0,-776.0,-16748.0,19944.0,292.0,-206.0,16.0, ,"=""16:18:10.946""",0,0,-3152.0,-900.0,20780.0,-443.0,-963.0,1228.0, 
"=""16:18:11.048""",0,0,-5644.0,4876.0,-11648.0,-88.0,-45.0,-90.0, ,"=""16:18:11.048""",0,0,-776.0,-16748.0,19944.0,292.0,-206.0,16.0, ,"=""16:18:11.048""",0,0,-3152.0,-900.0,20780.0,-443.0,-963.0,1228.0, 
"=""16:18:11.149""",0,0,-5644.0,4876.0,-11648.0,-88.0,-45.0,-90.0, ,"=""16:18:11.149""",0,0,-776.0,-16748.0,19944.0,292.0,-206.0,16.0, ,"=""16:18:11.149""",0,0,-3152.0,-900.0,20780.0,-443.0,-963.0,1228.0, 
"=""16:18:11.252""",0,0,-5644.0,4876.0,-11648.0,-88.0,-45.0,-90.0, ,"=""16:18:11.252""",0,0,-776.0,-16748.0,19944.0,292.0,-206.0,16.0, ,"=""16:18:11.252""",0,0,-3152.0,-900.0,20780.0,-443.0,-963.0,1228.0, 
"=""16:18:11.353""",0,0,-5644.0,4876.0,-11648.0,-88.0,-45.0,-90.0, ,"=""16:18:11.354""",0,0,-768.0,-16720.0,20116.0,-324.0,211.0,-40.0, ,"=""16:18:11.354""",0,0,-3156.0,-804.0,20824.0,-709.0,-922.0,1126.0, 
"=""16:18:11.456""",0,0,-5820.0,4980.0,-11620.0,-105.0,8.0,20.0, ,"=""16:18:11.456""",0,0,-768.0,-16720.0,20116.0,-324.0,211.0,-40.0, ,"=""16:18:11.456""",0,0,-3156.0,-804.0,20824.0,-709.0,-922.0,1126.0, 
"=""16:18:11.558""",0,0,-5820.0,4980.0,-11620.0,-105.0,8.0,20.0, ,"=""16:18:11.558""",0,0,-768.0,-16720.0,20116.0,-324.0,211.0,-40.0, ,"=""16:18:11.558""",0,0,-3156.0,-804.0,20824.0,-709.0,-922.0,1126.0, 
"=""16:18:11.659""",0,0,-5820.0,4980.0,-11620.0,-105.0,8.0,20.0, ,"=""16:18:11.659""",0,0,-768.0,-16720.0,20116.0,-324.0,211.0,-40.0, ,"=""16:18:11.659""",0,0,-3156.0,-804.0,20824.0,-709.0,-922.0,1126.0, 
"=""16:18:11.761""",0,0,-5820.0,4980.0,-11620.0,-105.0,8.0,20.0, ,"=""16:18:11.762""",0,0,-768.0,-16720.0,20116.0,-324.0,211.0,-40.0, ,"=""16:18:11.762""",0,0,-3156.0,-804.0,20824.0,-709.0,-922.0,1126.0, 
"=""16:18:11.862""",0,0,-5820.0,4980.0,-11620.0,-105.0,8.0,20.0, ,"=""16:18:11.863""",0,0,-768.0,-16720.0,20116.0,-324.0,211.0,-40.0, ,"=""16:18:11.863""",0,0,-3156.0,-804.0,20824.0,-709.0,-922.0,1126.0, 
"=""16:18:11.964""",0,0,-5820.0,4980.0,-11620.0,-105.0,8.0,20.0, ,"=""16:18:11.964""",0,0,-768.0,-16720.0,20116.0,-324.0,211.0,-40.0, ,"=""16:18:11.965""",0,0,-3156.0,-804.0,20824.0,-709.0,-922.0,1126.0, 
"=""16:18:12.066""",0,0,-5820.0,4980.0,-11620.0,-105.0,8.0,20.0, ,"=""16:18:12.066""",0,0,-768.0,-16720.0,20116.0,-324.0,211.0,-40.0, ,"=""16:18:12.066""",0,0,-3156.0,-804.0,20824.0,-709.0,-922.0,1126.0, 
"=""16:18:12.167""",0,0,-5820.0,4980.0,-11620.0,-105.0,8.0,20.0, ,"=""16:18:12.167""",0,0,-668.0,-16768.0,20332.0,12.0,-79.0,-31.0, ,"=""16:18:12.167""",0,0,-3188.0,-1224.0,20684.0,-715.0,-1024.0,1153.0, 
"=""16:18:12.269""",0,0,-5800.0,4856.0,-11732.0,158.0,60.0,28.0, ,"=""16:18:12.269""",0,0,-668.0,-16768.0,20332.0,12.0,-79.0,-31.0, ,"=""16:18:12.269""",0,0,-3188.0,-1224.0,20684.0,-715.0,-1024.0,1153.0, 
"=""16:18:12.371""",0,0,-5800.0,4856.0,-11732.0,158.0,60.0,28.0, ,"=""16:18:12.371""",0,0,-668.0,-16768.0,20332.0,12.0,-79.0,-31.0, ,"=""16:18:12.371""",0,0,-3188.0,-1224.0,20684.0,-715.0,-1024.0,1153.0, 
"=""16:18:12.473""",0,0,-5800.0,4856.0,-11732.0,158.0,60.0,28.0, ,"=""16:18:12.473""",0,0,-668.0,-16768.0,20332.0,12.0,-79.0,-31.0, ,"=""16:18:12.473""",0,0,-3188.0,-1224.0,20684.0,-715.0,-1024.0,1153.0, 
"=""16:18:12.575""",0,0,-5800.0,4856.0,-11732.0,158.0,60.0,28.0, ,"=""16:18:12.575""",0,0,-668.0,-16768.0,20332.0,12.0,-79.0,-31.0, ,"=""16:18:12.575""",0,0,-3188.0,-1224.0,20684.0,-715.0,-1024.0,1153.0, 
"=""16:18:12.677""",0,0,-5800.0,4856.0,-11732.0,158.0,60.0,28.0, ,"=""16:18:12.677""",0,0,-668.0,-16768.0,20332.0,12.0,-79.0,-31.0, ,"=""16:18:12.677""",0,0,-3188.0,-1224.0,20684.0,-715.0,-1024.0,1153.0, 
"=""16:18:12.779""",0,0,-5800.0,4856.0,-11732.0,158.0,60.0,28.0, ,"=""16:18:12.779""",0,0,-668.0,-16768.0,20332.0,12.0,-79.0,-31.0, ,"=""16:18:12.779""",0,0,-3188.0,-1224.0,20684.0,-715.0,-1024.0,1153.0, 
"=""16:18:12.881""",0,0,-5800.0,4856.0,-11732.0,158.0,60.0,28.0, ,"=""16:18:12.881""",0,0,-668.0,-16768.0,20332.0,12.0,-79.0,-31.0, ,"=""16:18:12.881""",0,0,-3072.0,-924.0,20852.0,-604.0,-1033.0,1227.0, 
"=""16:18:12.983""",0,0,-5800.0,4856.0,-11732.0,158.0,60.0,28.0, ,"=""16:18:12.983""",0,0,-728.0,-16784.0,20176.0,213.0,-155.0,-14.0, ,"=""16:18:12.983""",0,0,-3072.0,-924.0,20852.0,-604.0,-1033.0,1227.0, 
"=""16:18:13.084""",0,0,-5668.0,4924.0,-11752.0,91.0,16.0,38.0, ,"=""16:18:13.084""",0,0,-728.0,-16784.0,20176.0,213.0,-155.0,-14.0, ,"=""16:18:13.084""",0,0,-3072.0,-924.0,20852.0,-604.0,-1033.0,1227.0, 
"=""16:18:13.186""",0,0,-5668.0,4924.0,-11752.0,91.0,16.0,38.0, ,"=""16:18:13.186""",0,0,-728.0,-16784.0,20176.0,213.0,-155.0,-14.0, ,"=""16:18:13.186""",0,0,-3072.0,-924.0,20852.0,-604.0,-1033.0,1227.0, 
"=""16:18:13.288""",0,0,-5668.0,4924.0,-11752.0,91.0,16.0,38.0, ,"=""16:18:13.288""",0,0,-728.0,-16784.0,20176.0,213.0,-155.0,-14.0, ,"=""16:18:13.288""",0,0,-3072.0,-924.0,20852.0,-604.0,-1033.0,1227.0, 
"=""16:18:13.390""",0,0,-5668.0,4924.0,-11752.0,91.0,16.0,38.0, ,"=""16:18:13.390""",0,0,-728.0,-16784.0,20176.0,213.0,-155.0,-14.0, ,"=""16:18:13.390""",0,0,-3072.0,-924.0,20852.0,-604.0,-1033.0,1227.0, 
"=""16:18:13.492""",0,0,-5668.0,4924.0,-11752.0,91.0,16.0,38.0, ,"=""16:18:13.492""",0,0,-728.0,-16784.0,20176.0,213.0,-155.0,-14.0, ,"=""16:18:13.492""",0,0,-3072.0,-924.0,20852.0,-604.0,-1033.0,1227.0, 
"=""16:18:13.593""",0,0,-5668.0,4924.0,-11752.0,91.0,16.0,38.0, ,"=""16:18:13.593""",0,0,-728.0,-16784.0,20176.0,213.0,-155.0,-14.0, ,"=""16:18:13.593""",0,0,-3072.0,-924.0,20852.0,-604.0,-1033.0,1227.0, 
"=""16:18:13.695""",0,0,-5668.0,4924.0,-11752.0,91.0,16.0,38.0, ,"=""16:18:13.695""",0,0,-728.0,-16784.0,20176.0,213.0,-155.0,-14.0, ,"=""16:18:13.695""",0,0,-2900.0,-804.0,20724.0,-716.0,-1008.0,1184.0, 
"=""16:18:13.796""",0,0,-5668.0,4924.0,-11752.0,91.0,16.0,38.0, ,"=""16:18:13.796""",0,0,-764.0,-16684.0,19928.0,-78.0,104.0,-30.0, ,"=""16:18:13.796""",0,0,-2900.0,-804.0,20724.0,-716.0,-1008.0,1184.0, 
"=""16:18:13.898""",0,0,-5736.0,4876.0,-11612.0,-28.0,36.0,5.0, ,"=""16:18:13.898""",0,0,-764.0,-16684.0,19928.0,-78.0,104.0,-30.0, ,"=""16:18:13.898""",0,0,-2900.0,-804.0,20724.0,-716.0,-1008.0,1184.0, 
"=""16:18:14.000""",0,0,-5736.0,4876.0,-11612.0,-28.0,36.0,5.0, ,"=""16:18:14.001""",0,0,-764.0,-16684.0,19928.0,-78.0,104.0,-30.0, ,"=""16:18:14.001""",0,0,-2900.0,-804.0,20724.0,-716.0,-1008.0,1184.0, 
"=""16:18:14.102""",0,0,-5736.0,4876.0,-11612.0,-28.0,36.0,5.0, ,"=""16:18:14.102""",0,0,-764.0,-16684.0,19928.0,-78.0,104.0,-30.0, ,"=""16:18:14.102""",0,0,-2900.0,-804.0,20724.0,-716.0,-1008.0,1184.0, 
"=""16:18:14.203""",0,0,-5736.0,4876.0,-11612.0,-28.0,36.0,5.0, ,"=""16:18:14.203""",0,0,-764.0,-16684.0,19928.0,-78.0,104.0,-30.0, ,"=""16:18:14.203""",0,0,-2900.0,-804.0,20724.0,-716.0,-1008.0,1184.0, 
"=""16:18:14.305""",0,0,-5736.0,4876.0,-11612.0,-28.0,36.0,5.0, ,"=""16:18:14.305""",0,0,-764.0,-16684.0,19928.0,-78.0,104.0,-30.0, ,"=""16:18:14.305""",0,0,-2900.0,-804.0,20724.0,-716.0,-1008.0,1184.0, 
"=""16:18:14.407""",0,0,-5736.0,4876.0,-11612.0,-28.0,36.0,5.0, ,"=""16:18:14.407""",0,0,-764.0,-16684.0,19928.0,-78.0,104.0,-30.0, ,"=""16:18:14.407""",0,0,-2900.0,-804.0,20724.0,-716.0,-1008.0,1184.0, 
"=""16:18:14.509""",0,0,-5736.0,4876.0,-11612.0,-28.0,36.0,5.0, ,"=""16:18:14.509""",0,0,-764.0,-16684.0,19928.0,-78.0,104.0,-30.0, ,"=""16:18:14.509""",0,0,-2896.0,-960.0,20784.0,-704.0,-1082.0,1166.0, 
"=""16:18:14.611""",0,0,-5776.0,5160.0,-11828.0,-22.0,-28.0,2.0, ,"=""16:18:14.611""",0,0,-780.0,-16908.0,20252.0,-16.0,24.0,12.0, ,"=""16:18:14.611""",0,0,-2896.0,-960.0,20784.0,-704.0,-1082.0,1166.0, 
"=""16:18:14.713""",0,0,-5776.0,5160.0,-11828.0,-22.0,-28.0,2.0, ,"=""16:18:14.713""",0,0,-780.0,-16908.0,20252.0,-16.0,24.0,12.0, ,"=""16:18:14.713""",0,0,-2896.0,-960.0,20784.0,-704.0,-1082.0,1166.0, 
"=""16:18:14.815""",0,0,-5776.0,5160.0,-11828.0,-22.0,-28.0,2.0, ,"=""16:18:14.815""",0,0,-780.0,-16908.0,20252.0,-16.0,24.0,12.0, ,"=""16:18:14.815""",0,0,-2896.0,-960.0,20784.0,-704.0,-1082.0,1166.0, 
"=""16:18:14.917""",0,0,-5776.0,5160.0,-11828.0,-22.0,-28.0,2.0, ,"=""16:18:14.917""",0,0,-780.0,-16908.0,20252.0,-16.0,24.0,12.0, ,"=""16:18:14.917""",0,0,-2896.0,-960.0,20784.0,-704.0,-1082.0,1166.0, 
"=""16:18:15.019""",0,0,-5776.0,5160.0,-11828.0,-22.0,-28.0,2.0, ,"=""16:18:15.019""",0,0,-780.0,-16908.0,20252.0,-16.0,24.0,12.0, ,"=""16:18:15.019""",0,0,-2896.0,-960.0,20784.0,-704.0,-1082.0,1166.0, 
"=""16:18:15.120""",0,0,-5776.0,5160.0,-11828.0,-22.0,-28.0,2.0, ,"=""16:18:15.120""",0,0,-780.0,-16908.0,20252.0,-16.0,24.0,12.0, ,"=""16:18:15.120""",0,0,-2896.0,-960.0,20784.0,-704.0,-1082.0,1166.0, 
"=""16:18:15.222""",0,0,-5776.0,5160.0,-11828.0,-22.0,-28.0,2.0, ,"=""16:18:15.222""",0,0,-780.0,-16908.0,20252.0,-16.0,24.0,12.0, ,"=""16:18:15.222""",0,0,-2896.0,-960.0,20784.0,-704.0,-1082.0,1166.0, 
"=""16:18:15.324""",0,0,-5776.0,5160.0,-11828.0,-22.0,-28.0,2.0, ,"=""16:18:15.324""",0,0,-780.0,-16908.0,20252.0,-16.0,24.0,12.0, ,"=""16:18:15.324""",0,0,-2892.0,-884.0,20684.0,-703.0,-1048.0,1222.0, 
"=""16:18:15.426""",0,0,-5916.0,4988.0,-11756.0,24.0,37.0,46.0, ,"=""16:18:15.426""",0,0,-680.0,-16736.0,20092.0,52.0,-57.0,31.0, ,"=""16:18:15.426""",0,0,-2892.0,-884.0,20684.0,-703.0,-1048.0,1222.0, 
"=""16:18:15.528""",0,0,-5916.0,4988.0,-11756.0,24.0,37.0,46.0, ,"=""16:18:15.528""",0,0,-680.0,-16736.0,20092.0,52.0,-57.0,31.0, ,"=""16:18:15.528""",0,0,-2892.0,-884.0,20684.0,-703.0,-1048.0,1222.0, 
"=""16:18:15.630""",0,0,-5916.0,4988.0,-11756.0,24.0,37.0,46.0, ,"=""16:18:15.630""",0,0,-680.0,-16736.0,20092.0,52.0,-57.0,31.0, ,"=""16:18:15.630""",0,0,-2892.0,-884.0,20684.0,-703.0,-1048.0,1222.0, 
"=""16:18:15.732""",0,0,-5916.0,4988.0,-11756.0,24.0,37.0,46.0, ,"=""16:18:15.732""",0,0,-680.0,-16736.0,20092.0,52.0,-57.0,31.0, ,"=""16:18:15.732""",0,0,-2892.0,-884.0,20684.0,-703.0,-1048.0,1222.0, 
"=""16:18:15.834""",0,0,-5916.0,4988.0,-11756.0,24.0,37.0,46.0, ,"=""16:18:15.834""",0,0,-680.0,-16736.0,20092.0,52.0,-57.0,31.0, ,"=""16:18:15.834""",0,0,-2892.0,-884.0,20684.0,-703.0,-1048.0,1222.0, 
"=""16:18:15.936""",0,0,-5916.0,4988.0,-11756.0,24.0,37.0,46.0, ,"=""16:18:15.936""",0,0,-680.0,-16736.0,20092.0,52.0,-57.0,31.0, ,"=""16:18:15.936""",0,0,-2892.0,-884.0,20684.0,-703.0,-1048.0,1222.0, 
"=""16:18:16.038""",0,0,-5916.0,4988.0,-11756.0,24.0,37.0,46.0, ,"=""16:18:16.038""",0,0,-680.0,-16736.0,20092.0,52.0,-57.0,31.0, ,"=""16:18:16.038""",0,0,-2892.0,-884.0,20684.0,-703.0,-1048.0,1222.0, 
"=""16:18:16.139""",0,0,-5916.0,4988.0,-11756.0,24.0,37.0,46.0, ,"=""16:18:16.139""",0,0,-680.0,-16736.0,20092.0,52.0,-57.0,31.0, ,"=""16:18:16.139""",0,0,-2764.0,-788.0,20696.0,-734.0,-975.0,1163.0, 
"=""16:18:16.241""",0,0,-5744.0,4872.0,-11732.0,-4.0,23.0,45.0, ,"=""16:18:16.241""",0,0,-728.0,-16716.0,20080.0,-27.0,58.0,-44.0, ,"=""16:18:16.241""",0,0,-2764.0,-788.0,20696.0,-734.0,-975.0,1163.0, 
"=""16:18:16.342""",0,0,-5744.0,4872.0,-11732.0,-4.0,23.0,45.0, ,"=""16:18:16.342""",0,0,-728.0,-16716.0,20080.0,-27.0,58.0,-44.0, ,"=""16:18:16.342""",0,0,-2764.0,-788.0,20696.0,-734.0,-975.0,1163.0, 
"=""16:18:16.445""",0,0,-5744.0,4872.0,-11732.0,-4.0,23.0,45.0, ,"=""16:18:16.445""",0,0,-728.0,-16716.0,20080.0,-27.0,58.0,-44.0, ,"=""16:18:16.445""",0,0,-2764.0,-788.0,20696.0,-734.0,-975.0,1163.0, 
"=""16:18:16.547""",0,0,-5744.0,4872.0,-11732.0,-4.0,23.0,45.0, ,"=""16:18:16.547""",0,0,-728.0,-16716.0,20080.0,-27.0,58.0,-44.0, ,"=""16:18:16.547""",0,0,-2764.0,-788.0,20696.0,-734.0,-975.0,1163.0, 
"=""16:18:16.648""",0,0,-5744.0,4872.0,-11732.0,-4.0,23.0,45.0, ,"=""16:18:16.648""",0,0,-728.0,-16716.0,20080.0,-27.0,58.0,-44.0, ,"=""16:18:16.648""",0,0,-2764.0,-788.0,20696.0,-734.0,-975.0,1163.0, 
"=""16:18:16.750""",0,0,-5744.0,4872.0,-11732.0,-4.0,23.0,45.0, ,"=""16:18:16.750""",0,0,-728.0,-16716.0,20080.0,-27.0,58.0,-44.0, ,"=""16:18:16.750""",0,0,-2764.0,-788.0,20696.0,-734.0,-975.0,1163.0, 
"=""16:18:16.851""",0,0,-5744.0,4872.0,-11732.0,-4.0,23.0,45.0, ,"=""16:18:16.852""",0,0,-728.0,-16716.0,20080.0,-27.0,58.0,-44.0, ,"=""16:18:16.852""",0,0,-2764.0,-788.0,20696.0,-734.0,-975.0,1163.0, 
"=""16:18:16.953""",0,0,-5744.0,4872.0,-11732.0,-4.0,23.0,45.0, ,"=""16:18:16.953""",0,0,-680.0,-16792.0,20108.0,6.0,23.0,-75.0, ,"=""16:18:16.953""",0,0,-2820.0,-908.0,20788.0,-685.0,-996.0,1164.0, 
"=""16:18:17.055""",0,0,-5900.0,4924.0,-11704.0,75.0,30.0,-40.0, ,"=""16:18:17.056""",0,0,-680.0,-16792.0,20108.0,6.0,23.0,-75.0, ,"=""16:18:17.056""",0,0,-2820.0,-908.0,20788.0,-685.0,-996.0,1164.0, 
"=""16:18:17.157""",0,0,-5900.0,4924.0,-11704.0,75.0,30.0,-40.0, ,"=""16:18:17.157""",0,0,-680.0,-16792.0,20108.0,6.0,23.0,-75.0, ,"=""16:18:17.157""",0,0,-2820.0,-908.0,20788.0,-685.0,-996.0,1164.0, 
"=""16:18:17.259""",0,0,-5900.0,4924.0,-11704.0,75.0,30.0,-40.0, ,"=""16:18:17.259""",0,0,-680.0,-16792.0,20108.0,6.0,23.0,-75.0, ,"=""16:18:17.259""",0,0,-2820.0,-908.0,20788.0,-685.0,-996.0,1164.0, 
"=""16:18:17.361""",0,0,-5900.0,4924.0,-11704.0,75.0,30.0,-40.0, ,"=""16:18:17.361""",0,0,-680.0,-16792.0,20108.0,6.0,23.0,-75.0, ,"=""16:18:17.361""",0,0,-2820.0,-908.0,20788.0,-685.0,-996.0,1164.0, 
"=""16:18:17.464""",0,0,-5900.0,4924.0,-11704.0,75.0,30.0,-40.0, ,"=""16:18:17.464""",0,0,-680.0,-16792.0,20108.0,6.0,23.0,-75.0, ,"=""16:18:17.464""",0,0,-2820.0,-908.0,20788.0,-685.0,-996.0,1164.0, 
"=""16:18:17.565""",0,0,-5900.0,4924.0,-11704.0,75.0,30.0,-40.0, ,"=""16:18:17.565""",0,0,-680.0,-16792.0,20108.0,6.0,23.0,-75.0, ,"=""16:18:17.566""",0,0,-2820.0,-908.0,20788.0,-685.0,-996.0,1164.0, 
"=""16:18:17.667""",0,0,-5900.0,4924.0,-11704.0,75.0,30.0,-40.0, ,"=""16:18:17.667""",0,0,-680.0,-16792.0,20108.0,6.0,23.0,-75.0, ,"=""16:18:17.667""",0,0,-2860.0,-936.0,20744.0,-597.0,-987.0,1203.0, 
"=""16:18:17.769""",0,0,-5900.0,4924.0,-11704.0,75.0,30.0,-40.0, ,"=""16:18:17.769""",0,0,-724.0,-16748.0,20140.0,115.0,-33.0,24.0, ,"=""16:18:17.769""",0,0,-2860.0,-936.0,20744.0,-597.0,-987.0,1203.0, 
"=""16:18:17.871""",0,0,-5772.0,4884.0,-11824.0,59.0,5.0,-48.0, ,"=""16:18:17.871""",0,0,-724.0,-16748.0,20140.0,115.0,-33.0,24.0, ,"=""16:18:17.871""",0,0,-2860.0,-936.0,20744.0,-597.0,-987.0,1203.0, 
"=""16:18:17.973""",0,0,-5772.0,4884.0,-11824.0,59.0,5.0,-48.0, ,"=""16:18:17.973""",0,0,-724.0,-16748.0,20140.0,115.0,-33.0,24.0, ,"=""16:18:17.973""",0,0,-2860.0,-936.0,20744.0,-597.0,-987.0,1203.0, 
"=""16:18:18.075""",0,0,-5772.0,4884.0,-11824.0,59.0,5.0,-48.0, ,"=""16:18:18.075""",0,0,-724.0,-16748.0,20140.0,115.0,-33.0,24.0, ,"=""16:18:18.075""",0,0,-2860.0,-936.0,20744.0,-597.0,-987.0,1203.0, 
"=""16:18:18.177""",0,0,-5772.0,4884.0,-11824.0,59.0,5.0,-48.0, ,"=""16:18:18.177""",0,0,-724.0,-16748.0,20140.0,115.0,-33.0,24.0, ,"=""16:18:18.177""",0,0,-2860.0,-936.0,20744.0,-597.0,-987.0,1203.0, 
"=""16:18:18.279""",0,0,-5772.0,4884.0,-11824.0,59.0,5.0,-48.0, ,"=""16:18:18.279""",0,0,-724.0,-16748.0,20140.0,115.0,-33.0,24.0, ,"=""16:18:18.279""",0,0,-2860.0,-936.0,20744.0,-597.0,-987.0,1203.0, 
"=""16:18:18.381""",0,0,-5772.0,4884.0,-11824.0,59.0,5.0,-48.0, ,"=""16:18:18.381""",0,0,-724.0,-16748.0,20140.0,115.0,-33.0,24.0, ,"=""16:18:18.381""",0,0,-2860.0,-936.0,20744.0,-597.0,-987.0,1203.0, 
"=""16:18:18.483""",0,0,-5772.0,4884.0,-11824.0,59.0,5.0,-48.0, ,"=""16:18:18.483""",0,0,-724.0,-16748.0,20140.0,115.0,-33.0,24.0, ,"=""16:18:18.483""",0,0,-3088.0,-1024.0,20552.0,-632.0,-991.0,1163.0, 
"=""16:18:18.585""",0,0,-5772.0,4884.0,-11824.0,59.0,5.0,-48.0, ,"=""16:18:18.585""",0,0,-752.0,-16840.0,20092.0,-61.0,35.0,22.0, ,"=""16:18:18.585""",0,0,-3088.0,-1024.0,20552.0,-632.0,-991.0,1163.0, 
"=""16:18:18.687""",0,0,-5816.0,5028.0,-11840.0,9.0,-4.0,-12.0, ,"=""16:18:18.687""",0,0,-752.0,-16840.0,20092.0,-61.0,35.0,22.0, ,"=""16:18:18.687""",0,0,-3088.0,-1024.0,20552.0,-632.0,-991.0,1163.0, 
"=""16:18:18.789""",0,0,-5816.0,5028.0,-11840.0,9.0,-4.0,-12.0, ,"=""16:18:18.789""",0,0,-752.0,-16840.0,20092.0,-61.0,35.0,22.0, ,"=""16:18:18.789""",0,0,-3088.0,-1024.0,20552.0,-632.0,-991.0,1163.0, 
"=""16:18:18.891""",0,0,-5816.0,5028.0,-11840.0,9.0,-4.0,-12.0, ,"=""16:18:18.891""",0,0,-752.0,-16840.0,20092.0,-61.0,35.0,22.0, ,"=""16:18:18.891""",0,0,-3088.0,-1024.0,20552.0,-632.0,-991.0,1163.0, 
"=""16:18:18.993""",0,0,-5816.0,5028.0,-11840.0,9.0,-4.0,-12.0, ,"=""16:18:18.993""",0,0,-752.0,-16840.0,20092.0,-61.0,35.0,22.0, ,"=""16:18:18.993""",0,0,-3088.0,-1024.0,20552.0,-632.0,-991.0,1163.0, 
"=""16:18:19.095""",0,0,-5816.0,5028.0,-11840.0,9.0,-4.0,-12.0, ,"=""16:18:19.095""",0,0,-752.0,-16840.0,20092.0,-61.0,35.0,22.0, ,"=""16:18:19.095""",0,0,-3088.0,-1024.0,20552.0,-632.0,-991.0,1163.0, 
"=""16:18:19.197""",0,0,-5816.0,5028.0,-11840.0,9.0,-4.0,-12.0, ,"=""16:18:19.197""",0,0,-752.0,-16840.0,20092.0,-61.0,35.0,22.0, ,"=""16:18:19.197""",0,0,-3088.0,-1024.0,20552.0,-632.0,-991.0,1163.0, 
"=""16:18:19.299""",0,0,-5816.0,5028.0,-11840.0,9.0,-4.0,-12.0, ,"=""16:18:19.299""",0,0,-752.0,-16840.0,20092.0,-61.0,35.0,22.0, ,"=""16:18:19.299""",0,0,-3168.0,-1120.0,20644.0,-641.0,-978.0,1143.0, 
"=""16:18:19.401""",0,0,-5848.0,4952.0,-11800.0,59.0,-6.0,-9.0, ,"=""16:18:19.401""",0,0,-728.0,-16836.0,20228.0,-54.0,26.0,-27.0, ,"=""16:18:19.401""",0,0,-3168.0,-1120.0,20644.0,-641.0,-978.0,1143.0, 
"=""16:18:19.503""",0,0,-5848.0,4952.0,-11800.0,59.0,-6.0,-9.0, ,"=""16:18:19.503""",0,0,-728.0,-16836.0,20228.0,-54.0,26.0,-27.0, ,"=""16:18:19.503""",0,0,-3168.0,-1120.0,20644.0,-641.0,-978.0,1143.0, 
"=""16:18:19.605""",0,0,-5848.0,4952.0,-11800.0,59.0,-6.0,-9.0, ,"=""16:18:19.605""",0,0,-728.0,-16836.0,20228.0,-54.0,26.0,-27.0, ,"=""16:18:19.605""",0,0,-3168.0,-1120.0,20644.0,-641.0,-978.0,1143.0, 
"=""16:18:19.707""",0,0,-5848.0,4952.0,-11800.0,59.0,-6.0,-9.0, ,"=""16:18:19.707""",0,0,-728.0,-16836.0,20228.0,-54.0,26.0,-27.0, ,"=""16:18:19.707""",0,0,-3168.0,-1120.0,20644.0,-641.0,-978.0,1143.0, 
"=""16:18:19.809""",0,0,-5848.0,4952.0,-11800.0,59.0,-6.0,-9.0, ,"=""16:18:19.809""",0,0,-728.0,-16836.0,20228.0,-54.0,26.0,-27.0, ,"=""16:18:19.809""",0,0,-3168.0,-1120.0,20644.0,-641.0,-978.0,1143.0, 
"=""16:18:19.911""",0,0,-5848.0,4952.0,-11800.0,59.0,-6.0,-9.0, ,"=""16:18:19.911""",0,0,-728.0,-16836.0,20228.0,-54.0,26.0,-27.0, ,"=""16:18:19.911""",0,0,-3168.0,-1120.0,20644.0,-641.0,-978.0,1143.0, 
"=""16:18:20.013""",0,0,-5848.0,4952.0,-11800.0,59.0,-6.0,-9.0, ,"=""16:18:20.013""",0,0,-728.0,-16836.0,20228.0,-54.0,26.0,-27.0, ,"=""16:18:20.013""",0,0,-3168.0,-1120.0,20644.0,-641.0,-978.0,1143.0, 
"=""16:18:20.115""",0,0,-5848.0,4952.0,-11800.0,59.0,-6.0,-9.0, ,"=""16:18:20.115""",0,0,-728.0,-16836.0,20228.0,-54.0,26.0,-27.0, ,"=""16:18:20.115""",0,0,-3188.0,-1100.0,20740.0,-609.0,-976.0,1161.0, 
"=""16:18:20.216""",0,0,-5728.0,4832.0,-11732.0,35.0,4.0,-11.0, ,"=""16:18:20.216""",0,0,-708.0,-16900.0,20180.0,61.0,-33.0,-22.0, ,"=""16:18:20.216""",0,0,-3188.0,-1100.0,20740.0,-609.0,-976.0,1161.0, 
"=""16:18:20.317""",0,0,-5728.0,4832.0,-11732.0,35.0,4.0,-11.0, ,"=""16:18:20.317""",0,0,-708.0,-16900.0,20180.0,61.0,-33.0,-22.0, ,"=""16:18:20.317""",0,0,-3188.0,-1100.0,20740.0,-609.0,-976.0,1161.0, 
"=""16:18:20.419""",0,0,-5728.0,4832.0,-11732.0,35.0,4.0,-11.0, ,"=""16:18:20.419""",0,0,-708.0,-16900.0,20180.0,61.0,-33.0,-22.0, ,"=""16:18:20.419""",0,0,-3188.0,-1100.0,20740.0,-609.0,-976.0,1161.0, 
"=""16:18:20.521""",0,0,-5728.0,4832.0,-11732.0,35.0,4.0,-11.0, ,"=""16:18:20.521""",0,0,-708.0,-16900.0,20180.0,61.0,-33.0,-22.0, ,"=""16:18:20.521""",0,0,-3188.0,-1100.0,20740.0,-609.0,-976.0,1161.0, 
"=""16:18:20.623""",0,0,-5728.0,4832.0,-11732.0,35.0,4.0,-11.0, ,"=""16:18:20.623""",0,0,-708.0,-16900.0,20180.0,61.0,-33.0,-22.0, ,"=""16:18:20.623""",0,0,-3188.0,-1100.0,20740.0,-609.0,-976.0,1161.0, 
"=""16:18:20.725""",0,0,-5728.0,4832.0,-11732.0,35.0,4.0,-11.0, ,"=""16:18:20.725""",0,0,-708.0,-16900.0,20180.0,61.0,-33.0,-22.0, ,"=""16:18:20.725""",0,0,-3188.0,-1100.0,20740.0,-609.0,-976.0,1161.0, 
"=""16:18:20.827""",0,0,-5728.0,4832.0,-11732.0,35.0,4.0,-11.0, ,"=""16:18:20.827""",0,0,-708.0,-16900.0,20180.0,61.0,-33.0,-22.0, ,"=""16:18:20.827""",0,0,-3188.0,-1100.0,20740.0,-609.0,-976.0,1161.0, 
"=""16:18:20.929""",0,0,-5728.0,4832.0,-11732.0,35.0,4.0,-11.0, ,"=""16:18:20.929""",0,0,-708.0,-16900.0,20180.0,61.0,-33.0,-22.0, ,"=""16:18:20.929""",0,0,-3304.0,-1068.0,20716.0,-592.0,-1005.0,1183.0, 
"=""16:18:21.030""",0,0,-5840.0,4936.0,-11728.0,57.0,21.0,-10.0, ,"=""16:18:21.030""",0,0,-720.0,-16744.0,20208.0,0.0,-6.0,-8.0, ,"=""16:18:21.030""",0,0,-3304.0,-1068.0,20716.0,-592.0,-1005.0,1183.0, 
"=""16:18:21.132""",0,0,-5840.0,4936.0,-11728.0,57.0,21.0,-10.0, ,"=""16:18:21.132""",0,0,-720.0,-16744.0,20208.0,0.0,-6.0,-8.0, ,"=""16:18:21.132""",0,0,-3304.0,-1068.0,20716.0,-592.0,-1005.0,1183.0, 
"=""16:18:21.234""",0,0,-5840.0,4936.0,-11728.0,57.0,21.0,-10.0, ,"=""16:18:21.234""",0,0,-720.0,-16744.0,20208.0,0.0,-6.0,-8.0, ,"=""16:18:21.234""",0,0,-3304.0,-1068.0,20716.0,-592.0,-1005.0,1183.0, 
"=""16:18:21.336""",0,0,-5840.0,4936.0,-11728.0,57.0,21.0,-10.0, ,"=""16:18:21.336""",0,0,-720.0,-16744.0,20208.0,0.0,-6.0,-8.0, ,"=""16:18:21.336""",0,0,-3304.0,-1068.0,20716.0,-592.0,-1005.0,1183.0, 
"=""16:18:21.438""",0,0,-5840.0,4936.0,-11728.0,57.0,21.0,-10.0, ,"=""16:18:21.438""",0,0,-720.0,-16744.0,20208.0,0.0,-6.0,-8.0, ,"=""16:18:21.438""",0,0,-3304.0,-1068.0,20716.0,-592.0,-1005.0,1183.0, 
"=""16:18:21.540""",0,0,-5840.0,4936.0,-11728.0,57.0,21.0,-10.0, ,"=""16:18:21.540""",0,0,-720.0,-16744.0,20208.0,0.0,-6.0,-8.0, ,"=""16:18:21.540""",0,0,-3304.0,-1068.0,20716.0,-592.0,-1005.0,1183.0, 
"=""16:18:21.642""",0,0,-5840.0,4936.0,-11728.0,57.0,21.0,-10.0, ,"=""16:18:21.642""",0,0,-720.0,-16744.0,20208.0,0.0,-6.0,-8.0, ,"=""16:18:21.642""",0,0,-3304.0,-1068.0,20716.0,-592.0,-1005.0,1183.0, 
"=""16:18:21.744""",0,0,-5840.0,4936.0,-11728.0,57.0,21.0,-10.0, ,"=""16:18:21.744""",0,0,-752.0,-16836.0,20104.0,-87.0,34.0,1.0, ,"=""16:18:21.744""",0,0,-3340.0,-1116.0,20540.0,-641.0,-994.0,1172.0, 
"=""16:18:21.846""",0,0,-5808.0,4988.0,-11700.0,22.0,18.0,-2.0, ,"=""16:18:21.846""",0,0,-752.0,-16836.0,20104.0,-87.0,34.0,1.0, ,"=""16:18:21.846""",0,0,-3340.0,-1116.0,20540.0,-641.0,-994.0,1172.0, 
"=""16:18:21.948""",0,0,-5808.0,4988.0,-11700.0,22.0,18.0,-2.0, ,"=""16:18:21.948""",0,0,-752.0,-16836.0,20104.0,-87.0,34.0,1.0, ,"=""16:18:21.948""",0,0,-3340.0,-1116.0,20540.0,-641.0,-994.0,1172.0, 
"=""16:18:22.050""",0,0,-5808.0,4988.0,-11700.0,22.0,18.0,-2.0, ,"=""16:18:22.050""",0,0,-752.0,-16836.0,20104.0,-87.0,34.0,1.0, ,"=""16:18:22.050""",0,0,-3340.0,-1116.0,20540.0,-641.0,-994.0,1172.0, 
"=""16:18:22.152""",0,0,-5808.0,4988.0,-11700.0,22.0,18.0,-2.0, ,"=""16:18:22.152""",0,0,-752.0,-16836.0,20104.0,-87.0,34.0,1.0, ,"=""16:18:22.152""",0,0,-3340.0,-1116.0,20540.0,-641.0,-994.0,1172.0, 
"=""16:18:22.254""",0,0,-5808.0,4988.0,-11700.0,22.0,18.0,-2.0, ,"=""16:18:22.254""",0,0,-752.0,-16836.0,20104.0,-87.0,34.0,1.0, ,"=""16:18:22.254""",0,0,-3340.0,-1116.0,20540.0,-641.0,-994.0,1172.0, 
"=""16:18:22.356""",0,0,-5808.0,4988.0,-11700.0,22.0,18.0,-2.0, ,"=""16:18:22.356""",0,0,-752.0,-16836.0,20104.0,-87.0,34.0,1.0, ,"=""16:18:22.356""",0,0,-3340.0,-1116.0,20540.0,-641.0,-994.0,1172.0, 
"=""16:18:22.457""",0,0,-5808.0,4988.0,-11700.0,22.0,18.0,-2.0, ,"=""16:18:22.457""",0,0,-752.0,-16836.0,20104.0,-87.0,34.0,1.0, ,"=""16:18:22.457""",0,0,-3492.0,-1172.0,20800.0,-652.0,-976.0,1189.0, 
"=""16:18:22.559""",0,0,-5808.0,4988.0,-11700.0,22.0,18.0,-2.0, ,"=""16:18:22.559""",0,0,-696.0,-16744.0,20124.0,88.0,-23.0,-29.0, ,"=""16:18:22.559""",0,0,-3492.0,-1172.0,20800.0,-652.0,-976.0,1189.0, 
"=""16:18:22.661""",0,0,-5948.0,4884.0,-11536.0,4.0,12.0,5.0, ,"=""16:18:22.661""",0,0,-696.0,-16744.0,20124.0,88.0,-23.0,-29.0, ,"=""16:18:22.661""",0,0,-3492.0,-1172.0,20800.0,-652.0,-976.0,1189.0, 
"=""16:18:22.763""",0,0,-5948.0,4884.0,-11536.0,4.0,12.0,5.0, ,"=""16:18:22.763""",0,0,-696.0,-16744.0,20124.0,88.0,-23.0,-29.0, ,"=""16:18:22.763""",0,0,-3492.0,-1172.0,20800.0,-652.0,-976.0,1189.0, 
"=""16:18:22.865""",0,0,-5948.0,4884.0,-11536.0,4.0,12.0,5.0, ,"=""16:18:22.865""",0,0,-696.0,-16744.0,20124.0,88.0,-23.0,-29.0, ,"=""16:18:22.865""",0,0,-3492.0,-1172.0,20800.0,-652.0,-976.0,1189.0, 
"=""16:18:22.967""",0,0,-5948.0,4884.0,-11536.0,4.0,12.0,5.0, ,"=""16:18:22.967""",0,0,-696.0,-16744.0,20124.0,88.0,-23.0,-29.0, ,"=""16:18:22.967""",0,0,-3492.0,-1172.0,20800.0,-652.0,-976.0,1189.0, 
"=""16:18:23.069""",0,0,-5948.0,4884.0,-11536.0,4.0,12.0,5.0, ,"=""16:18:23.069""",0,0,-696.0,-16744.0,20124.0,88.0,-23.0,-29.0, ,"=""16:18:23.069""",0,0,-3492.0,-1172.0,20800.0,-652.0,-976.0,1189.0, 
"=""16:18:23.171""",0,0,-5948.0,4884.0,-11536.0,4.0,12.0,5.0, ,"=""16:18:23.171""",0,0,-696.0,-16744.0,20124.0,88.0,-23.0,-29.0, ,"=""16:18:23.171""",0,0,-3492.0,-1172.0,20800.0,-652.0,-976.0,1189.0, 
"=""16:18:23.273""",0,0,-5948.0,4884.0,-11536.0,4.0,12.0,5.0, ,"=""16:18:23.273""",0,0,-696.0,-16744.0,20124.0,88.0,-23.0,-29.0, ,"=""16:18:23.273""",0,0,-3584.0,-1032.0,20636.0,-629.0,-983.0,1192.0, 
"=""16:18:23.375""",0,0,-5948.0,4884.0,-11536.0,4.0,12.0,5.0, ,"=""16:18:23.375""",0,0,-732.0,-16688.0,20060.0,20.0,-19.0,-49.0, ,"=""16:18:23.375""",0,0,-3584.0,-1032.0,20636.0,-629.0,-983.0,1192.0, 
"=""16:18:23.477""",0,0,-5872.0,4948.0,-11708.0,37.0,-1.0,-7.0, ,"=""16:18:23.477""",0,0,-732.0,-16688.0,20060.0,20.0,-19.0,-49.0, ,"=""16:18:23.477""",0,0,-3584.0,-1032.0,20636.0,-629.0,-983.0,1192.0, 
"=""16:18:23.579""",0,0,-5872.0,4948.0,-11708.0,37.0,-1.0,-7.0, ,"=""16:18:23.580""",0,0,-732.0,-16688.0,20060.0,20.0,-19.0,-49.0, ,"=""16:18:23.580""",0,0,-3584.0,-1032.0,20636.0,-629.0,-983.0,1192.0, 
"=""16:18:23.681""",0,0,-5872.0,4948.0,-11708.0,37.0,-1.0,-7.0, ,"=""16:18:23.681""",0,0,-732.0,-16688.0,20060.0,20.0,-19.0,-49.0, ,"=""16:18:23.681""",0,0,-3584.0,-1032.0,20636.0,-629.0,-983.0,1192.0, 
"=""16:18:23.783""",0,0,-5872.0,4948.0,-11708.0,37.0,-1.0,-7.0, ,"=""16:18:23.783""",0,0,-732.0,-16688.0,20060.0,20.0,-19.0,-49.0, ,"=""16:18:23.783""",0,0,-3584.0,-1032.0,20636.0,-629.0,-983.0,1192.0, 
"=""16:18:23.885""",0,0,-5872.0,4948.0,-11708.0,37.0,-1.0,-7.0, ,"=""16:18:23.885""",0,0,-732.0,-16688.0,20060.0,20.0,-19.0,-49.0, ,"=""16:18:23.885""",0,0,-3584.0,-1032.0,20636.0,-629.0,-983.0,1192.0, 
"=""16:18:23.987""",0,0,-5872.0,4948.0,-11708.0,37.0,-1.0,-7.0, ,"=""16:18:23.987""",0,0,-732.0,-16688.0,20060.0,20.0,-19.0,-49.0, ,"=""16:18:23.987""",0,0,-3584.0,-1032.0,20636.0,-629.0,-983.0,1192.0, 
"=""16:18:24.089""",0,0,-5872.0,4948.0,-11708.0,37.0,-1.0,-7.0, ,"=""16:18:24.089""",0,0,-732.0,-16688.0,20060.0,20.0,-19.0,-49.0, ,"=""16:18:24.089""",0,0,-3644.0,-1192.0,20636.0,-625.0,-1013.0,1210.0, 
"=""16:18:24.191""",0,0,-5872.0,4948.0,-11708.0,37.0,-1.0,-7.0, ,"=""16:18:24.191""",0,0,-860.0,-16696.0,20136.0,3.0,8.0,-1.0, ,"=""16:18:24.191""",0,0,-3644.0,-1192.0,20636.0,-625.0,-1013.0,1210.0, 
"=""16:18:24.293""",0,0,-5976.0,4908.0,-11840.0,-18.0,2.0,1.0, ,"=""16:18:24.293""",0,0,-860.0,-16696.0,20136.0,3.0,8.0,-1.0, ,"=""16:18:24.293""",0,0,-3644.0,-1192.0,20636.0,-625.0,-1013.0,1210.0, 
"=""16:18:24.395""",0,0,-5976.0,4908.0,-11840.0,-18.0,2.0,1.0, ,"=""16:18:24.395""",0,0,-860.0,-16696.0,20136.0,3.0,8.0,-1.0, ,"=""16:18:24.395""",0,0,-3644.0,-1192.0,20636.0,-625.0,-1013.0,1210.0, 
"=""16:18:24.495""",0,0,-5976.0,4908.0,-11840.0,-18.0,2.0,1.0, ,"=""16:18:24.495""",0,0,-860.0,-16696.0,20136.0,3.0,8.0,-1.0, ,"=""16:18:24.495""",0,0,-3644.0,-1192.0,20636.0,-625.0,-1013.0,1210.0, 
"=""16:18:24.598""",0,0,-5976.0,4908.0,-11840.0,-18.0,2.0,1.0, ,"=""16:18:24.598""",0,0,-860.0,-16696.0,20136.0,3.0,8.0,-1.0, ,"=""16:18:24.598""",0,0,-3644.0,-1192.0,20636.0,-625.0,-1013.0,1210.0, 
"=""16:18:24.702""",0,0,-5976.0,4908.0,-11840.0,-18.0,2.0,1.0, ,"=""16:18:24.702""",0,0,-860.0,-16696.0,20136.0,3.0,8.0,-1.0, ,"=""16:18:24.702""",0,0,-3644.0,-1192.0,20636.0,-625.0,-1013.0,1210.0, 
"=""16:18:24.803""",0,0,-5976.0,4908.0,-11840.0,-18.0,2.0,1.0, ,"=""16:18:24.803""",0,0,-860.0,-16696.0,20136.0,3.0,8.0,-1.0, ,"=""16:18:24.803""",0,0,-3644.0,-1192.0,20636.0,-625.0,-1013.0,1210.0, 
"=""16:18:24.905""",0,0,-5976.0,4908.0,-11840.0,-18.0,2.0,1.0, ,"=""16:18:24.905""",0,0,-860.0,-16696.0,20136.0,3.0,8.0,-1.0, ,"=""16:18:24.905""",0,0,-3464.0,-952.0,20672.0,-678.0,-1004.0,1188.0, 
"=""16:18:25.007""",0,0,-5864.0,4904.0,-11652.0,65.0,44.0,31.0, ,"=""16:18:25.007""",0,0,-664.0,-16724.0,20188.0,0.0,-3.0,16.0, ,"=""16:18:25.007""",0,0,-3464.0,-952.0,20672.0,-678.0,-1004.0,1188.0, 
"=""16:18:25.108""",0,0,-5864.0,4904.0,-11652.0,65.0,44.0,31.0, ,"=""16:18:25.108""",0,0,-664.0,-16724.0,20188.0,0.0,-3.0,16.0, ,"=""16:18:25.108""",0,0,-3464.0,-952.0,20672.0,-678.0,-1004.0,1188.0, 
"=""16:18:25.209""",0,0,-5864.0,4904.0,-11652.0,65.0,44.0,31.0, ,"=""16:18:25.209""",0,0,-664.0,-16724.0,20188.0,0.0,-3.0,16.0, ,"=""16:18:25.209""",0,0,-3464.0,-952.0,20672.0,-678.0,-1004.0,1188.0, 
"=""16:18:25.311""",0,0,-5864.0,4904.0,-11652.0,65.0,44.0,31.0, ,"=""16:18:25.311""",0,0,-664.0,-16724.0,20188.0,0.0,-3.0,16.0, ,"=""16:18:25.311""",0,0,-3464.0,-952.0,20672.0,-678.0,-1004.0,1188.0, 
"=""16:18:25.413""",0,0,-5864.0,4904.0,-11652.0,65.0,44.0,31.0, ,"=""16:18:25.413""",0,0,-664.0,-16724.0,20188.0,0.0,-3.0,16.0, ,"=""16:18:25.413""",0,0,-3464.0,-952.0,20672.0,-678.0,-1004.0,1188.0, 
"=""16:18:25.515""",0,0,-5864.0,4904.0,-11652.0,65.0,44.0,31.0, ,"=""16:18:25.515""",0,0,-664.0,-16724.0,20188.0,0.0,-3.0,16.0, ,"=""16:18:25.515""",0,0,-3464.0,-952.0,20672.0,-678.0,-1004.0,1188.0, 
"=""16:18:25.617""",0,0,-5864.0,4904.0,-11652.0,65.0,44.0,31.0, ,"=""16:18:25.617""",0,0,-664.0,-16724.0,20188.0,0.0,-3.0,16.0, ,"=""16:18:25.617""",0,0,-3464.0,-952.0,20672.0,-678.0,-1004.0,1188.0, 
"=""16:18:25.719""",0,0,-5864.0,4904.0,-11652.0,65.0,44.0,31.0, ,"=""16:18:25.719""",0,0,-664.0,-16724.0,20188.0,0.0,-3.0,16.0, ,"=""16:18:25.719""",0,0,-3476.0,-1124.0,20724.0,-672.0,-1006.0,1187.0, 
"=""16:18:25.821""",0,0,-5856.0,4820.0,-11636.0,21.0,34.0,11.0, ,"=""16:18:25.821""",0,0,-756.0,-16860.0,20164.0,55.0,-15.0,-5.0, ,"=""16:18:25.821""",0,0,-3476.0,-1124.0,20724.0,-672.0,-1006.0,1187.0, 
"=""16:18:25.923""",0,0,-5856.0,4820.0,-11636.0,21.0,34.0,11.0, ,"=""16:18:25.923""",0,0,-756.0,-16860.0,20164.0,55.0,-15.0,-5.0, ,"=""16:18:25.923""",0,0,-3476.0,-1124.0,20724.0,-672.0,-1006.0,1187.0, 
"=""16:18:26.024""",0,0,-5856.0,4820.0,-11636.0,21.0,34.0,11.0, ,"=""16:18:26.024""",0,0,-756.0,-16860.0,20164.0,55.0,-15.0,-5.0, ,"=""16:18:26.024""",0,0,-3476.0,-1124.0,20724.0,-672.0,-1006.0,1187.0, 
"=""16:18:26.126""",0,0,-5856.0,4820.0,-11636.0,21.0,34.0,11.0, ,"=""16:18:26.127""",0,0,-756.0,-16860.0,20164.0,55.0,-15.0,-5.0, ,"=""16:18:26.127""",0,0,-3476.0,-1124.0,20724.0,-672.0,-1006.0,1187.0, 
"=""16:18:26.228""",0,0,-5856.0,4820.0,-11636.0,21.0,34.0,11.0, ,"=""16:18:26.228""",0,0,-756.0,-16860.0,20164.0,55.0,-15.0,-5.0, ,"=""16:18:26.228""",0,0,-3476.0,-1124.0,20724.0,-672.0,-1006.0,1187.0, 
"=""16:18:26.330""",0,0,-5856.0,4820.0,-11636.0,21.0,34.0,11.0, ,"=""16:18:26.330""",0,0,-756.0,-16860.0,20164.0,55.0,-15.0,-5.0, ,"=""16:18:26.330""",0,0,-3476.0,-1124.0,20724.0,-672.0,-1006.0,1187.0, 
"=""16:18:26.432""",0,0,-5856.0,4820.0,-11636.0,21.0,34.0,11.0, ,"=""16:18:26.432""",0,0,-756.0,-16860.0,20164.0,55.0,-15.0,-5.0, ,"=""16:18:26.432""",0,0,-3476.0,-1124.0,20724.0,-672.0,-1006.0,1187.0, 
"=""16:18:26.533""",0,0,-5856.0,4820.0,-11636.0,21.0,34.0,11.0, ,"=""16:18:26.533""",0,0,-740.0,-16860.0,20068.0,-57.0,45.0,18.0, ,"=""16:18:26.533""",0,0,-3448.0,-988.0,20664.0,-672.0,-1025.0,1162.0, 
"=""16:18:26.635""",0,0,-5816.0,5044.0,-11648.0,45.0,44.0,16.0, ,"=""16:18:26.635""",0,0,-740.0,-16860.0,20068.0,-57.0,45.0,18.0, ,"=""16:18:26.635""",0,0,-3448.0,-988.0,20664.0,-672.0,-1025.0,1162.0, 
"=""16:18:26.736""",0,0,-5816.0,5044.0,-11648.0,45.0,44.0,16.0, ,"=""16:18:26.736""",0,0,-740.0,-16860.0,20068.0,-57.0,45.0,18.0, ,"=""16:18:26.736""",0,0,-3448.0,-988.0,20664.0,-672.0,-1025.0,1162.0, 
"=""16:18:26.838""",0,0,-5816.0,5044.0,-11648.0,45.0,44.0,16.0, ,"=""16:18:26.838""",0,0,-740.0,-16860.0,20068.0,-57.0,45.0,18.0, ,"=""16:18:26.838""",0,0,-3448.0,-988.0,20664.0,-672.0,-1025.0,1162.0, 
"=""16:18:26.940""",0,0,-5816.0,5044.0,-11648.0,45.0,44.0,16.0, ,"=""16:18:26.940""",0,0,-740.0,-16860.0,20068.0,-57.0,45.0,18.0, ,"=""16:18:26.940""",0,0,-3448.0,-988.0,20664.0,-672.0,-1025.0,1162.0, 
"=""16:18:27.042""",0,0,-5816.0,5044.0,-11648.0,45.0,44.0,16.0, ,"=""16:18:27.042""",0,0,-740.0,-16860.0,20068.0,-57.0,45.0,18.0, ,"=""16:18:27.042""",0,0,-3448.0,-988.0,20664.0,-672.0,-1025.0,1162.0, 
"=""16:18:27.144""",0,0,-5816.0,5044.0,-11648.0,45.0,44.0,16.0, ,"=""16:18:27.144""",0,0,-740.0,-16860.0,20068.0,-57.0,45.0,18.0, ,"=""16:18:27.144""",0,0,-3448.0,-988.0,20664.0,-672.0,-1025.0,1162.0, 
"=""16:18:27.246""",0,0,-5816.0,5044.0,-11648.0,45.0,44.0,16.0, ,"=""16:18:27.246""",0,0,-740.0,-16860.0,20068.0,-57.0,45.0,18.0, ,"=""16:18:27.246""",0,0,-3448.0,-988.0,20664.0,-672.0,-1025.0,1162.0, 
"=""16:18:27.348""",0,0,-5816.0,5044.0,-11648.0,45.0,44.0,16.0, ,"=""16:18:27.348""",0,0,-684.0,-16892.0,20084.0,-36.0,22.0,-2.0, ,"=""16:18:27.348""",0,0,-3136.0,-928.0,20724.0,-681.0,-968.0,1139.0, 
"=""16:18:27.449""",0,0,-5712.0,5008.0,-11684.0,15.0,8.0,15.0, ,"=""16:18:27.450""",0,0,-684.0,-16892.0,20084.0,-36.0,22.0,-2.0, ,"=""16:18:27.450""",0,0,-3136.0,-928.0,20724.0,-681.0,-968.0,1139.0, 
"=""16:18:27.552""",0,0,-5712.0,5008.0,-11684.0,15.0,8.0,15.0, ,"=""16:18:27.552""",0,0,-684.0,-16892.0,20084.0,-36.0,22.0,-2.0, ,"=""16:18:27.552""",0,0,-3136.0,-928.0,20724.0,-681.0,-968.0,1139.0, 
"=""16:18:27.654""",0,0,-5712.0,5008.0,-11684.0,15.0,8.0,15.0, ,"=""16:18:27.654""",0,0,-684.0,-16892.0,20084.0,-36.0,22.0,-2.0, ,"=""16:18:27.654""",0,0,-3136.0,-928.0,20724.0,-681.0,-968.0,1139.0, 
"=""16:18:27.756""",0,0,-5712.0,5008.0,-11684.0,15.0,8.0,15.0, ,"=""16:18:27.756""",0,0,-684.0,-16892.0,20084.0,-36.0,22.0,-2.0, ,"=""16:18:27.756""",0,0,-3136.0,-928.0,20724.0,-681.0,-968.0,1139.0, 
"=""16:18:27.858""",0,0,-5712.0,5008.0,-11684.0,15.0,8.0,15.0, ,"=""16:18:27.858""",0,0,-684.0,-16892.0,20084.0,-36.0,22.0,-2.0, ,"=""16:18:27.858""",0,0,-3136.0,-928.0,20724.0,-681.0,-968.0,1139.0, 
"=""16:18:27.960""",0,0,-5712.0,5008.0,-11684.0,15.0,8.0,15.0, ,"=""16:18:27.960""",0,0,-684.0,-16892.0,20084.0,-36.0,22.0,-2.0, ,"=""16:18:27.960""",0,0,-3136.0,-928.0,20724.0,-681.0,-968.0,1139.0, 
"=""16:18:28.062""",0,0,-5712.0,5008.0,-11684.0,15.0,8.0,15.0, ,"=""16:18:28.062""",0,0,-684.0,-16892.0,20084.0,-36.0,22.0,-2.0, ,"=""16:18:28.062""",0,0,-3136.0,-928.0,20724.0,-681.0,-968.0,1139.0, 
"=""16:18:28.164""",0,0,-5712.0,5008.0,-11684.0,15.0,8.0,15.0, ,"=""16:18:28.164""",0,0,-740.0,-16752.0,20096.0,-67.0,8.0,7.0, ,"=""16:18:28.164""",0,0,-3068.0,-868.0,20644.0,-655.0,-1002.0,1189.0, 
"=""16:18:28.266""",0,0,-5772.0,4992.0,-11556.0,83.0,38.0,7.0, ,"=""16:18:28.266""",0,0,-740.0,-16752.0,20096.0,-67.0,8.0,7.0, ,"=""16:18:28.266""",0,0,-3068.0,-868.0,20644.0,-655.0,-1002.0,1189.0, 
"=""16:18:28.368""",0,0,-5772.0,4992.0,-11556.0,83.0,38.0,7.0, ,"=""16:18:28.368""",0,0,-740.0,-16752.0,20096.0,-67.0,8.0,7.0, ,"=""16:18:28.368""",0,0,-3068.0,-868.0,20644.0,-655.0,-1002.0,1189.0, 
"=""16:18:28.470""",0,0,-5772.0,4992.0,-11556.0,83.0,38.0,7.0, ,"=""16:18:28.470""",0,0,-740.0,-16752.0,20096.0,-67.0,8.0,7.0, ,"=""16:18:28.470""",0,0,-3068.0,-868.0,20644.0,-655.0,-1002.0,1189.0, 
"=""16:18:28.572""",0,0,-5772.0,4992.0,-11556.0,83.0,38.0,7.0, ,"=""16:18:28.573""",0,0,-740.0,-16752.0,20096.0,-67.0,8.0,7.0, ,"=""16:18:28.573""",0,0,-3068.0,-868.0,20644.0,-655.0,-1002.0,1189.0, 
"=""16:18:28.675""",0,0,-5772.0,4992.0,-11556.0,83.0,38.0,7.0, ,"=""16:18:28.675""",0,0,-740.0,-16752.0,20096.0,-67.0,8.0,7.0, ,"=""16:18:28.675""",0,0,-3068.0,-868.0,20644.0,-655.0,-1002.0,1189.0, 
"=""16:18:28.777""",0,0,-5772.0,4992.0,-11556.0,83.0,38.0,7.0, ,"=""16:18:28.777""",0,0,-740.0,-16752.0,20096.0,-67.0,8.0,7.0, ,"=""16:18:28.777""",0,0,-3068.0,-868.0,20644.0,-655.0,-1002.0,1189.0, 
"=""16:18:28.878""",0,0,-5772.0,4992.0,-11556.0,83.0,38.0,7.0, ,"=""16:18:28.878""",0,0,-740.0,-16752.0,20096.0,-67.0,8.0,7.0, ,"=""16:18:28.878""",0,0,-2964.0,-904.0,20700.0,-643.0,-992.0,1177.0, 
"=""16:18:28.980""",0,0,-5792.0,4932.0,-11740.0,-32.0,5.0,-3.0, ,"=""16:18:28.980""",0,0,-824.0,-16772.0,20064.0,27.0,-19.0,-3.0, ,"=""16:18:28.980""",0,0,-2964.0,-904.0,20700.0,-643.0,-992.0,1177.0, 
"=""16:18:29.082""",0,0,-5792.0,4932.0,-11740.0,-32.0,5.0,-3.0, ,"=""16:18:29.082""",0,0,-824.0,-16772.0,20064.0,27.0,-19.0,-3.0, ,"=""16:18:29.082""",0,0,-2964.0,-904.0,20700.0,-643.0,-992.0,1177.0, 
"=""16:18:29.183""",0,0,-5792.0,4932.0,-11740.0,-32.0,5.0,-3.0, ,"=""16:18:29.183""",0,0,-824.0,-16772.0,20064.0,27.0,-19.0,-3.0, ,"=""16:18:29.183""",0,0,-2964.0,-904.0,20700.0,-643.0,-992.0,1177.0, 
"=""16:18:29.285""",0,0,-5792.0,4932.0,-11740.0,-32.0,5.0,-3.0, ,"=""16:18:29.285""",0,0,-824.0,-16772.0,20064.0,27.0,-19.0,-3.0, ,"=""16:18:29.285""",0,0,-2964.0,-904.0,20700.0,-643.0,-992.0,1177.0, 
"=""16:18:29.387""",0,0,-5792.0,4932.0,-11740.0,-32.0,5.0,-3.0, ,"=""16:18:29.387""",0,0,-824.0,-16772.0,20064.0,27.0,-19.0,-3.0, ,"=""16:18:29.387""",0,0,-2964.0,-904.0,20700.0,-643.0,-992.0,1177.0, 
"=""16:18:29.489""",0,0,-5792.0,4932.0,-11740.0,-32.0,5.0,-3.0, ,"=""16:18:29.489""",0,0,-824.0,-16772.0,20064.0,27.0,-19.0,-3.0, ,"=""16:18:29.489""",0,0,-2964.0,-904.0,20700.0,-643.0,-992.0,1177.0, 
"=""16:18:29.592""",0,0,-5792.0,4932.0,-11740.0,-32.0,5.0,-3.0, ,"=""16:18:29.592""",0,0,-824.0,-16772.0,20064.0,27.0,-19.0,-3.0, ,"=""16:18:29.592""",0,0,-2964.0,-904.0,20700.0,-643.0,-992.0,1177.0, 
"=""16:18:29.694""",0,0,-5792.0,4932.0,-11740.0,-32.0,5.0,-3.0, ,"=""16:18:29.694""",0,0,-824.0,-16772.0,20064.0,27.0,-19.0,-3.0, ,"=""16:18:29.694""",0,0,-2892.0,-840.0,20880.0,-623.0,-994.0,1166.0, 
"=""16:18:29.795""",0,0,-5748.0,4964.0,-11740.0,16.0,-17.0,-15.0, ,"=""16:18:29.795""",0,0,-812.0,-16640.0,20120.0,53.0,19.0,12.0, ,"=""16:18:29.795""",0,0,-2892.0,-840.0,20880.0,-623.0,-994.0,1166.0, 
"=""16:18:29.897""",0,0,-5748.0,4964.0,-11740.0,16.0,-17.0,-15.0, ,"=""16:18:29.897""",0,0,-812.0,-16640.0,20120.0,53.0,19.0,12.0, ,"=""16:18:29.897""",0,0,-2892.0,-840.0,20880.0,-623.0,-994.0,1166.0, 
"=""16:18:29.999""",0,0,-5748.0,4964.0,-11740.0,16.0,-17.0,-15.0, ,"=""16:18:29.999""",0,0,-812.0,-16640.0,20120.0,53.0,19.0,12.0, ,"=""16:18:29.999""",0,0,-2892.0,-840.0,20880.0,-623.0,-994.0,1166.0, 
"=""16:18:30.101""",0,0,-5748.0,4964.0,-11740.0,16.0,-17.0,-15.0, ,"=""16:18:30.101""",0,0,-812.0,-16640.0,20120.0,53.0,19.0,12.0, ,"=""16:18:30.101""",0,0,-2892.0,-840.0,20880.0,-623.0,-994.0,1166.0, 
"=""16:18:30.203""",0,0,-5748.0,4964.0,-11740.0,16.0,-17.0,-15.0, ,"=""16:18:30.203""",0,0,-812.0,-16640.0,20120.0,53.0,19.0,12.0, ,"=""16:18:30.203""",0,0,-2892.0,-840.0,20880.0,-623.0,-994.0,1166.0, 
"=""16:18:30.305""",0,0,-5748.0,4964.0,-11740.0,16.0,-17.0,-15.0, ,"=""16:18:30.305""",0,0,-812.0,-16640.0,20120.0,53.0,19.0,12.0, ,"=""16:18:30.305""",0,0,-2892.0,-840.0,20880.0,-623.0,-994.0,1166.0, 
"=""16:18:30.406""",0,0,-5748.0,4964.0,-11740.0,16.0,-17.0,-15.0, ,"=""16:18:30.406""",0,0,-812.0,-16640.0,20120.0,53.0,19.0,12.0, ,"=""16:18:30.406""",0,0,-2892.0,-840.0,20880.0,-623.0,-994.0,1166.0, 
"=""16:18:30.508""",0,0,-5748.0,4964.0,-11740.0,16.0,-17.0,-15.0, ,"=""16:18:30.508""",0,0,-812.0,-16640.0,20120.0,53.0,19.0,12.0, ,"=""16:18:30.508""",0,0,-2924.0,-936.0,20796.0,-641.0,-1033.0,1165.0, 
"=""16:18:30.610""",0,0,-5844.0,4956.0,-11832.0,105.0,-2.0,-18.0, ,"=""16:18:30.610""",0,0,-836.0,-16772.0,20092.0,-5.0,12.0,-30.0, ,"=""16:18:30.610""",0,0,-2924.0,-936.0,20796.0,-641.0,-1033.0,1165.0, 
"=""16:18:30.712""",0,0,-5844.0,4956.0,-11832.0,105.0,-2.0,-18.0, ,"=""16:18:30.712""",0,0,-836.0,-16772.0,20092.0,-5.0,12.0,-30.0, ,"=""16:18:30.712""",0,0,-2924.0,-936.0,20796.0,-641.0,-1033.0,1165.0, 
"=""16:18:30.814""",0,0,-5844.0,4956.0,-11832.0,105.0,-2.0,-18.0, ,"=""16:18:30.814""",0,0,-836.0,-16772.0,20092.0,-5.0,12.0,-30.0, ,"=""16:18:30.814""",0,0,-2924.0,-936.0,20796.0,-641.0,-1033.0,1165.0, 
"=""16:18:30.915""",0,0,-5844.0,4956.0,-11832.0,105.0,-2.0,-18.0, ,"=""16:18:30.916""",0,0,-836.0,-16772.0,20092.0,-5.0,12.0,-30.0, ,"=""16:18:30.916""",0,0,-2924.0,-936.0,20796.0,-641.0,-1033.0,1165.0, 
"=""16:18:31.018""",0,0,-5844.0,4956.0,-11832.0,105.0,-2.0,-18.0, ,"=""16:18:31.018""",0,0,-836.0,-16772.0,20092.0,-5.0,12.0,-30.0, ,"=""16:18:31.018""",0,0,-2924.0,-936.0,20796.0,-641.0,-1033.0,1165.0, 
"=""16:18:31.120""",0,0,-5844.0,4956.0,-11832.0,105.0,-2.0,-18.0, ,"=""16:18:31.120""",0,0,-836.0,-16772.0,20092.0,-5.0,12.0,-30.0, ,"=""16:18:31.120""",0,0,-2924.0,-936.0,20796.0,-641.0,-1033.0,1165.0, 
"=""16:18:31.223""",0,0,-5844.0,4956.0,-11832.0,105.0,-2.0,-18.0, ,"=""16:18:31.223""",0,0,-836.0,-16772.0,20092.0,-5.0,12.0,-30.0, ,"=""16:18:31.223""",0,0,-2924.0,-936.0,20796.0,-641.0,-1033.0,1165.0, 
"=""16:18:31.324""",0,0,-5844.0,4956.0,-11832.0,105.0,-2.0,-18.0, ,"=""16:18:31.324""",0,0,-836.0,-16772.0,20092.0,-5.0,12.0,-30.0, ,"=""16:18:31.324""",0,0,-2804.0,-896.0,20668.0,-657.0,-983.0,1182.0, 
"=""16:18:31.425""",0,0,-6004.0,4980.0,-11668.0,-21.0,10.0,-5.0, ,"=""16:18:31.425""",0,0,-756.0,-16744.0,20204.0,-1.0,30.0,16.0, ,"=""16:18:31.425""",0,0,-2804.0,-896.0,20668.0,-657.0,-983.0,1182.0, 
"=""16:18:31.527""",0,0,-6004.0,4980.0,-11668.0,-21.0,10.0,-5.0, ,"=""16:18:31.527""",0,0,-756.0,-16744.0,20204.0,-1.0,30.0,16.0, ,"=""16:18:31.527""",0,0,-2804.0,-896.0,20668.0,-657.0,-983.0,1182.0, 
"=""16:18:31.629""",0,0,-6004.0,4980.0,-11668.0,-21.0,10.0,-5.0, ,"=""16:18:31.629""",0,0,-756.0,-16744.0,20204.0,-1.0,30.0,16.0, ,"=""16:18:31.629""",0,0,-2804.0,-896.0,20668.0,-657.0,-983.0,1182.0, 
"=""16:18:31.731""",0,0,-6004.0,4980.0,-11668.0,-21.0,10.0,-5.0, ,"=""16:18:31.731""",0,0,-756.0,-16744.0,20204.0,-1.0,30.0,16.0, ,"=""16:18:31.731""",0,0,-2804.0,-896.0,20668.0,-657.0,-983.0,1182.0, 
"=""16:18:31.832""",0,0,-6004.0,4980.0,-11668.0,-21.0,10.0,-5.0, ,"=""16:18:31.832""",0,0,-756.0,-16744.0,20204.0,-1.0,30.0,16.0, ,"=""16:18:31.832""",0,0,-2804.0,-896.0,20668.0,-657.0,-983.0,1182.0, 
"=""16:18:31.934""",0,0,-6004.0,4980.0,-11668.0,-21.0,10.0,-5.0, ,"=""16:18:31.934""",0,0,-756.0,-16744.0,20204.0,-1.0,30.0,16.0, ,"=""16:18:31.934""",0,0,-2804.0,-896.0,20668.0,-657.0,-983.0,1182.0, 
"=""16:18:32.036""",0,0,-6004.0,4980.0,-11668.0,-21.0,10.0,-5.0, ,"=""16:18:32.036""",0,0,-756.0,-16744.0,20204.0,-1.0,30.0,16.0, ,"=""16:18:32.036""",0,0,-2804.0,-896.0,20668.0,-657.0,-983.0,1182.0, 
"=""16:18:32.138""",0,0,-6004.0,4980.0,-11668.0,-21.0,10.0,-5.0, ,"=""16:18:32.138""",0,0,-760.0,-16760.0,20216.0,-32.0,2.0,7.0, ,"=""16:18:32.138""",0,0,-3076.0,-952.0,20604.0,-687.0,-946.0,1172.0, 
"=""16:18:32.240""",0,0,-5860.0,4868.0,-11648.0,23.0,16.0,34.0, ,"=""16:18:32.240""",0,0,-760.0,-16760.0,20216.0,-32.0,2.0,7.0, ,"=""16:18:32.240""",0,0,-3076.0,-952.0,20604.0,-687.0,-946.0,1172.0, 
"=""16:18:32.342""",0,0,-5860.0,4868.0,-11648.0,23.0,16.0,34.0, ,"=""16:18:32.342""",0,0,-760.0,-16760.0,20216.0,-32.0,2.0,7.0, ,"=""16:18:32.342""",0,0,-3076.0,-952.0,20604.0,-687.0,-946.0,1172.0, 
"=""16:18:32.444""",0,0,-5860.0,4868.0,-11648.0,23.0,16.0,34.0, ,"=""16:18:32.444""",0,0,-760.0,-16760.0,20216.0,-32.0,2.0,7.0, ,"=""16:18:32.444""",0,0,-3076.0,-952.0,20604.0,-687.0,-946.0,1172.0, 
"=""16:18:32.546""",0,0,-5860.0,4868.0,-11648.0,23.0,16.0,34.0, ,"=""16:18:32.546""",0,0,-760.0,-16760.0,20216.0,-32.0,2.0,7.0, ,"=""16:18:32.546""",0,0,-3076.0,-952.0,20604.0,-687.0,-946.0,1172.0, 
"=""16:18:32.648""",0,0,-5860.0,4868.0,-11648.0,23.0,16.0,34.0, ,"=""16:18:32.648""",0,0,-760.0,-16760.0,20216.0,-32.0,2.0,7.0, ,"=""16:18:32.648""",0,0,-3076.0,-952.0,20604.0,-687.0,-946.0,1172.0, 
"=""16:18:32.750""",0,0,-5860.0,4868.0,-11648.0,23.0,16.0,34.0, ,"=""16:18:32.750""",0,0,-760.0,-16760.0,20216.0,-32.0,2.0,7.0, ,"=""16:18:32.750""",0,0,-3076.0,-952.0,20604.0,-687.0,-946.0,1172.0, 
"=""16:18:32.852""",0,0,-5860.0,4868.0,-11648.0,23.0,16.0,34.0, ,"=""16:18:32.852""",0,0,-760.0,-16760.0,20216.0,-32.0,2.0,7.0, ,"=""16:18:32.852""",0,0,-3076.0,-952.0,20604.0,-687.0,-946.0,1172.0, 
"=""16:18:32.953""",0,0,-5860.0,4868.0,-11648.0,23.0,16.0,34.0, ,"=""16:18:32.953""",0,0,-796.0,-16848.0,20092.0,51.0,-63.0,-67.0, ,"=""16:18:32.953""",0,0,-3036.0,-1036.0,20748.0,-664.0,-981.0,1170.0, 
"=""16:18:33.055""",0,0,-5896.0,4800.0,-11712.0,65.0,18.0,5.0, ,"=""16:18:33.055""",0,0,-796.0,-16848.0,20092.0,51.0,-63.0,-67.0, ,"=""16:18:33.055""",0,0,-3036.0,-1036.0,20748.0,-664.0,-981.0,1170.0, 
"=""16:18:33.157""",0,0,-5896.0,4800.0,-11712.0,65.0,18.0,5.0, ,"=""16:18:33.157""",0,0,-796.0,-16848.0,20092.0,51.0,-63.0,-67.0, ,"=""16:18:33.157""",0,0,-3036.0,-1036.0,20748.0,-664.0,-981.0,1170.0, 
"=""16:18:33.259""",0,0,-5896.0,4800.0,-11712.0,65.0,18.0,5.0, ,"=""16:18:33.259""",0,0,-796.0,-16848.0,20092.0,51.0,-63.0,-67.0, ,"=""16:18:33.259""",0,0,-3036.0,-1036.0,20748.0,-664.0,-981.0,1170.0, 
"=""16:18:33.361""",0,0,-5896.0,4800.0,-11712.0,65.0,18.0,5.0, ,"=""16:18:33.361""",0,0,-796.0,-16848.0,20092.0,51.0,-63.0,-67.0, ,"=""16:18:33.361""",0,0,-3036.0,-1036.0,20748.0,-664.0,-981.0,1170.0, 
"=""16:18:33.463""",0,0,-5896.0,4800.0,-11712.0,65.0,18.0,5.0, ,"=""16:18:33.463""",0,0,-796.0,-16848.0,20092.0,51.0,-63.0,-67.0, ,"=""16:18:33.463""",0,0,-3036.0,-1036.0,20748.0,-664.0,-981.0,1170.0, 
"=""16:18:33.565""",0,0,-5896.0,4800.0,-11712.0,65.0,18.0,5.0, ,"=""16:18:33.565""",0,0,-796.0,-16848.0,20092.0,51.0,-63.0,-67.0, ,"=""16:18:33.565""",0,0,-3036.0,-1036.0,20748.0,-664.0,-981.0,1170.0, 
"=""16:18:33.667""",0,0,-5896.0,4800.0,-11712.0,65.0,18.0,5.0, ,"=""16:18:33.667""",0,0,-796.0,-16848.0,20092.0,51.0,-63.0,-67.0, ,"=""16:18:33.667""",0,0,-3036.0,-1036.0,20748.0,-664.0,-981.0,1170.0, 
"=""16:18:33.769""",0,0,-5896.0,4800.0,-11712.0,65.0,18.0,5.0, ,"=""16:18:33.769""",0,0,-760.0,-16856.0,20292.0,23.0,-4.0,-37.0, ,"=""16:18:33.769""",0,0,-3076.0,-1040.0,20700.0,-612.0,-1022.0,1211.0, 
"=""16:18:33.871""",0,0,-5912.0,4852.0,-11692.0,19.0,-19.0,-26.0, ,"=""16:18:33.871""",0,0,-760.0,-16856.0,20292.0,23.0,-4.0,-37.0, ,"=""16:18:33.871""",0,0,-3076.0,-1040.0,20700.0,-612.0,-1022.0,1211.0, 
"=""16:18:33.973""",0,0,-5912.0,4852.0,-11692.0,19.0,-19.0,-26.0, ,"=""16:18:33.973""",0,0,-760.0,-16856.0,20292.0,23.0,-4.0,-37.0, ,"=""16:18:33.973""",0,0,-3076.0,-1040.0,20700.0,-612.0,-1022.0,1211.0, 
"=""16:18:34.074""",0,0,-5912.0,4852.0,-11692.0,19.0,-19.0,-26.0, ,"=""16:18:34.074""",0,0,-760.0,-16856.0,20292.0,23.0,-4.0,-37.0, ,"=""16:18:34.074""",0,0,-3076.0,-1040.0,20700.0,-612.0,-1022.0,1211.0, 
"=""16:18:34.176""",0,0,-5912.0,4852.0,-11692.0,19.0,-19.0,-26.0, ,"=""16:18:34.176""",0,0,-760.0,-16856.0,20292.0,23.0,-4.0,-37.0, ,"=""16:18:34.176""",0,0,-3076.0,-1040.0,20700.0,-612.0,-1022.0,1211.0, 
"=""16:18:34.278""",0,0,-5912.0,4852.0,-11692.0,19.0,-19.0,-26.0, ,"=""16:18:34.278""",0,0,-760.0,-16856.0,20292.0,23.0,-4.0,-37.0, ,"=""16:18:34.278""",0,0,-3076.0,-1040.0,20700.0,-612.0,-1022.0,1211.0, 
"=""16:18:34.380""",0,0,-5912.0,4852.0,-11692.0,19.0,-19.0,-26.0, ,"=""16:18:34.380""",0,0,-760.0,-16856.0,20292.0,23.0,-4.0,-37.0, ,"=""16:18:34.380""",0,0,-3076.0,-1040.0,20700.0,-612.0,-1022.0,1211.0, 
"=""16:18:34.482""",0,0,-5912.0,4852.0,-11692.0,19.0,-19.0,-26.0, ,"=""16:18:34.482""",0,0,-760.0,-16856.0,20292.0,23.0,-4.0,-37.0, ,"=""16:18:34.482""",0,0,-3156.0,-1088.0,20784.0,-623.0,-1005.0,1184.0, 
"=""16:18:34.584""",0,0,-5912.0,4852.0,-11692.0,19.0,-19.0,-26.0, ,"=""16:18:34.584""",0,0,-728.0,-16760.0,20212.0,-30.0,33.0,32.0, ,"=""16:18:34.584""",0,0,-3156.0,-1088.0,20784.0,-623.0,-1005.0,1184.0, 
"=""16:18:34.686""",0,0,-5880.0,4960.0,-11800.0,28.0,15.0,-19.0, ,"=""16:18:34.686""",0,0,-728.0,-16760.0,20212.0,-30.0,33.0,32.0, ,"=""16:18:34.686""",0,0,-3156.0,-1088.0,20784.0,-623.0,-1005.0,1184.0, 
"=""16:18:34.788""",0,0,-5880.0,4960.0,-11800.0,28.0,15.0,-19.0, ,"=""16:18:34.788""",0,0,-728.0,-16760.0,20212.0,-30.0,33.0,32.0, ,"=""16:18:34.788""",0,0,-3156.0,-1088.0,20784.0,-623.0,-1005.0,1184.0, 
"=""16:18:34.890""",0,0,-5880.0,4960.0,-11800.0,28.0,15.0,-19.0, ,"=""16:18:34.890""",0,0,-728.0,-16760.0,20212.0,-30.0,33.0,32.0, ,"=""16:18:34.891""",0,0,-3156.0,-1088.0,20784.0,-623.0,-1005.0,1184.0, 
"=""16:18:34.992""",0,0,-5880.0,4960.0,-11800.0,28.0,15.0,-19.0, ,"=""16:18:34.992""",0,0,-728.0,-16760.0,20212.0,-30.0,33.0,32.0, ,"=""16:18:34.992""",0,0,-3156.0,-1088.0,20784.0,-623.0,-1005.0,1184.0, 
"=""16:18:35.094""",0,0,-5880.0,4960.0,-11800.0,28.0,15.0,-19.0, ,"=""16:18:35.094""",0,0,-728.0,-16760.0,20212.0,-30.0,33.0,32.0, ,"=""16:18:35.094""",0,0,-3156.0,-1088.0,20784.0,-623.0,-1005.0,1184.0, 
"=""16:18:35.196""",0,0,-5880.0,4960.0,-11800.0,28.0,15.0,-19.0, ,"=""16:18:35.196""",0,0,-728.0,-16760.0,20212.0,-30.0,33.0,32.0, ,"=""16:18:35.196""",0,0,-3156.0,-1088.0,20784.0,-623.0,-1005.0,1184.0, 
"=""16:18:35.298""",0,0,-5880.0,4960.0,-11800.0,28.0,15.0,-19.0, ,"=""16:18:35.298""",0,0,-728.0,-16760.0,20212.0,-30.0,33.0,32.0, ,"=""16:18:35.298""",0,0,-3188.0,-1140.0,20600.0,-676.0,-972.0,1180.0, 
"=""16:18:35.399""",0,0,-5840.0,5016.0,-11684.0,-9.0,3.0,19.0, ,"=""16:18:35.399""",0,0,-704.0,-16760.0,20004.0,-6.0,30.0,38.0, ,"=""16:18:35.399""",0,0,-3188.0,-1140.0,20600.0,-676.0,-972.0,1180.0, 
"=""16:18:35.501""",0,0,-5840.0,5016.0,-11684.0,-9.0,3.0,19.0, ,"=""16:18:35.501""",0,0,-704.0,-16760.0,20004.0,-6.0,30.0,38.0, ,"=""16:18:35.501""",0,0,-3188.0,-1140.0,20600.0,-676.0,-972.0,1180.0, 
"=""16:18:35.603""",0,0,-5840.0,5016.0,-11684.0,-9.0,3.0,19.0, ,"=""16:18:35.603""",0,0,-704.0,-16760.0,20004.0,-6.0,30.0,38.0, ,"=""16:18:35.603""",0,0,-3188.0,-1140.0,20600.0,-676.0,-972.0,1180.0, 
"=""16:18:35.705""",0,0,-5840.0,5016.0,-11684.0,-9.0,3.0,19.0, ,"=""16:18:35.705""",0,0,-704.0,-16760.0,20004.0,-6.0,30.0,38.0, ,"=""16:18:35.705""",0,0,-3188.0,-1140.0,20600.0,-676.0,-972.0,1180.0, 
"=""16:18:35.808""",0,0,-5840.0,5016.0,-11684.0,-9.0,3.0,19.0, ,"=""16:18:35.808""",0,0,-704.0,-16760.0,20004.0,-6.0,30.0,38.0, ,"=""16:18:35.808""",0,0,-3188.0,-1140.0,20600.0,-676.0,-972.0,1180.0, 
"=""16:18:35.910""",0,0,-5840.0,5016.0,-11684.0,-9.0,3.0,19.0, ,"=""16:18:35.910""",0,0,-704.0,-16760.0,20004.0,-6.0,30.0,38.0, ,"=""16:18:35.910""",0,0,-3188.0,-1140.0,20600.0,-676.0,-972.0,1180.0, 
"=""16:18:36.012""",0,0,-5840.0,5016.0,-11684.0,-9.0,3.0,19.0, ,"=""16:18:36.012""",0,0,-704.0,-16760.0,20004.0,-6.0,30.0,38.0, ,"=""16:18:36.012""",0,0,-3188.0,-1140.0,20600.0,-676.0,-972.0,1180.0, 
"=""16:18:36.114""",0,0,-5840.0,5016.0,-11684.0,-9.0,3.0,19.0, ,"=""16:18:36.114""",0,0,-704.0,-16760.0,20004.0,-6.0,30.0,38.0, ,"=""16:18:36.114""",0,0,-3576.0,-1112.0,20708.0,-685.0,-991.0,1175.0, 
"=""16:18:36.216""",0,0,-5852.0,4864.0,-11584.0,24.0,13.0,10.0, ,"=""16:18:36.216""",0,0,-700.0,-16648.0,20220.0,10.0,10.0,-3.0, ,"=""16:18:36.216""",0,0,-3576.0,-1112.0,20708.0,-685.0,-991.0,1175.0, 
"=""16:18:36.317""",0,0,-5852.0,4864.0,-11584.0,24.0,13.0,10.0, ,"=""16:18:36.317""",0,0,-700.0,-16648.0,20220.0,10.0,10.0,-3.0, ,"=""16:18:36.317""",0,0,-3576.0,-1112.0,20708.0,-685.0,-991.0,1175.0, 
"=""16:18:36.419""",0,0,-5852.0,4864.0,-11584.0,24.0,13.0,10.0, ,"=""16:18:36.420""",0,0,-700.0,-16648.0,20220.0,10.0,10.0,-3.0, ,"=""16:18:36.420""",0,0,-3576.0,-1112.0,20708.0,-685.0,-991.0,1175.0, 
"=""16:18:36.522""",0,0,-5852.0,4864.0,-11584.0,24.0,13.0,10.0, ,"=""16:18:36.522""",0,0,-700.0,-16648.0,20220.0,10.0,10.0,-3.0, ,"=""16:18:36.522""",0,0,-3576.0,-1112.0,20708.0,-685.0,-991.0,1175.0, 
"=""16:18:36.624""",0,0,-5852.0,4864.0,-11584.0,24.0,13.0,10.0, ,"=""16:18:36.624""",0,0,-700.0,-16648.0,20220.0,10.0,10.0,-3.0, ,"=""16:18:36.624""",0,0,-3576.0,-1112.0,20708.0,-685.0,-991.0,1175.0, 
"=""16:18:36.726""",0,0,-5852.0,4864.0,-11584.0,24.0,13.0,10.0, ,"=""16:18:36.726""",0,0,-700.0,-16648.0,20220.0,10.0,10.0,-3.0, ,"=""16:18:36.726""",0,0,-3576.0,-1112.0,20708.0,-685.0,-991.0,1175.0, 
"=""16:18:36.838""",0,0,-5852.0,4864.0,-11584.0,24.0,13.0,10.0, ,"=""16:18:36.838""",0,0,-700.0,-16648.0,20220.0,10.0,10.0,-3.0, ,"=""16:18:36.838""",0,0,-3576.0,-1112.0,20708.0,-685.0,-991.0,1175.0, 
"=""16:18:36.939""",0,0,-5852.0,4864.0,-11584.0,24.0,13.0,10.0, ,"=""16:18:36.939""",0,0,-720.0,-16736.0,20044.0,55.0,4.0,-34.0, ,"=""16:18:36.939""",0,0,-3456.0,-1132.0,20712.0,-639.0,-1007.0,1176.0, 
"=""16:18:37.041""",0,0,-5740.0,4972.0,-11704.0,18.0,14.0,-16.0, ,"=""16:18:37.041""",0,0,-720.0,-16736.0,20044.0,55.0,4.0,-34.0, ,"=""16:18:37.041""",0,0,-3456.0,-1132.0,20712.0,-639.0,-1007.0,1176.0, 
"=""16:18:37.143""",0,0,-5740.0,4972.0,-11704.0,18.0,14.0,-16.0, ,"=""16:18:37.143""",0,0,-720.0,-16736.0,20044.0,55.0,4.0,-34.0, ,"=""16:18:37.143""",0,0,-3456.0,-1132.0,20712.0,-639.0,-1007.0,1176.0, 
"=""16:18:37.245""",0,0,-5740.0,4972.0,-11704.0,18.0,14.0,-16.0, ,"=""16:18:37.245""",0,0,-720.0,-16736.0,20044.0,55.0,4.0,-34.0, ,"=""16:18:37.245""",0,0,-3456.0,-1132.0,20712.0,-639.0,-1007.0,1176.0, 
"=""16:18:37.346""",0,0,-5740.0,4972.0,-11704.0,18.0,14.0,-16.0, ,"=""16:18:37.346""",0,0,-720.0,-16736.0,20044.0,55.0,4.0,-34.0, ,"=""16:18:37.346""",0,0,-3456.0,-1132.0,20712.0,-639.0,-1007.0,1176.0, 
"=""16:18:37.448""",0,0,-5740.0,4972.0,-11704.0,18.0,14.0,-16.0, ,"=""16:18:37.448""",0,0,-720.0,-16736.0,20044.0,55.0,4.0,-34.0, ,"=""16:18:37.448""",0,0,-3456.0,-1132.0,20712.0,-639.0,-1007.0,1176.0, 
"=""16:18:37.550""",0,0,-5740.0,4972.0,-11704.0,18.0,14.0,-16.0, ,"=""16:18:37.550""",0,0,-720.0,-16736.0,20044.0,55.0,4.0,-34.0, ,"=""16:18:37.550""",0,0,-3456.0,-1132.0,20712.0,-639.0,-1007.0,1176.0, 
"=""16:18:37.652""",0,0,-5740.0,4972.0,-11704.0,18.0,14.0,-16.0, ,"=""16:18:37.652""",0,0,-720.0,-16736.0,20044.0,55.0,4.0,-34.0, ,"=""16:18:37.652""",0,0,-3456.0,-1132.0,20712.0,-639.0,-1007.0,1176.0, 
"=""16:18:37.753""",0,0,-5740.0,4972.0,-11704.0,18.0,14.0,-16.0, ,"=""16:18:37.754""",0,0,-656.0,-16720.0,20076.0,-55.0,3.0,36.0, ,"=""16:18:37.754""",0,0,-3480.0,-1108.0,20688.0,-622.0,-1011.0,1177.0, 
"=""16:18:37.855""",0,0,-5788.0,5088.0,-11788.0,11.0,10.0,-28.0, ,"=""16:18:37.855""",0,0,-656.0,-16720.0,20076.0,-55.0,3.0,36.0, ,"=""16:18:37.855""",0,0,-3480.0,-1108.0,20688.0,-622.0,-1011.0,1177.0, 
"=""16:18:37.957""",0,0,-5788.0,5088.0,-11788.0,11.0,10.0,-28.0, ,"=""16:18:37.957""",0,0,-656.0,-16720.0,20076.0,-55.0,3.0,36.0, ,"=""16:18:37.957""",0,0,-3480.0,-1108.0,20688.0,-622.0,-1011.0,1177.0, 
"=""16:18:38.059""",0,0,-5788.0,5088.0,-11788.0,11.0,10.0,-28.0, ,"=""16:18:38.059""",0,0,-656.0,-16720.0,20076.0,-55.0,3.0,36.0, ,"=""16:18:38.059""",0,0,-3480.0,-1108.0,20688.0,-622.0,-1011.0,1177.0, 
"=""16:18:38.161""",0,0,-5788.0,5088.0,-11788.0,11.0,10.0,-28.0, ,"=""16:18:38.161""",0,0,-656.0,-16720.0,20076.0,-55.0,3.0,36.0, ,"=""16:18:38.161""",0,0,-3480.0,-1108.0,20688.0,-622.0,-1011.0,1177.0, 
"=""16:18:38.263""",0,0,-5788.0,5088.0,-11788.0,11.0,10.0,-28.0, ,"=""16:18:38.263""",0,0,-656.0,-16720.0,20076.0,-55.0,3.0,36.0, ,"=""16:18:38.263""",0,0,-3480.0,-1108.0,20688.0,-622.0,-1011.0,1177.0, 
"=""16:18:38.364""",0,0,-5788.0,5088.0,-11788.0,11.0,10.0,-28.0, ,"=""16:18:38.364""",0,0,-656.0,-16720.0,20076.0,-55.0,3.0,36.0, ,"=""16:18:38.364""",0,0,-3480.0,-1108.0,20688.0,-622.0,-1011.0,1177.0, 
"=""16:18:38.466""",0,0,-5788.0,5088.0,-11788.0,11.0,10.0,-28.0, ,"=""16:18:38.466""",0,0,-656.0,-16720.0,20076.0,-55.0,3.0,36.0, ,"=""16:18:38.466""",0,0,-3480.0,-1108.0,20688.0,-622.0,-1011.0,1177.0, 
"=""16:18:38.568""",0,0,-5788.0,5088.0,-11788.0,11.0,10.0,-28.0, ,"=""16:18:38.568""",0,0,-712.0,-16732.0,20152.0,-88.0,63.0,43.0, ,"=""16:18:38.568""",0,0,-3628.0,-1220.0,20512.0,-704.0,-977.0,1156.0, 
"=""16:18:38.670""",0,0,-5784.0,4988.0,-11672.0,21.0,61.0,61.0, ,"=""16:18:38.670""",0,0,-712.0,-16732.0,20152.0,-88.0,63.0,43.0, ,"=""16:18:38.670""",0,0,-3628.0,-1220.0,20512.0,-704.0,-977.0,1156.0, 
"=""16:18:38.771""",0,0,-5784.0,4988.0,-11672.0,21.0,61.0,61.0, ,"=""16:18:38.771""",0,0,-712.0,-16732.0,20152.0,-88.0,63.0,43.0, ,"=""16:18:38.771""",0,0,-3628.0,-1220.0,20512.0,-704.0,-977.0,1156.0, 
"=""16:18:38.872""",0,0,-5784.0,4988.0,-11672.0,21.0,61.0,61.0, ,"=""16:18:38.872""",0,0,-712.0,-16732.0,20152.0,-88.0,63.0,43.0, ,"=""16:18:38.872""",0,0,-3628.0,-1220.0,20512.0,-704.0,-977.0,1156.0, 
"=""16:18:38.974""",0,0,-5784.0,4988.0,-11672.0,21.0,61.0,61.0, ,"=""16:18:38.974""",0,0,-712.0,-16732.0,20152.0,-88.0,63.0,43.0, ,"=""16:18:38.974""",0,0,-3628.0,-1220.0,20512.0,-704.0,-977.0,1156.0, 
"=""16:18:39.076""",0,0,-5784.0,4988.0,-11672.0,21.0,61.0,61.0, ,"=""16:18:39.076""",0,0,-712.0,-16732.0,20152.0,-88.0,63.0,43.0, ,"=""16:18:39.076""",0,0,-3628.0,-1220.0,20512.0,-704.0,-977.0,1156.0, 
"=""16:18:39.178""",0,0,-5784.0,4988.0,-11672.0,21.0,61.0,61.0, ,"=""16:18:39.178""",0,0,-712.0,-16732.0,20152.0,-88.0,63.0,43.0, ,"=""16:18:39.178""",0,0,-3628.0,-1220.0,20512.0,-704.0,-977.0,1156.0, 
"=""16:18:39.280""",0,0,-5784.0,4988.0,-11672.0,21.0,61.0,61.0, ,"=""16:18:39.280""",0,0,-712.0,-16732.0,20152.0,-88.0,63.0,43.0, ,"=""16:18:39.280""",0,0,-3436.0,-1172.0,20732.0,-680.0,-983.0,1175.0, 
"=""16:18:39.382""",0,0,-5784.0,4988.0,-11672.0,21.0,61.0,61.0, ,"=""16:18:39.382""",0,0,-764.0,-16708.0,20088.0,33.0,-18.0,-63.0, ,"=""16:18:39.382""",0,0,-3436.0,-1172.0,20732.0,-680.0,-983.0,1175.0, 
"=""16:18:39.484""",0,0,-5948.0,4880.0,-11804.0,62.0,27.0,16.0, ,"=""16:18:39.484""",0,0,-764.0,-16708.0,20088.0,33.0,-18.0,-63.0, ,"=""16:18:39.484""",0,0,-3436.0,-1172.0,20732.0,-680.0,-983.0,1175.0, 
"=""16:18:39.586""",0,0,-5948.0,4880.0,-11804.0,62.0,27.0,16.0, ,"=""16:18:39.586""",0,0,-764.0,-16708.0,20088.0,33.0,-18.0,-63.0, ,"=""16:18:39.586""",0,0,-3436.0,-1172.0,20732.0,-680.0,-983.0,1175.0, 
"=""16:18:39.688""",0,0,-5948.0,4880.0,-11804.0,62.0,27.0,16.0, ,"=""16:18:39.688""",0,0,-764.0,-16708.0,20088.0,33.0,-18.0,-63.0, ,"=""16:18:39.688""",0,0,-3436.0,-1172.0,20732.0,-680.0,-983.0,1175.0, 
"=""16:18:39.790""",0,0,-5948.0,4880.0,-11804.0,62.0,27.0,16.0, ,"=""16:18:39.790""",0,0,-764.0,-16708.0,20088.0,33.0,-18.0,-63.0, ,"=""16:18:39.790""",0,0,-3436.0,-1172.0,20732.0,-680.0,-983.0,1175.0, 
"=""16:18:39.891""",0,0,-5948.0,4880.0,-11804.0,62.0,27.0,16.0, ,"=""16:18:39.891""",0,0,-764.0,-16708.0,20088.0,33.0,-18.0,-63.0, ,"=""16:18:39.891""",0,0,-3436.0,-1172.0,20732.0,-680.0,-983.0,1175.0, 
"=""16:18:39.993""",0,0,-5948.0,4880.0,-11804.0,62.0,27.0,16.0, ,"=""16:18:39.993""",0,0,-764.0,-16708.0,20088.0,33.0,-18.0,-63.0, ,"=""16:18:39.993""",0,0,-3436.0,-1172.0,20732.0,-680.0,-983.0,1175.0, 
"=""16:18:40.094""",0,0,-5948.0,4880.0,-11804.0,62.0,27.0,16.0, ,"=""16:18:40.094""",0,0,-764.0,-16708.0,20088.0,33.0,-18.0,-63.0, ,"=""16:18:40.094""",0,0,-3448.0,-988.0,20736.0,-610.0,-1017.0,1159.0, 
"=""16:18:40.196""",0,0,-5948.0,4880.0,-11804.0,62.0,27.0,16.0, ,"=""16:18:40.196""",0,0,-804.0,-16832.0,20108.0,35.0,11.0,-40.0, ,"=""16:18:40.196""",0,0,-3448.0,-988.0,20736.0,-610.0,-1017.0,1159.0, 
"=""16:18:40.299""",0,0,-5880.0,4876.0,-11900.0,63.0,17.0,-41.0, ,"=""16:18:40.299""",0,0,-804.0,-16832.0,20108.0,35.0,11.0,-40.0, ,"=""16:18:40.299""",0,0,-3448.0,-988.0,20736.0,-610.0,-1017.0,1159.0, 
"=""16:18:40.401""",0,0,-5880.0,4876.0,-11900.0,63.0,17.0,-41.0, ,"=""16:18:40.401""",0,0,-804.0,-16832.0,20108.0,35.0,11.0,-40.0, ,"=""16:18:40.401""",0,0,-3448.0,-988.0,20736.0,-610.0,-1017.0,1159.0, 
"=""16:18:40.503""",0,0,-5880.0,4876.0,-11900.0,63.0,17.0,-41.0, ,"=""16:18:40.503""",0,0,-804.0,-16832.0,20108.0,35.0,11.0,-40.0, ,"=""16:18:40.503""",0,0,-3448.0,-988.0,20736.0,-610.0,-1017.0,1159.0, 
"=""16:18:40.605""",0,0,-5880.0,4876.0,-11900.0,63.0,17.0,-41.0, ,"=""16:18:40.605""",0,0,-804.0,-16832.0,20108.0,35.0,11.0,-40.0, ,"=""16:18:40.605""",0,0,-3448.0,-988.0,20736.0,-610.0,-1017.0,1159.0, 
"=""16:18:40.707""",0,0,-5880.0,4876.0,-11900.0,63.0,17.0,-41.0, ,"=""16:18:40.707""",0,0,-804.0,-16832.0,20108.0,35.0,11.0,-40.0, ,"=""16:18:40.707""",0,0,-3448.0,-988.0,20736.0,-610.0,-1017.0,1159.0, 
"=""16:18:40.809""",0,0,-5880.0,4876.0,-11900.0,63.0,17.0,-41.0, ,"=""16:18:40.809""",0,0,-804.0,-16832.0,20108.0,35.0,11.0,-40.0, ,"=""16:18:40.809""",0,0,-3448.0,-988.0,20736.0,-610.0,-1017.0,1159.0, 
"=""16:18:40.911""",0,0,-5880.0,4876.0,-11900.0,63.0,17.0,-41.0, ,"=""16:18:40.911""",0,0,-804.0,-16832.0,20108.0,35.0,11.0,-40.0, ,"=""16:18:40.911""",0,0,-3324.0,-1012.0,20612.0,-627.0,-1004.0,1165.0, 
"=""16:18:41.012""",0,0,-5976.0,4960.0,-11740.0,19.0,10.0,13.0, ,"=""16:18:41.013""",0,0,-676.0,-16800.0,20104.0,-41.0,11.0,38.0, ,"=""16:18:41.013""",0,0,-3324.0,-1012.0,20612.0,-627.0,-1004.0,1165.0, 
"=""16:18:41.115""",0,0,-5976.0,4960.0,-11740.0,19.0,10.0,13.0, ,"=""16:18:41.115""",0,0,-676.0,-16800.0,20104.0,-41.0,11.0,38.0, ,"=""16:18:41.115""",0,0,-3324.0,-1012.0,20612.0,-627.0,-1004.0,1165.0, 
"=""16:18:41.217""",0,0,-5976.0,4960.0,-11740.0,19.0,10.0,13.0, ,"=""16:18:41.217""",0,0,-676.0,-16800.0,20104.0,-41.0,11.0,38.0, ,"=""16:18:41.217""",0,0,-3324.0,-1012.0,20612.0,-627.0,-1004.0,1165.0, 
"=""16:18:41.319""",0,0,-5976.0,4960.0,-11740.0,19.0,10.0,13.0, ,"=""16:18:41.319""",0,0,-676.0,-16800.0,20104.0,-41.0,11.0,38.0, ,"=""16:18:41.319""",0,0,-3324.0,-1012.0,20612.0,-627.0,-1004.0,1165.0, 
"=""16:18:41.420""",0,0,-5976.0,4960.0,-11740.0,19.0,10.0,13.0, ,"=""16:18:41.420""",0,0,-676.0,-16800.0,20104.0,-41.0,11.0,38.0, ,"=""16:18:41.420""",0,0,-3324.0,-1012.0,20612.0,-627.0,-1004.0,1165.0, 
"=""16:18:41.522""",0,0,-5976.0,4960.0,-11740.0,19.0,10.0,13.0, ,"=""16:18:41.522""",0,0,-676.0,-16800.0,20104.0,-41.0,11.0,38.0, ,"=""16:18:41.522""",0,0,-3324.0,-1012.0,20612.0,-627.0,-1004.0,1165.0, 
"=""16:18:41.624""",0,0,-5976.0,4960.0,-11740.0,19.0,10.0,13.0, ,"=""16:18:41.624""",0,0,-676.0,-16800.0,20104.0,-41.0,11.0,38.0, ,"=""16:18:41.624""",0,0,-3324.0,-1012.0,20612.0,-627.0,-1004.0,1165.0, 
"=""16:18:41.726""",0,0,-5976.0,4960.0,-11740.0,19.0,10.0,13.0, ,"=""16:18:41.726""",0,0,-676.0,-16800.0,20104.0,-41.0,11.0,38.0, ,"=""16:18:41.726""",0,0,-3360.0,-976.0,20796.0,-662.0,-976.0,1176.0, 
"=""16:18:41.828""",0,0,-5940.0,4884.0,-11720.0,5.0,27.0,42.0, ,"=""16:18:41.828""",0,0,-812.0,-16820.0,20056.0,-20.0,7.0,5.0, ,"=""16:18:41.828""",0,0,-3360.0,-976.0,20796.0,-662.0,-976.0,1176.0, 
"=""16:18:41.929""",0,0,-5940.0,4884.0,-11720.0,5.0,27.0,42.0, ,"=""16:18:41.929""",0,0,-812.0,-16820.0,20056.0,-20.0,7.0,5.0, ,"=""16:18:41.929""",0,0,-3360.0,-976.0,20796.0,-662.0,-976.0,1176.0, 
"=""16:18:42.031""",0,0,-5940.0,4884.0,-11720.0,5.0,27.0,42.0, ,"=""16:18:42.031""",0,0,-812.0,-16820.0,20056.0,-20.0,7.0,5.0, ,"=""16:18:42.031""",0,0,-3360.0,-976.0,20796.0,-662.0,-976.0,1176.0, 
"=""16:18:42.133""",0,0,-5940.0,4884.0,-11720.0,5.0,27.0,42.0, ,"=""16:18:42.133""",0,0,-812.0,-16820.0,20056.0,-20.0,7.0,5.0, ,"=""16:18:42.133""",0,0,-3360.0,-976.0,20796.0,-662.0,-976.0,1176.0, 
"=""16:18:42.235""",0,0,-5940.0,4884.0,-11720.0,5.0,27.0,42.0, ,"=""16:18:42.235""",0,0,-812.0,-16820.0,20056.0,-20.0,7.0,5.0, ,"=""16:18:42.235""",0,0,-3360.0,-976.0,20796.0,-662.0,-976.0,1176.0, 
"=""16:18:42.337""",0,0,-5940.0,4884.0,-11720.0,5.0,27.0,42.0, ,"=""16:18:42.337""",0,0,-812.0,-16820.0,20056.0,-20.0,7.0,5.0, ,"=""16:18:42.337""",0,0,-3360.0,-976.0,20796.0,-662.0,-976.0,1176.0, 
"=""16:18:42.438""",0,0,-5940.0,4884.0,-11720.0,5.0,27.0,42.0, ,"=""16:18:42.438""",0,0,-812.0,-16820.0,20056.0,-20.0,7.0,5.0, ,"=""16:18:42.438""",0,0,-3360.0,-976.0,20796.0,-662.0,-976.0,1176.0, 
"=""16:18:42.539""",0,0,-5940.0,4884.0,-11720.0,5.0,27.0,42.0, ,"=""16:18:42.539""",0,0,-812.0,-16820.0,20056.0,-20.0,7.0,5.0, ,"=""16:18:42.539""",0,0,-3228.0,-992.0,20840.0,-666.0,-971.0,1163.0, 
"=""16:18:42.641""",0,0,-5848.0,4864.0,-11760.0,23.0,-8.0,-16.0, ,"=""16:18:42.641""",0,0,-776.0,-16704.0,20136.0,38.0,-1.0,-37.0, ,"=""16:18:42.641""",0,0,-3228.0,-992.0,20840.0,-666.0,-971.0,1163.0, 
"=""16:18:42.743""",0,0,-5848.0,4864.0,-11760.0,23.0,-8.0,-16.0, ,"=""16:18:42.743""",0,0,-776.0,-16704.0,20136.0,38.0,-1.0,-37.0, ,"=""16:18:42.743""",0,0,-3228.0,-992.0,20840.0,-666.0,-971.0,1163.0, 
"=""16:18:42.845""",0,0,-5848.0,4864.0,-11760.0,23.0,-8.0,-16.0, ,"=""16:18:42.845""",0,0,-776.0,-16704.0,20136.0,38.0,-1.0,-37.0, ,"=""16:18:42.845""",0,0,-3228.0,-992.0,20840.0,-666.0,-971.0,1163.0, 
"=""16:18:42.947""",0,0,-5848.0,4864.0,-11760.0,23.0,-8.0,-16.0, ,"=""16:18:42.947""",0,0,-776.0,-16704.0,20136.0,38.0,-1.0,-37.0, ,"=""16:18:42.947""",0,0,-3228.0,-992.0,20840.0,-666.0,-971.0,1163.0, 
"=""16:18:43.048""",0,0,-5848.0,4864.0,-11760.0,23.0,-8.0,-16.0, ,"=""16:18:43.048""",0,0,-776.0,-16704.0,20136.0,38.0,-1.0,-37.0, ,"=""16:18:43.048""",0,0,-3228.0,-992.0,20840.0,-666.0,-971.0,1163.0, 
"=""16:18:43.150""",0,0,-5848.0,4864.0,-11760.0,23.0,-8.0,-16.0, ,"=""16:18:43.150""",0,0,-776.0,-16704.0,20136.0,38.0,-1.0,-37.0, ,"=""16:18:43.150""",0,0,-3228.0,-992.0,20840.0,-666.0,-971.0,1163.0, 
"=""16:18:43.252""",0,0,-5848.0,4864.0,-11760.0,23.0,-8.0,-16.0, ,"=""16:18:43.252""",0,0,-776.0,-16704.0,20136.0,38.0,-1.0,-37.0, ,"=""16:18:43.252""",0,0,-3228.0,-992.0,20840.0,-666.0,-971.0,1163.0, 
"=""16:18:43.354""",0,0,-5848.0,4864.0,-11760.0,23.0,-8.0,-16.0, ,"=""16:18:43.354""",0,0,-712.0,-16792.0,20108.0,1.0,-22.0,-30.0, ,"=""16:18:43.354""",0,0,-3208.0,-976.0,20676.0,-645.0,-1010.0,1188.0, 
"=""16:18:43.456""",0,0,-5828.0,4968.0,-11748.0,32.0,4.0,-7.0, ,"=""16:18:43.456""",0,0,-712.0,-16792.0,20108.0,1.0,-22.0,-30.0, ,"=""16:18:43.456""",0,0,-3208.0,-976.0,20676.0,-645.0,-1010.0,1188.0, 
"=""16:18:43.558""",0,0,-5828.0,4968.0,-11748.0,32.0,4.0,-7.0, ,"=""16:18:43.558""",0,0,-712.0,-16792.0,20108.0,1.0,-22.0,-30.0, ,"=""16:18:43.558""",0,0,-3208.0,-976.0,20676.0,-645.0,-1010.0,1188.0, 
"=""16:18:43.660""",0,0,-5828.0,4968.0,-11748.0,32.0,4.0,-7.0, ,"=""16:18:43.660""",0,0,-712.0,-16792.0,20108.0,1.0,-22.0,-30.0, ,"=""16:18:43.660""",0,0,-3208.0,-976.0,20676.0,-645.0,-1010.0,1188.0, 
"=""16:18:43.762""",0,0,-5828.0,4968.0,-11748.0,32.0,4.0,-7.0, ,"=""16:18:43.762""",0,0,-712.0,-16792.0,20108.0,1.0,-22.0,-30.0, ,"=""16:18:43.762""",0,0,-3208.0,-976.0,20676.0,-645.0,-1010.0,1188.0, 
"=""16:18:43.864""",0,0,-5828.0,4968.0,-11748.0,32.0,4.0,-7.0, ,"=""16:18:43.864""",0,0,-712.0,-16792.0,20108.0,1.0,-22.0,-30.0, ,"=""16:18:43.864""",0,0,-3208.0,-976.0,20676.0,-645.0,-1010.0,1188.0, 
"=""16:18:43.966""",0,0,-5828.0,4968.0,-11748.0,32.0,4.0,-7.0, ,"=""16:18:43.966""",0,0,-712.0,-16792.0,20108.0,1.0,-22.0,-30.0, ,"=""16:18:43.966""",0,0,-3208.0,-976.0,20676.0,-645.0,-1010.0,1188.0, 
"=""16:18:44.068""",0,0,-5828.0,4968.0,-11748.0,32.0,4.0,-7.0, ,"=""16:18:44.068""",0,0,-712.0,-16792.0,20108.0,1.0,-22.0,-30.0, ,"=""16:18:44.068""",0,0,-3048.0,-860.0,20716.0,-635.0,-1004.0,1169.0, 
"=""16:18:44.169""",0,0,-5828.0,4968.0,-11748.0,32.0,4.0,-7.0, ,"=""16:18:44.170""",0,0,-896.0,-16744.0,20240.0,-18.0,6.0,0.0, ,"=""16:18:44.170""",0,0,-3048.0,-860.0,20716.0,-635.0,-1004.0,1169.0, 
"=""16:18:44.271""",0,0,-5920.0,5072.0,-11820.0,47.0,25.0,6.0, ,"=""16:18:44.271""",0,0,-896.0,-16744.0,20240.0,-18.0,6.0,0.0, ,"=""16:18:44.271""",0,0,-3048.0,-860.0,20716.0,-635.0,-1004.0,1169.0, 
"=""16:18:44.373""",0,0,-5920.0,5072.0,-11820.0,47.0,25.0,6.0, ,"=""16:18:44.373""",0,0,-896.0,-16744.0,20240.0,-18.0,6.0,0.0, ,"=""16:18:44.373""",0,0,-3048.0,-860.0,20716.0,-635.0,-1004.0,1169.0, 
"=""16:18:44.475""",0,0,-5920.0,5072.0,-11820.0,47.0,25.0,6.0, ,"=""16:18:44.475""",0,0,-896.0,-16744.0,20240.0,-18.0,6.0,0.0, ,"=""16:18:44.475""",0,0,-3048.0,-860.0,20716.0,-635.0,-1004.0,1169.0, 
"=""16:18:44.576""",0,0,-5920.0,5072.0,-11820.0,47.0,25.0,6.0, ,"=""16:18:44.576""",0,0,-896.0,-16744.0,20240.0,-18.0,6.0,0.0, ,"=""16:18:44.576""",0,0,-3048.0,-860.0,20716.0,-635.0,-1004.0,1169.0, 
"=""16:18:44.678""",0,0,-5920.0,5072.0,-11820.0,47.0,25.0,6.0, ,"=""16:18:44.678""",0,0,-896.0,-16744.0,20240.0,-18.0,6.0,0.0, ,"=""16:18:44.679""",0,0,-3048.0,-860.0,20716.0,-635.0,-1004.0,1169.0, 
"=""16:18:44.781""",0,0,-5920.0,5072.0,-11820.0,47.0,25.0,6.0, ,"=""16:18:44.781""",0,0,-896.0,-16744.0,20240.0,-18.0,6.0,0.0, ,"=""16:18:44.781""",0,0,-3048.0,-860.0,20716.0,-635.0,-1004.0,1169.0, 
"=""16:18:44.883""",0,0,-5920.0,5072.0,-11820.0,47.0,25.0,6.0, ,"=""16:18:44.883""",0,0,-896.0,-16744.0,20240.0,-18.0,6.0,0.0, ,"=""16:18:44.883""",0,0,-2872.0,-932.0,20744.0,-650.0,-993.0,1177.0, 
"=""16:18:44.985""",0,0,-5920.0,5072.0,-11820.0,47.0,25.0,6.0, ,"=""16:18:44.985""",0,0,-724.0,-16800.0,19936.0,-21.0,8.0,8.0, ,"=""16:18:44.985""",0,0,-2872.0,-932.0,20744.0,-650.0,-993.0,1177.0, 
"=""16:18:45.086""",0,0,-5952.0,5004.0,-11648.0,53.0,10.0,10.0, ,"=""16:18:45.086""",0,0,-724.0,-16800.0,19936.0,-21.0,8.0,8.0, ,"=""16:18:45.086""",0,0,-2872.0,-932.0,20744.0,-650.0,-993.0,1177.0, 
"=""16:18:45.188""",0,0,-5952.0,5004.0,-11648.0,53.0,10.0,10.0, ,"=""16:18:45.188""",0,0,-724.0,-16800.0,19936.0,-21.0,8.0,8.0, ,"=""16:18:45.188""",0,0,-2872.0,-932.0,20744.0,-650.0,-993.0,1177.0, 
"=""16:18:45.290""",0,0,-5952.0,5004.0,-11648.0,53.0,10.0,10.0, ,"=""16:18:45.290""",0,0,-724.0,-16800.0,19936.0,-21.0,8.0,8.0, ,"=""16:18:45.290""",0,0,-2872.0,-932.0,20744.0,-650.0,-993.0,1177.0, 
"=""16:18:45.392""",0,0,-5952.0,5004.0,-11648.0,53.0,10.0,10.0, ,"=""16:18:45.392""",0,0,-724.0,-16800.0,19936.0,-21.0,8.0,8.0, ,"=""16:18:45.392""",0,0,-2872.0,-932.0,20744.0,-650.0,-993.0,1177.0, 
"=""16:18:45.494""",0,0,-5952.0,5004.0,-11648.0,53.0,10.0,10.0, ,"=""16:18:45.494""",0,0,-724.0,-16800.0,19936.0,-21.0,8.0,8.0, ,"=""16:18:45.494""",0,0,-2872.0,-932.0,20744.0,-650.0,-993.0,1177.0, 
"=""16:18:45.595""",0,0,-5952.0,5004.0,-11648.0,53.0,10.0,10.0, ,"=""16:18:45.595""",0,0,-724.0,-16800.0,19936.0,-21.0,8.0,8.0, ,"=""16:18:45.595""",0,0,-2872.0,-932.0,20744.0,-650.0,-993.0,1177.0, 
"=""16:18:45.697""",0,0,-5952.0,5004.0,-11648.0,53.0,10.0,10.0, ,"=""16:18:45.697""",0,0,-724.0,-16800.0,19936.0,-21.0,8.0,8.0, ,"=""16:18:45.697""",0,0,-2904.0,-904.0,20536.0,-652.0,-991.0,1174.0, 
"=""16:18:45.799""",0,0,-5804.0,4952.0,-11728.0,19.0,2.0,4.0, ,"=""16:18:45.799""",0,0,-788.0,-16772.0,20196.0,-12.0,2.0,3.0, ,"=""16:18:45.799""",0,0,-2904.0,-904.0,20536.0,-652.0,-991.0,1174.0, 
"=""16:18:45.901""",0,0,-5804.0,4952.0,-11728.0,19.0,2.0,4.0, ,"=""16:18:45.901""",0,0,-788.0,-16772.0,20196.0,-12.0,2.0,3.0, ,"=""16:18:45.901""",0,0,-2904.0,-904.0,20536.0,-652.0,-991.0,1174.0, 
"=""16:18:46.002""",0,0,-5804.0,4952.0,-11728.0,19.0,2.0,4.0, ,"=""16:18:46.002""",0,0,-788.0,-16772.0,20196.0,-12.0,2.0,3.0, ,"=""16:18:46.002""",0,0,-2904.0,-904.0,20536.0,-652.0,-991.0,1174.0, 
"=""16:18:46.104""",0,0,-5804.0,4952.0,-11728.0,19.0,2.0,4.0, ,"=""16:18:46.104""",0,0,-788.0,-16772.0,20196.0,-12.0,2.0,3.0, ,"=""16:18:46.104""",0,0,-2904.0,-904.0,20536.0,-652.0,-991.0,1174.0, 
"=""16:18:46.206""",0,0,-5804.0,4952.0,-11728.0,19.0,2.0,4.0, ,"=""16:18:46.206""",0,0,-788.0,-16772.0,20196.0,-12.0,2.0,3.0, ,"=""16:18:46.206""",0,0,-2904.0,-904.0,20536.0,-652.0,-991.0,1174.0, 
"=""16:18:46.308""",0,0,-5804.0,4952.0,-11728.0,19.0,2.0,4.0, ,"=""16:18:46.308""",0,0,-788.0,-16772.0,20196.0,-12.0,2.0,3.0, ,"=""16:18:46.308""",0,0,-2904.0,-904.0,20536.0,-652.0,-991.0,1174.0, 
"=""16:18:46.410""",0,0,-5804.0,4952.0,-11728.0,19.0,2.0,4.0, ,"=""16:18:46.410""",0,0,-788.0,-16772.0,20196.0,-12.0,2.0,3.0, ,"=""16:18:46.410""",0,0,-2904.0,-904.0,20536.0,-652.0,-991.0,1174.0, 
"=""16:18:46.512""",0,0,-5804.0,4952.0,-11728.0,19.0,2.0,4.0, ,"=""16:18:46.512""",0,0,-788.0,-16772.0,20196.0,-12.0,2.0,3.0, ,"=""16:18:46.512""",0,0,-2836.0,-1064.0,20716.0,-647.0,-984.0,1180.0, 
"=""16:18:46.614""",0,0,-5704.0,5008.0,-11552.0,24.0,17.0,-7.0, ,"=""16:18:46.614""",0,0,-780.0,-16728.0,20248.0,-20.0,28.0,-4.0, ,"=""16:18:46.614""",0,0,-2836.0,-1064.0,20716.0,-647.0,-984.0,1180.0, 
"=""16:18:46.716""",0,0,-5704.0,5008.0,-11552.0,24.0,17.0,-7.0, ,"=""16:18:46.717""",0,0,-780.0,-16728.0,20248.0,-20.0,28.0,-4.0, ,"=""16:18:46.717""",0,0,-2836.0,-1064.0,20716.0,-647.0,-984.0,1180.0, 
"=""16:18:46.819""",0,0,-5704.0,5008.0,-11552.0,24.0,17.0,-7.0, ,"=""16:18:46.819""",0,0,-780.0,-16728.0,20248.0,-20.0,28.0,-4.0, ,"=""16:18:46.819""",0,0,-2836.0,-1064.0,20716.0,-647.0,-984.0,1180.0, 
"=""16:18:46.921""",0,0,-5704.0,5008.0,-11552.0,24.0,17.0,-7.0, ,"=""16:18:46.921""",0,0,-780.0,-16728.0,20248.0,-20.0,28.0,-4.0, ,"=""16:18:46.921""",0,0,-2836.0,-1064.0,20716.0,-647.0,-984.0,1180.0, 
"=""16:18:47.023""",0,0,-5704.0,5008.0,-11552.0,24.0,17.0,-7.0, ,"=""16:18:47.023""",0,0,-780.0,-16728.0,20248.0,-20.0,28.0,-4.0, ,"=""16:18:47.023""",0,0,-2836.0,-1064.0,20716.0,-647.0,-984.0,1180.0, 
"=""16:18:47.124""",0,0,-5704.0,5008.0,-11552.0,24.0,17.0,-7.0, ,"=""16:18:47.124""",0,0,-780.0,-16728.0,20248.0,-20.0,28.0,-4.0, ,"=""16:18:47.124""",0,0,-2836.0,-1064.0,20716.0,-647.0,-984.0,1180.0, 
"=""16:18:47.226""",0,0,-5704.0,5008.0,-11552.0,24.0,17.0,-7.0, ,"=""16:18:47.226""",0,0,-780.0,-16728.0,20248.0,-20.0,28.0,-4.0, ,"=""16:18:47.226""",0,0,-2836.0,-1064.0,20716.0,-647.0,-984.0,1180.0, 
"=""16:18:47.328""",0,0,-5704.0,5008.0,-11552.0,24.0,17.0,-7.0, ,"=""16:18:47.328""",0,0,-780.0,-16728.0,20248.0,-20.0,28.0,-4.0, ,"=""16:18:47.328""",0,0,-2824.0,-984.0,20652.0,-638.0,-969.0,1179.0, 
"=""16:18:47.430""",0,0,-5804.0,5000.0,-11716.0,32.0,26.0,36.0, ,"=""16:18:47.430""",0,0,-720.0,-16764.0,20108.0,-14.0,8.0,0.0, ,"=""16:18:47.430""",0,0,-2824.0,-984.0,20652.0,-638.0,-969.0,1179.0, 
"=""16:18:47.532""",0,0,-5804.0,5000.0,-11716.0,32.0,26.0,36.0, ,"=""16:18:47.532""",0,0,-720.0,-16764.0,20108.0,-14.0,8.0,0.0, ,"=""16:18:47.532""",0,0,-2824.0,-984.0,20652.0,-638.0,-969.0,1179.0, 
"=""16:18:47.634""",0,0,-5804.0,5000.0,-11716.0,32.0,26.0,36.0, ,"=""16:18:47.634""",0,0,-720.0,-16764.0,20108.0,-14.0,8.0,0.0, ,"=""16:18:47.634""",0,0,-2824.0,-984.0,20652.0,-638.0,-969.0,1179.0, 
"=""16:18:47.736""",0,0,-5804.0,5000.0,-11716.0,32.0,26.0,36.0, ,"=""16:18:47.736""",0,0,-720.0,-16764.0,20108.0,-14.0,8.0,0.0, ,"=""16:18:47.736""",0,0,-2824.0,-984.0,20652.0,-638.0,-969.0,1179.0, 
"=""16:18:47.838""",0,0,-5804.0,5000.0,-11716.0,32.0,26.0,36.0, ,"=""16:18:47.838""",0,0,-720.0,-16764.0,20108.0,-14.0,8.0,0.0, ,"=""16:18:47.838""",0,0,-2824.0,-984.0,20652.0,-638.0,-969.0,1179.0, 
"=""16:18:47.940""",0,0,-5804.0,5000.0,-11716.0,32.0,26.0,36.0, ,"=""16:18:47.940""",0,0,-720.0,-16764.0,20108.0,-14.0,8.0,0.0, ,"=""16:18:47.940""",0,0,-2824.0,-984.0,20652.0,-638.0,-969.0,1179.0, 
"=""16:18:48.042""",0,0,-5804.0,5000.0,-11716.0,32.0,26.0,36.0, ,"=""16:18:48.042""",0,0,-720.0,-16764.0,20108.0,-14.0,8.0,0.0, ,"=""16:18:48.042""",0,0,-2824.0,-984.0,20652.0,-638.0,-969.0,1179.0, 
"=""16:18:48.144""",0,0,-5804.0,5000.0,-11716.0,32.0,26.0,36.0, ,"=""16:18:48.144""",0,0,-672.0,-16800.0,19984.0,47.0,-11.0,-28.0, ,"=""16:18:48.144""",0,0,-2892.0,-860.0,20796.0,-654.0,-984.0,1186.0, 
"=""16:18:48.246""",0,0,-5800.0,4912.0,-11612.0,42.0,29.0,9.0, ,"=""16:18:48.246""",0,0,-672.0,-16800.0,19984.0,47.0,-11.0,-28.0, ,"=""16:18:48.246""",0,0,-2892.0,-860.0,20796.0,-654.0,-984.0,1186.0, 
"=""16:18:48.348""",0,0,-5800.0,4912.0,-11612.0,42.0,29.0,9.0, ,"=""16:18:48.348""",0,0,-672.0,-16800.0,19984.0,47.0,-11.0,-28.0, ,"=""16:18:48.348""",0,0,-2892.0,-860.0,20796.0,-654.0,-984.0,1186.0, 
"=""16:18:48.450""",0,0,-5800.0,4912.0,-11612.0,42.0,29.0,9.0, ,"=""16:18:48.450""",0,0,-672.0,-16800.0,19984.0,47.0,-11.0,-28.0, ,"=""16:18:48.450""",0,0,-2892.0,-860.0,20796.0,-654.0,-984.0,1186.0, 
"=""16:18:48.552""",0,0,-5800.0,4912.0,-11612.0,42.0,29.0,9.0, ,"=""16:18:48.552""",0,0,-672.0,-16800.0,19984.0,47.0,-11.0,-28.0, ,"=""16:18:48.552""",0,0,-2892.0,-860.0,20796.0,-654.0,-984.0,1186.0, 
"=""16:18:48.654""",0,0,-5800.0,4912.0,-11612.0,42.0,29.0,9.0, ,"=""16:18:48.654""",0,0,-672.0,-16800.0,19984.0,47.0,-11.0,-28.0, ,"=""16:18:48.654""",0,0,-2892.0,-860.0,20796.0,-654.0,-984.0,1186.0, 
"=""16:18:48.756""",0,0,-5800.0,4912.0,-11612.0,42.0,29.0,9.0, ,"=""16:18:48.756""",0,0,-672.0,-16800.0,19984.0,47.0,-11.0,-28.0, ,"=""16:18:48.757""",0,0,-2892.0,-860.0,20796.0,-654.0,-984.0,1186.0, 
"=""16:18:48.858""",0,0,-5800.0,4912.0,-11612.0,42.0,29.0,9.0, ,"=""16:18:48.858""",0,0,-672.0,-16800.0,19984.0,47.0,-11.0,-28.0, ,"=""16:18:48.858""",0,0,-2892.0,-860.0,20796.0,-654.0,-984.0,1186.0, 
"=""16:18:48.960""",0,0,-5800.0,4912.0,-11612.0,42.0,29.0,9.0, ,"=""16:18:48.961""",0,0,-728.0,-16788.0,20104.0,16.0,-34.0,-27.0, ,"=""16:18:48.961""",0,0,-3168.0,-1144.0,20680.0,-648.0,-1018.0,1170.0, 
"=""16:18:49.062""",0,0,-6000.0,4932.0,-11708.0,30.0,-10.0,-23.0, ,"=""16:18:49.062""",0,0,-728.0,-16788.0,20104.0,16.0,-34.0,-27.0, ,"=""16:18:49.062""",0,0,-3168.0,-1144.0,20680.0,-648.0,-1018.0,1170.0, 
"=""16:18:49.164""",0,0,-6000.0,4932.0,-11708.0,30.0,-10.0,-23.0, ,"=""16:18:49.164""",0,0,-728.0,-16788.0,20104.0,16.0,-34.0,-27.0, ,"=""16:18:49.164""",0,0,-3168.0,-1144.0,20680.0,-648.0,-1018.0,1170.0, 
"=""16:18:49.266""",0,0,-6000.0,4932.0,-11708.0,30.0,-10.0,-23.0, ,"=""16:18:49.266""",0,0,-728.0,-16788.0,20104.0,16.0,-34.0,-27.0, ,"=""16:18:49.266""",0,0,-3168.0,-1144.0,20680.0,-648.0,-1018.0,1170.0, 
"=""16:18:49.368""",0,0,-6000.0,4932.0,-11708.0,30.0,-10.0,-23.0, ,"=""16:18:49.368""",0,0,-728.0,-16788.0,20104.0,16.0,-34.0,-27.0, ,"=""16:18:49.368""",0,0,-3168.0,-1144.0,20680.0,-648.0,-1018.0,1170.0, 
"=""16:18:49.471""",0,0,-6000.0,4932.0,-11708.0,30.0,-10.0,-23.0, ,"=""16:18:49.471""",0,0,-728.0,-16788.0,20104.0,16.0,-34.0,-27.0, ,"=""16:18:49.471""",0,0,-3168.0,-1144.0,20680.0,-648.0,-1018.0,1170.0, 
"=""16:18:49.573""",0,0,-6000.0,4932.0,-11708.0,30.0,-10.0,-23.0, ,"=""16:18:49.573""",0,0,-728.0,-16788.0,20104.0,16.0,-34.0,-27.0, ,"=""16:18:49.573""",0,0,-3168.0,-1144.0,20680.0,-648.0,-1018.0,1170.0, 
"=""16:18:49.675""",0,0,-6000.0,4932.0,-11708.0,30.0,-10.0,-23.0, ,"=""16:18:49.675""",0,0,-728.0,-16788.0,20104.0,16.0,-34.0,-27.0, ,"=""16:18:49.675""",0,0,-3204.0,-1136.0,20716.0,-610.0,-1063.0,1156.0, 
"=""16:18:49.777""",0,0,-6000.0,4932.0,-11708.0,30.0,-10.0,-23.0, ,"=""16:18:49.777""",0,0,-764.0,-16908.0,20148.0,-82.0,33.0,32.0, ,"=""16:18:49.777""",0,0,-3204.0,-1136.0,20716.0,-610.0,-1063.0,1156.0, 
"=""16:18:49.879""",0,0,-5888.0,4980.0,-11720.0,26.0,-4.0,-23.0, ,"=""16:18:49.879""",0,0,-764.0,-16908.0,20148.0,-82.0,33.0,32.0, ,"=""16:18:49.879""",0,0,-3204.0,-1136.0,20716.0,-610.0,-1063.0,1156.0, 
"=""16:18:49.980""",0,0,-5888.0,4980.0,-11720.0,26.0,-4.0,-23.0, ,"=""16:18:49.980""",0,0,-764.0,-16908.0,20148.0,-82.0,33.0,32.0, ,"=""16:18:49.980""",0,0,-3204.0,-1136.0,20716.0,-610.0,-1063.0,1156.0, 
"=""16:18:50.082""",0,0,-5888.0,4980.0,-11720.0,26.0,-4.0,-23.0, ,"=""16:18:50.082""",0,0,-764.0,-16908.0,20148.0,-82.0,33.0,32.0, ,"=""16:18:50.082""",0,0,-3204.0,-1136.0,20716.0,-610.0,-1063.0,1156.0, 
"=""16:18:50.184""",0,0,-5888.0,4980.0,-11720.0,26.0,-4.0,-23.0, ,"=""16:18:50.184""",0,0,-764.0,-16908.0,20148.0,-82.0,33.0,32.0, ,"=""16:18:50.184""",0,0,-3204.0,-1136.0,20716.0,-610.0,-1063.0,1156.0, 
"=""16:18:50.286""",0,0,-5888.0,4980.0,-11720.0,26.0,-4.0,-23.0, ,"=""16:18:50.286""",0,0,-764.0,-16908.0,20148.0,-82.0,33.0,32.0, ,"=""16:18:50.286""",0,0,-3204.0,-1136.0,20716.0,-610.0,-1063.0,1156.0, 
"=""16:18:50.388""",0,0,-5888.0,4980.0,-11720.0,26.0,-4.0,-23.0, ,"=""16:18:50.388""",0,0,-764.0,-16908.0,20148.0,-82.0,33.0,32.0, ,"=""16:18:50.388""",0,0,-3204.0,-1136.0,20716.0,-610.0,-1063.0,1156.0, 
"=""16:18:50.490""",0,0,-5888.0,4980.0,-11720.0,26.0,-4.0,-23.0, ,"=""16:18:50.490""",0,0,-764.0,-16908.0,20148.0,-82.0,33.0,32.0, ,"=""16:18:50.490""",0,0,-3368.0,-1088.0,20664.0,-679.0,-1003.0,1194.0, 
"=""16:18:50.592""",0,0,-6040.0,5060.0,-11716.0,49.0,48.0,56.0, ,"=""16:18:50.592""",0,0,-652.0,-16632.0,20136.0,-62.0,-12.0,69.0, ,"=""16:18:50.592""",0,0,-3368.0,-1088.0,20664.0,-679.0,-1003.0,1194.0, 
"=""16:18:50.694""",0,0,-6040.0,5060.0,-11716.0,49.0,48.0,56.0, ,"=""16:18:50.694""",0,0,-652.0,-16632.0,20136.0,-62.0,-12.0,69.0, ,"=""16:18:50.694""",0,0,-3368.0,-1088.0,20664.0,-679.0,-1003.0,1194.0, 
"=""16:18:50.796""",0,0,-6040.0,5060.0,-11716.0,49.0,48.0,56.0, ,"=""16:18:50.796""",0,0,-652.0,-16632.0,20136.0,-62.0,-12.0,69.0, ,"=""16:18:50.796""",0,0,-3368.0,-1088.0,20664.0,-679.0,-1003.0,1194.0, 
"=""16:18:50.898""",0,0,-6040.0,5060.0,-11716.0,49.0,48.0,56.0, ,"=""16:18:50.898""",0,0,-652.0,-16632.0,20136.0,-62.0,-12.0,69.0, ,"=""16:18:50.898""",0,0,-3368.0,-1088.0,20664.0,-679.0,-1003.0,1194.0, 
"=""16:18:51.000""",0,0,-6040.0,5060.0,-11716.0,49.0,48.0,56.0, ,"=""16:18:51.000""",0,0,-652.0,-16632.0,20136.0,-62.0,-12.0,69.0, ,"=""16:18:51.000""",0,0,-3368.0,-1088.0,20664.0,-679.0,-1003.0,1194.0, 
"=""16:18:51.101""",0,0,-6040.0,5060.0,-11716.0,49.0,48.0,56.0, ,"=""16:18:51.101""",0,0,-652.0,-16632.0,20136.0,-62.0,-12.0,69.0, ,"=""16:18:51.101""",0,0,-3368.0,-1088.0,20664.0,-679.0,-1003.0,1194.0, 
"=""16:18:51.203""",0,0,-6040.0,5060.0,-11716.0,49.0,48.0,56.0, ,"=""16:18:51.203""",0,0,-652.0,-16632.0,20136.0,-62.0,-12.0,69.0, ,"=""16:18:51.203""",0,0,-3368.0,-1088.0,20664.0,-679.0,-1003.0,1194.0, 
"=""16:18:51.305""",0,0,-6040.0,5060.0,-11716.0,49.0,48.0,56.0, ,"=""16:18:51.305""",0,0,-652.0,-16632.0,20136.0,-62.0,-12.0,69.0, ,"=""16:18:51.305""",0,0,-3372.0,-1140.0,20644.0,-671.0,-999.0,1166.0, 
"=""16:18:51.407""",0,0,-5804.0,5028.0,-11728.0,34.0,25.0,9.0, ,"=""16:18:51.407""",0,0,-732.0,-16680.0,20008.0,71.0,-18.0,-38.0, ,"=""16:18:51.407""",0,0,-3372.0,-1140.0,20644.0,-671.0,-999.0,1166.0, 
"=""16:18:51.508""",0,0,-5804.0,5028.0,-11728.0,34.0,25.0,9.0, ,"=""16:18:51.508""",0,0,-732.0,-16680.0,20008.0,71.0,-18.0,-38.0, ,"=""16:18:51.508""",0,0,-3372.0,-1140.0,20644.0,-671.0,-999.0,1166.0, 
"=""16:18:51.610""",0,0,-5804.0,5028.0,-11728.0,34.0,25.0,9.0, ,"=""16:18:51.610""",0,0,-732.0,-16680.0,20008.0,71.0,-18.0,-38.0, ,"=""16:18:51.610""",0,0,-3372.0,-1140.0,20644.0,-671.0,-999.0,1166.0, 
"=""16:18:51.712""",0,0,-5804.0,5028.0,-11728.0,34.0,25.0,9.0, ,"=""16:18:51.712""",0,0,-732.0,-16680.0,20008.0,71.0,-18.0,-38.0, ,"=""16:18:51.712""",0,0,-3372.0,-1140.0,20644.0,-671.0,-999.0,1166.0, 
"=""16:18:51.814""",0,0,-5804.0,5028.0,-11728.0,34.0,25.0,9.0, ,"=""16:18:51.814""",0,0,-732.0,-16680.0,20008.0,71.0,-18.0,-38.0, ,"=""16:18:51.814""",0,0,-3372.0,-1140.0,20644.0,-671.0,-999.0,1166.0, 
"=""16:18:51.916""",0,0,-5804.0,5028.0,-11728.0,34.0,25.0,9.0, ,"=""16:18:51.916""",0,0,-732.0,-16680.0,20008.0,71.0,-18.0,-38.0, ,"=""16:18:51.916""",0,0,-3372.0,-1140.0,20644.0,-671.0,-999.0,1166.0, 
"=""16:18:52.018""",0,0,-5804.0,5028.0,-11728.0,34.0,25.0,9.0, ,"=""16:18:52.018""",0,0,-732.0,-16680.0,20008.0,71.0,-18.0,-38.0, ,"=""16:18:52.018""",0,0,-3372.0,-1140.0,20644.0,-671.0,-999.0,1166.0, 
"=""16:18:52.120""",0,0,-5804.0,5028.0,-11728.0,34.0,25.0,9.0, ,"=""16:18:52.120""",0,0,-732.0,-16680.0,20008.0,71.0,-18.0,-38.0, ,"=""16:18:52.120""",0,0,-3344.0,-1120.0,20804.0,-639.0,-1007.0,1178.0, 
"=""16:18:52.222""",0,0,-5804.0,5028.0,-11728.0,34.0,25.0,9.0, ,"=""16:18:52.222""",0,0,-796.0,-16836.0,20264.0,80.0,-6.0,-59.0, ,"=""16:18:52.222""",0,0,-3344.0,-1120.0,20804.0,-639.0,-1007.0,1178.0, 
"=""16:18:52.324""",0,0,-5848.0,4960.0,-11624.0,49.0,8.0,-29.0, ,"=""16:18:52.324""",0,0,-796.0,-16836.0,20264.0,80.0,-6.0,-59.0, ,"=""16:18:52.324""",0,0,-3344.0,-1120.0,20804.0,-639.0,-1007.0,1178.0, 
"=""16:18:52.425""",0,0,-5848.0,4960.0,-11624.0,49.0,8.0,-29.0, ,"=""16:18:52.425""",0,0,-796.0,-16836.0,20264.0,80.0,-6.0,-59.0, ,"=""16:18:52.425""",0,0,-3344.0,-1120.0,20804.0,-639.0,-1007.0,1178.0, 
"=""16:18:52.526""",0,0,-5848.0,4960.0,-11624.0,49.0,8.0,-29.0, ,"=""16:18:52.526""",0,0,-796.0,-16836.0,20264.0,80.0,-6.0,-59.0, ,"=""16:18:52.526""",0,0,-3344.0,-1120.0,20804.0,-639.0,-1007.0,1178.0, 
"=""16:18:52.628""",0,0,-5848.0,4960.0,-11624.0,49.0,8.0,-29.0, ,"=""16:18:52.628""",0,0,-796.0,-16836.0,20264.0,80.0,-6.0,-59.0, ,"=""16:18:52.628""",0,0,-3344.0,-1120.0,20804.0,-639.0,-1007.0,1178.0, 
"=""16:18:52.729""",0,0,-5848.0,4960.0,-11624.0,49.0,8.0,-29.0, ,"=""16:18:52.730""",0,0,-796.0,-16836.0,20264.0,80.0,-6.0,-59.0, ,"=""16:18:52.730""",0,0,-3344.0,-1120.0,20804.0,-639.0,-1007.0,1178.0, 
"=""16:18:52.832""",0,0,-5848.0,4960.0,-11624.0,49.0,8.0,-29.0, ,"=""16:18:52.832""",0,0,-796.0,-16836.0,20264.0,80.0,-6.0,-59.0, ,"=""16:18:52.832""",0,0,-3344.0,-1120.0,20804.0,-639.0,-1007.0,1178.0, 
"=""16:18:52.933""",0,0,-5848.0,4960.0,-11624.0,49.0,8.0,-29.0, ,"=""16:18:52.933""",0,0,-724.0,-16936.0,20288.0,-10.0,31.0,17.0, ,"=""16:18:52.933""",0,0,-3432.0,-1216.0,20668.0,-597.0,-1041.0,1171.0, 
"=""16:18:53.035""",0,0,-5752.0,5020.0,-11852.0,23.0,10.0,-38.0, ,"=""16:18:53.035""",0,0,-724.0,-16936.0,20288.0,-10.0,31.0,17.0, ,"=""16:18:53.035""",0,0,-3432.0,-1216.0,20668.0,-597.0,-1041.0,1171.0, 
"=""16:18:53.137""",0,0,-5752.0,5020.0,-11852.0,23.0,10.0,-38.0, ,"=""16:18:53.137""",0,0,-724.0,-16936.0,20288.0,-10.0,31.0,17.0, ,"=""16:18:53.137""",0,0,-3432.0,-1216.0,20668.0,-597.0,-1041.0,1171.0, 
"=""16:18:53.239""",0,0,-5752.0,5020.0,-11852.0,23.0,10.0,-38.0, ,"=""16:18:53.239""",0,0,-724.0,-16936.0,20288.0,-10.0,31.0,17.0, ,"=""16:18:53.239""",0,0,-3432.0,-1216.0,20668.0,-597.0,-1041.0,1171.0, 
"=""16:18:53.341""",0,0,-5752.0,5020.0,-11852.0,23.0,10.0,-38.0, ,"=""16:18:53.341""",0,0,-724.0,-16936.0,20288.0,-10.0,31.0,17.0, ,"=""16:18:53.341""",0,0,-3432.0,-1216.0,20668.0,-597.0,-1041.0,1171.0, 
"=""16:18:53.443""",0,0,-5752.0,5020.0,-11852.0,23.0,10.0,-38.0, ,"=""16:18:53.443""",0,0,-724.0,-16936.0,20288.0,-10.0,31.0,17.0, ,"=""16:18:53.443""",0,0,-3432.0,-1216.0,20668.0,-597.0,-1041.0,1171.0, 
"=""16:18:53.545""",0,0,-5752.0,5020.0,-11852.0,23.0,10.0,-38.0, ,"=""16:18:53.545""",0,0,-724.0,-16936.0,20288.0,-10.0,31.0,17.0, ,"=""16:18:53.545""",0,0,-3432.0,-1216.0,20668.0,-597.0,-1041.0,1171.0, 
"=""16:18:53.646""",0,0,-5752.0,5020.0,-11852.0,23.0,10.0,-38.0, ,"=""16:18:53.647""",0,0,-724.0,-16936.0,20288.0,-10.0,31.0,17.0, ,"=""16:18:53.647""",0,0,-3432.0,-1216.0,20668.0,-597.0,-1041.0,1171.0, 
"=""16:18:53.749""",0,0,-5752.0,5020.0,-11852.0,23.0,10.0,-38.0, ,"=""16:18:53.749""",0,0,-764.0,-16760.0,20252.0,-96.0,31.0,64.0, ,"=""16:18:53.749""",0,0,-3492.0,-980.0,20680.0,-652.0,-988.0,1162.0, 
"=""16:18:53.851""",0,0,-5888.0,5004.0,-11948.0,15.0,27.0,46.0, ,"=""16:18:53.851""",0,0,-764.0,-16760.0,20252.0,-96.0,31.0,64.0, ,"=""16:18:53.851""",0,0,-3492.0,-980.0,20680.0,-652.0,-988.0,1162.0, 
"=""16:18:53.952""",0,0,-5888.0,5004.0,-11948.0,15.0,27.0,46.0, ,"=""16:18:53.953""",0,0,-764.0,-16760.0,20252.0,-96.0,31.0,64.0, ,"=""16:18:53.953""",0,0,-3492.0,-980.0,20680.0,-652.0,-988.0,1162.0, 
"=""16:18:54.054""",0,0,-5888.0,5004.0,-11948.0,15.0,27.0,46.0, ,"=""16:18:54.054""",0,0,-764.0,-16760.0,20252.0,-96.0,31.0,64.0, ,"=""16:18:54.054""",0,0,-3492.0,-980.0,20680.0,-652.0,-988.0,1162.0, 
"=""16:18:54.156""",0,0,-5888.0,5004.0,-11948.0,15.0,27.0,46.0, ,"=""16:18:54.156""",0,0,-764.0,-16760.0,20252.0,-96.0,31.0,64.0, ,"=""16:18:54.156""",0,0,-3492.0,-980.0,20680.0,-652.0,-988.0,1162.0, 
"=""16:18:54.257""",0,0,-5888.0,5004.0,-11948.0,15.0,27.0,46.0, ,"=""16:18:54.257""",0,0,-764.0,-16760.0,20252.0,-96.0,31.0,64.0, ,"=""16:18:54.257""",0,0,-3492.0,-980.0,20680.0,-652.0,-988.0,1162.0, 
"=""16:18:54.359""",0,0,-5888.0,5004.0,-11948.0,15.0,27.0,46.0, ,"=""16:18:54.360""",0,0,-764.0,-16760.0,20252.0,-96.0,31.0,64.0, ,"=""16:18:54.360""",0,0,-3492.0,-980.0,20680.0,-652.0,-988.0,1162.0, 
"=""16:18:54.462""",0,0,-5888.0,5004.0,-11948.0,15.0,27.0,46.0, ,"=""16:18:54.462""",0,0,-764.0,-16760.0,20252.0,-96.0,31.0,64.0, ,"=""16:18:54.462""",0,0,-3492.0,-980.0,20680.0,-652.0,-988.0,1162.0, 
"=""16:18:54.563""",0,0,-5888.0,5004.0,-11948.0,15.0,27.0,46.0, ,"=""16:18:54.563""",0,0,-740.0,-16768.0,20004.0,-17.0,-13.0,10.0, ,"=""16:18:54.563""",0,0,-3492.0,-1108.0,20680.0,-692.0,-998.0,1160.0, 
"=""16:18:54.665""",0,0,-5692.0,4916.0,-11764.0,35.0,38.0,41.0, ,"=""16:18:54.665""",0,0,-740.0,-16768.0,20004.0,-17.0,-13.0,10.0, ,"=""16:18:54.665""",0,0,-3492.0,-1108.0,20680.0,-692.0,-998.0,1160.0, 
"=""16:18:54.767""",0,0,-5692.0,4916.0,-11764.0,35.0,38.0,41.0, ,"=""16:18:54.767""",0,0,-740.0,-16768.0,20004.0,-17.0,-13.0,10.0, ,"=""16:18:54.767""",0,0,-3492.0,-1108.0,20680.0,-692.0,-998.0,1160.0, 
"=""16:18:54.869""",0,0,-5692.0,4916.0,-11764.0,35.0,38.0,41.0, ,"=""16:18:54.869""",0,0,-740.0,-16768.0,20004.0,-17.0,-13.0,10.0, ,"=""16:18:54.869""",0,0,-3492.0,-1108.0,20680.0,-692.0,-998.0,1160.0, 
"=""16:18:54.971""",0,0,-5692.0,4916.0,-11764.0,35.0,38.0,41.0, ,"=""16:18:54.971""",0,0,-740.0,-16768.0,20004.0,-17.0,-13.0,10.0, ,"=""16:18:54.971""",0,0,-3492.0,-1108.0,20680.0,-692.0,-998.0,1160.0, 
"=""16:18:55.073""",0,0,-5692.0,4916.0,-11764.0,35.0,38.0,41.0, ,"=""16:18:55.073""",0,0,-740.0,-16768.0,20004.0,-17.0,-13.0,10.0, ,"=""16:18:55.073""",0,0,-3492.0,-1108.0,20680.0,-692.0,-998.0,1160.0, 
"=""16:18:55.175""",0,0,-5692.0,4916.0,-11764.0,35.0,38.0,41.0, ,"=""16:18:55.175""",0,0,-740.0,-16768.0,20004.0,-17.0,-13.0,10.0, ,"=""16:18:55.175""",0,0,-3492.0,-1108.0,20680.0,-692.0,-998.0,1160.0, 
"=""16:18:55.276""",0,0,-5692.0,4916.0,-11764.0,35.0,38.0,41.0, ,"=""16:18:55.276""",0,0,-740.0,-16768.0,20004.0,-17.0,-13.0,10.0, ,"=""16:18:55.276""",0,0,-3336.0,-1028.0,20800.0,-641.0,-1005.0,1189.0, 
"=""16:18:55.378""",0,0,-5692.0,4916.0,-11764.0,35.0,38.0,41.0, ,"=""16:18:55.378""",0,0,-672.0,-16772.0,20168.0,46.0,-27.0,-7.0, ,"=""16:18:55.378""",0,0,-3336.0,-1028.0,20800.0,-641.0,-1005.0,1189.0, 
"=""16:18:55.480""",0,0,-5684.0,5052.0,-11824.0,31.0,8.0,-23.0, ,"=""16:18:55.480""",0,0,-672.0,-16772.0,20168.0,46.0,-27.0,-7.0, ,"=""16:18:55.480""",0,0,-3336.0,-1028.0,20800.0,-641.0,-1005.0,1189.0, 
"=""16:18:55.581""",0,0,-5684.0,5052.0,-11824.0,31.0,8.0,-23.0, ,"=""16:18:55.581""",0,0,-672.0,-16772.0,20168.0,46.0,-27.0,-7.0, ,"=""16:18:55.581""",0,0,-3336.0,-1028.0,20800.0,-641.0,-1005.0,1189.0, 
"=""16:18:55.683""",0,0,-5684.0,5052.0,-11824.0,31.0,8.0,-23.0, ,"=""16:18:55.683""",0,0,-672.0,-16772.0,20168.0,46.0,-27.0,-7.0, ,"=""16:18:55.683""",0,0,-3336.0,-1028.0,20800.0,-641.0,-1005.0,1189.0, 
"=""16:18:55.785""",0,0,-5684.0,5052.0,-11824.0,31.0,8.0,-23.0, ,"=""16:18:55.785""",0,0,-672.0,-16772.0,20168.0,46.0,-27.0,-7.0, ,"=""16:18:55.785""",0,0,-3336.0,-1028.0,20800.0,-641.0,-1005.0,1189.0, 
"=""16:18:55.887""",0,0,-5684.0,5052.0,-11824.0,31.0,8.0,-23.0, ,"=""16:18:55.887""",0,0,-672.0,-16772.0,20168.0,46.0,-27.0,-7.0, ,"=""16:18:55.887""",0,0,-3336.0,-1028.0,20800.0,-641.0,-1005.0,1189.0, 
"=""16:18:55.989""",0,0,-5684.0,5052.0,-11824.0,31.0,8.0,-23.0, ,"=""16:18:55.989""",0,0,-672.0,-16772.0,20168.0,46.0,-27.0,-7.0, ,"=""16:18:55.989""",0,0,-3336.0,-1028.0,20800.0,-641.0,-1005.0,1189.0, 
"=""16:18:56.091""",0,0,-5684.0,5052.0,-11824.0,31.0,8.0,-23.0, ,"=""16:18:56.091""",0,0,-672.0,-16772.0,20168.0,46.0,-27.0,-7.0, ,"=""16:18:56.091""",0,0,-3384.0,-1080.0,20752.0,-619.0,-1031.0,1187.0, 
"=""16:18:56.191""",0,0,-5868.0,5020.0,-11764.0,24.0,-21.0,-35.0, ,"=""16:18:56.192""",0,0,-780.0,-16796.0,20180.0,35.0,-26.0,-21.0, ,"=""16:18:56.192""",0,0,-3384.0,-1080.0,20752.0,-619.0,-1031.0,1187.0, 
"=""16:18:56.294""",0,0,-5868.0,5020.0,-11764.0,24.0,-21.0,-35.0, ,"=""16:18:56.294""",0,0,-780.0,-16796.0,20180.0,35.0,-26.0,-21.0, ,"=""16:18:56.294""",0,0,-3384.0,-1080.0,20752.0,-619.0,-1031.0,1187.0, 
"=""16:18:56.396""",0,0,-5868.0,5020.0,-11764.0,24.0,-21.0,-35.0, ,"=""16:18:56.396""",0,0,-780.0,-16796.0,20180.0,35.0,-26.0,-21.0, ,"=""16:18:56.396""",0,0,-3384.0,-1080.0,20752.0,-619.0,-1031.0,1187.0, 
"=""16:18:56.497""",0,0,-5868.0,5020.0,-11764.0,24.0,-21.0,-35.0, ,"=""16:18:56.498""",0,0,-780.0,-16796.0,20180.0,35.0,-26.0,-21.0, ,"=""16:18:56.498""",0,0,-3384.0,-1080.0,20752.0,-619.0,-1031.0,1187.0, 
"=""16:18:56.599""",0,0,-5868.0,5020.0,-11764.0,24.0,-21.0,-35.0, ,"=""16:18:56.599""",0,0,-780.0,-16796.0,20180.0,35.0,-26.0,-21.0, ,"=""16:18:56.599""",0,0,-3384.0,-1080.0,20752.0,-619.0,-1031.0,1187.0, 
"=""16:18:56.700""",0,0,-5868.0,5020.0,-11764.0,24.0,-21.0,-35.0, ,"=""16:18:56.701""",0,0,-780.0,-16796.0,20180.0,35.0,-26.0,-21.0, ,"=""16:18:56.701""",0,0,-3384.0,-1080.0,20752.0,-619.0,-1031.0,1187.0, 
"=""16:18:56.802""",0,0,-5868.0,5020.0,-11764.0,24.0,-21.0,-35.0, ,"=""16:18:56.802""",0,0,-780.0,-16796.0,20180.0,35.0,-26.0,-21.0, ,"=""16:18:56.802""",0,0,-3384.0,-1080.0,20752.0,-619.0,-1031.0,1187.0, 
"=""16:18:56.904""",0,0,-5868.0,5020.0,-11764.0,24.0,-21.0,-35.0, ,"=""16:18:56.905""",0,0,-780.0,-16796.0,20180.0,35.0,-26.0,-21.0, ,"=""16:18:56.905""",0,0,-3292.0,-1020.0,20780.0,-632.0,-1004.0,1205.0, 
"=""16:18:57.006""",0,0,-5900.0,4980.0,-11764.0,7.0,7.0,14.0, ,"=""16:18:57.006""",0,0,-784.0,-16844.0,20208.0,-65.0,7.0,57.0, ,"=""16:18:57.006""",0,0,-3292.0,-1020.0,20780.0,-632.0,-1004.0,1205.0, 
"=""16:18:57.107""",0,0,-5900.0,4980.0,-11764.0,7.0,7.0,14.0, ,"=""16:18:57.107""",0,0,-784.0,-16844.0,20208.0,-65.0,7.0,57.0, ,"=""16:18:57.107""",0,0,-3292.0,-1020.0,20780.0,-632.0,-1004.0,1205.0, 
"=""16:18:57.209""",0,0,-5900.0,4980.0,-11764.0,7.0,7.0,14.0, ,"=""16:18:57.209""",0,0,-784.0,-16844.0,20208.0,-65.0,7.0,57.0, ,"=""16:18:57.209""",0,0,-3292.0,-1020.0,20780.0,-632.0,-1004.0,1205.0, 
"=""16:18:57.311""",0,0,-5900.0,4980.0,-11764.0,7.0,7.0,14.0, ,"=""16:18:57.311""",0,0,-784.0,-16844.0,20208.0,-65.0,7.0,57.0, ,"=""16:18:57.311""",0,0,-3292.0,-1020.0,20780.0,-632.0,-1004.0,1205.0, 
"=""16:18:57.414""",0,0,-5900.0,4980.0,-11764.0,7.0,7.0,14.0, ,"=""16:18:57.414""",0,0,-784.0,-16844.0,20208.0,-65.0,7.0,57.0, ,"=""16:18:57.414""",0,0,-3292.0,-1020.0,20780.0,-632.0,-1004.0,1205.0, 
"=""16:18:57.516""",0,0,-5900.0,4980.0,-11764.0,7.0,7.0,14.0, ,"=""16:18:57.516""",0,0,-784.0,-16844.0,20208.0,-65.0,7.0,57.0, ,"=""16:18:57.516""",0,0,-3292.0,-1020.0,20780.0,-632.0,-1004.0,1205.0, 
"=""16:18:57.618""",0,0,-5900.0,4980.0,-11764.0,7.0,7.0,14.0, ,"=""16:18:57.618""",0,0,-784.0,-16844.0,20208.0,-65.0,7.0,57.0, ,"=""16:18:57.618""",0,0,-3292.0,-1020.0,20780.0,-632.0,-1004.0,1205.0, 
"=""16:18:57.719""",0,0,-5900.0,4980.0,-11764.0,7.0,7.0,14.0, ,"=""16:18:57.719""",0,0,-784.0,-16844.0,20208.0,-65.0,7.0,57.0, ,"=""16:18:57.719""",0,0,-2872.0,-1036.0,20776.0,-676.0,-982.0,1177.0, 
"=""16:18:57.821""",0,0,-5832.0,4976.0,-11784.0,10.0,24.0,38.0, ,"=""16:18:57.821""",0,0,-776.0,-16696.0,20132.0,-48.0,-8.0,9.0, ,"=""16:18:57.821""",0,0,-2872.0,-1036.0,20776.0,-676.0,-982.0,1177.0, 
"=""16:18:57.923""",0,0,-5832.0,4976.0,-11784.0,10.0,24.0,38.0, ,"=""16:18:57.923""",0,0,-776.0,-16696.0,20132.0,-48.0,-8.0,9.0, ,"=""16:18:57.923""",0,0,-2872.0,-1036.0,20776.0,-676.0,-982.0,1177.0, 
"=""16:18:58.025""",0,0,-5832.0,4976.0,-11784.0,10.0,24.0,38.0, ,"=""16:18:58.025""",0,0,-776.0,-16696.0,20132.0,-48.0,-8.0,9.0, ,"=""16:18:58.025""",0,0,-2872.0,-1036.0,20776.0,-676.0,-982.0,1177.0, 
"=""16:18:58.127""",0,0,-5832.0,4976.0,-11784.0,10.0,24.0,38.0, ,"=""16:18:58.127""",0,0,-776.0,-16696.0,20132.0,-48.0,-8.0,9.0, ,"=""16:18:58.127""",0,0,-2872.0,-1036.0,20776.0,-676.0,-982.0,1177.0, 
"=""16:18:58.229""",0,0,-5832.0,4976.0,-11784.0,10.0,24.0,38.0, ,"=""16:18:58.229""",0,0,-776.0,-16696.0,20132.0,-48.0,-8.0,9.0, ,"=""16:18:58.229""",0,0,-2872.0,-1036.0,20776.0,-676.0,-982.0,1177.0, 
"=""16:18:58.331""",0,0,-5832.0,4976.0,-11784.0,10.0,24.0,38.0, ,"=""16:18:58.331""",0,0,-776.0,-16696.0,20132.0,-48.0,-8.0,9.0, ,"=""16:18:58.331""",0,0,-2872.0,-1036.0,20776.0,-676.0,-982.0,1177.0, 
"=""16:18:58.433""",0,0,-5832.0,4976.0,-11784.0,10.0,24.0,38.0, ,"=""16:18:58.433""",0,0,-776.0,-16696.0,20132.0,-48.0,-8.0,9.0, ,"=""16:18:58.433""",0,0,-2872.0,-1036.0,20776.0,-676.0,-982.0,1177.0, 
"=""16:18:58.535""",0,0,-5832.0,4976.0,-11784.0,10.0,24.0,38.0, ,"=""16:18:58.535""",0,0,-776.0,-16696.0,20132.0,-48.0,-8.0,9.0, ,"=""16:18:58.535""",0,0,-2904.0,-928.0,20780.0,-669.0,-975.0,1178.0, 
"=""16:18:58.636""",0,0,-5896.0,4928.0,-11740.0,10.0,29.0,18.0, ,"=""16:18:58.636""",0,0,-724.0,-16692.0,20108.0,61.0,-18.0,-59.0, ,"=""16:18:58.637""",0,0,-2904.0,-928.0,20780.0,-669.0,-975.0,1178.0, 
"=""16:18:58.738""",0,0,-5896.0,4928.0,-11740.0,10.0,29.0,18.0, ,"=""16:18:58.738""",0,0,-724.0,-16692.0,20108.0,61.0,-18.0,-59.0, ,"=""16:18:58.738""",0,0,-2904.0,-928.0,20780.0,-669.0,-975.0,1178.0, 
"=""16:18:58.840""",0,0,-5896.0,4928.0,-11740.0,10.0,29.0,18.0, ,"=""16:18:58.841""",0,0,-724.0,-16692.0,20108.0,61.0,-18.0,-59.0, ,"=""16:18:58.841""",0,0,-2904.0,-928.0,20780.0,-669.0,-975.0,1178.0, 
"=""16:18:58.943""",0,0,-5896.0,4928.0,-11740.0,10.0,29.0,18.0, ,"=""16:18:58.943""",0,0,-724.0,-16692.0,20108.0,61.0,-18.0,-59.0, ,"=""16:18:58.943""",0,0,-2904.0,-928.0,20780.0,-669.0,-975.0,1178.0, 
"=""16:18:59.045""",0,0,-5896.0,4928.0,-11740.0,10.0,29.0,18.0, ,"=""16:18:59.045""",0,0,-724.0,-16692.0,20108.0,61.0,-18.0,-59.0, ,"=""16:18:59.045""",0,0,-2904.0,-928.0,20780.0,-669.0,-975.0,1178.0, 
"=""16:18:59.147""",0,0,-5896.0,4928.0,-11740.0,10.0,29.0,18.0, ,"=""16:18:59.147""",0,0,-724.0,-16692.0,20108.0,61.0,-18.0,-59.0, ,"=""16:18:59.147""",0,0,-2904.0,-928.0,20780.0,-669.0,-975.0,1178.0, 
"=""16:18:59.248""",0,0,-5896.0,4928.0,-11740.0,10.0,29.0,18.0, ,"=""16:18:59.249""",0,0,-724.0,-16692.0,20108.0,61.0,-18.0,-59.0, ,"=""16:18:59.249""",0,0,-2904.0,-928.0,20780.0,-669.0,-975.0,1178.0, 
"=""16:18:59.349""",0,0,-5896.0,4928.0,-11740.0,10.0,29.0,18.0, ,"=""16:18:59.349""",0,0,-612.0,-16736.0,20252.0,26.0,-25.0,-31.0, ,"=""16:18:59.349""",0,0,-2940.0,-920.0,20836.0,-611.0,-1004.0,1171.0, 
"=""16:18:59.451""",0,0,-5900.0,4940.0,-11684.0,36.0,-30.0,-46.0, ,"=""16:18:59.451""",0,0,-612.0,-16736.0,20252.0,26.0,-25.0,-31.0, ,"=""16:18:59.451""",0,0,-2940.0,-920.0,20836.0,-611.0,-1004.0,1171.0, 
"=""16:18:59.553""",0,0,-5900.0,4940.0,-11684.0,36.0,-30.0,-46.0, ,"=""16:18:59.553""",0,0,-612.0,-16736.0,20252.0,26.0,-25.0,-31.0, ,"=""16:18:59.553""",0,0,-2940.0,-920.0,20836.0,-611.0,-1004.0,1171.0, 
"=""16:18:59.655""",0,0,-5900.0,4940.0,-11684.0,36.0,-30.0,-46.0, ,"=""16:18:59.655""",0,0,-612.0,-16736.0,20252.0,26.0,-25.0,-31.0, ,"=""16:18:59.655""",0,0,-2940.0,-920.0,20836.0,-611.0,-1004.0,1171.0, 
"=""16:18:59.757""",0,0,-5900.0,4940.0,-11684.0,36.0,-30.0,-46.0, ,"=""16:18:59.757""",0,0,-612.0,-16736.0,20252.0,26.0,-25.0,-31.0, ,"=""16:18:59.757""",0,0,-2940.0,-920.0,20836.0,-611.0,-1004.0,1171.0, 
"=""16:18:59.859""",0,0,-5900.0,4940.0,-11684.0,36.0,-30.0,-46.0, ,"=""16:18:59.859""",0,0,-612.0,-16736.0,20252.0,26.0,-25.0,-31.0, ,"=""16:18:59.859""",0,0,-2940.0,-920.0,20836.0,-611.0,-1004.0,1171.0, 
"=""16:18:59.961""",0,0,-5900.0,4940.0,-11684.0,36.0,-30.0,-46.0, ,"=""16:18:59.961""",0,0,-612.0,-16736.0,20252.0,26.0,-25.0,-31.0, ,"=""16:18:59.961""",0,0,-2940.0,-920.0,20836.0,-611.0,-1004.0,1171.0, 
"=""16:19:00.063""",0,0,-5900.0,4940.0,-11684.0,36.0,-30.0,-46.0, ,"=""16:19:00.063""",0,0,-612.0,-16736.0,20252.0,26.0,-25.0,-31.0, ,"=""16:19:00.063""",0,0,-2868.0,-964.0,20720.0,-619.0,-1015.0,1204.0, 
"=""16:19:00.166""",0,0,-5900.0,4940.0,-11684.0,36.0,-30.0,-46.0, ,"=""16:19:00.166""",0,0,-676.0,-16864.0,20260.0,-37.0,20.0,-5.0, ,"=""16:19:00.166""",0,0,-2868.0,-964.0,20720.0,-619.0,-1015.0,1204.0, 
"=""16:19:00.267""",0,0,-5808.0,4924.0,-11808.0,72.0,9.0,-28.0, ,"=""16:19:00.267""",0,0,-676.0,-16864.0,20260.0,-37.0,20.0,-5.0, ,"=""16:19:00.268""",0,0,-2868.0,-964.0,20720.0,-619.0,-1015.0,1204.0, 
"=""16:19:00.370""",0,0,-5808.0,4924.0,-11808.0,72.0,9.0,-28.0, ,"=""16:19:00.370""",0,0,-676.0,-16864.0,20260.0,-37.0,20.0,-5.0, ,"=""16:19:00.370""",0,0,-2868.0,-964.0,20720.0,-619.0,-1015.0,1204.0, 
"=""16:19:00.472""",0,0,-5808.0,4924.0,-11808.0,72.0,9.0,-28.0, ,"=""16:19:00.472""",0,0,-676.0,-16864.0,20260.0,-37.0,20.0,-5.0, ,"=""16:19:00.472""",0,0,-2868.0,-964.0,20720.0,-619.0,-1015.0,1204.0, 
"=""16:19:00.574""",0,0,-5808.0,4924.0,-11808.0,72.0,9.0,-28.0, ,"=""16:19:00.574""",0,0,-676.0,-16864.0,20260.0,-37.0,20.0,-5.0, ,"=""16:19:00.574""",0,0,-2868.0,-964.0,20720.0,-619.0,-1015.0,1204.0, 
"=""16:19:00.676""",0,0,-5808.0,4924.0,-11808.0,72.0,9.0,-28.0, ,"=""16:19:00.676""",0,0,-676.0,-16864.0,20260.0,-37.0,20.0,-5.0, ,"=""16:19:00.676""",0,0,-2868.0,-964.0,20720.0,-619.0,-1015.0,1204.0, 
"=""16:19:00.778""",0,0,-5808.0,4924.0,-11808.0,72.0,9.0,-28.0, ,"=""16:19:00.778""",0,0,-676.0,-16864.0,20260.0,-37.0,20.0,-5.0, ,"=""16:19:00.778""",0,0,-2868.0,-964.0,20720.0,-619.0,-1015.0,1204.0, 
"=""16:19:00.880""",0,0,-5808.0,4924.0,-11808.0,72.0,9.0,-28.0, ,"=""16:19:00.880""",0,0,-676.0,-16864.0,20260.0,-37.0,20.0,-5.0, ,"=""16:19:00.880""",0,0,-2888.0,-948.0,20644.0,-648.0,-1008.0,1190.0, 
"=""16:19:00.982""",0,0,-5808.0,4924.0,-11808.0,72.0,9.0,-28.0, ,"=""16:19:00.982""",0,0,-660.0,-16756.0,20188.0,-38.0,24.0,10.0, ,"=""16:19:00.982""",0,0,-2888.0,-948.0,20644.0,-648.0,-1008.0,1190.0, 
"=""16:19:01.084""",0,0,-5700.0,5008.0,-11708.0,37.0,19.0,11.0, ,"=""16:19:01.084""",0,0,-660.0,-16756.0,20188.0,-38.0,24.0,10.0, ,"=""16:19:01.084""",0,0,-2888.0,-948.0,20644.0,-648.0,-1008.0,1190.0, 
"=""16:19:01.186""",0,0,-5700.0,5008.0,-11708.0,37.0,19.0,11.0, ,"=""16:19:01.186""",0,0,-660.0,-16756.0,20188.0,-38.0,24.0,10.0, ,"=""16:19:01.186""",0,0,-2888.0,-948.0,20644.0,-648.0,-1008.0,1190.0, 
"=""16:19:01.288""",0,0,-5700.0,5008.0,-11708.0,37.0,19.0,11.0, ,"=""16:19:01.288""",0,0,-660.0,-16756.0,20188.0,-38.0,24.0,10.0, ,"=""16:19:01.288""",0,0,-2888.0,-948.0,20644.0,-648.0,-1008.0,1190.0, 
"=""16:19:01.390""",0,0,-5700.0,5008.0,-11708.0,37.0,19.0,11.0, ,"=""16:19:01.390""",0,0,-660.0,-16756.0,20188.0,-38.0,24.0,10.0, ,"=""16:19:01.390""",0,0,-2888.0,-948.0,20644.0,-648.0,-1008.0,1190.0, 
"=""16:19:01.492""",0,0,-5700.0,5008.0,-11708.0,37.0,19.0,11.0, ,"=""16:19:01.492""",0,0,-660.0,-16756.0,20188.0,-38.0,24.0,10.0, ,"=""16:19:01.492""",0,0,-2888.0,-948.0,20644.0,-648.0,-1008.0,1190.0, 
"=""16:19:01.593""",0,0,-5700.0,5008.0,-11708.0,37.0,19.0,11.0, ,"=""16:19:01.594""",0,0,-660.0,-16756.0,20188.0,-38.0,24.0,10.0, ,"=""16:19:01.594""",0,0,-2888.0,-948.0,20644.0,-648.0,-1008.0,1190.0, 
"=""16:19:01.695""",0,0,-5700.0,5008.0,-11708.0,37.0,19.0,11.0, ,"=""16:19:01.695""",0,0,-660.0,-16756.0,20188.0,-38.0,24.0,10.0, ,"=""16:19:01.695""",0,0,-2972.0,-984.0,20740.0,-660.0,-1009.0,1172.0, 
"=""16:19:01.797""",0,0,-5700.0,5008.0,-11708.0,37.0,19.0,11.0, ,"=""16:19:01.797""",0,0,-792.0,-16872.0,20212.0,-15.0,0.0,-2.0, ,"=""16:19:01.797""",0,0,-2972.0,-984.0,20740.0,-660.0,-1009.0,1172.0, 
"=""16:19:01.899""",0,0,-5832.0,5016.0,-11692.0,24.0,40.0,3.0, ,"=""16:19:01.899""",0,0,-792.0,-16872.0,20212.0,-15.0,0.0,-2.0, ,"=""16:19:01.899""",0,0,-2972.0,-984.0,20740.0,-660.0,-1009.0,1172.0, 
"=""16:19:02.000""",0,0,-5832.0,5016.0,-11692.0,24.0,40.0,3.0, ,"=""16:19:02.000""",0,0,-792.0,-16872.0,20212.0,-15.0,0.0,-2.0, ,"=""16:19:02.000""",0,0,-2972.0,-984.0,20740.0,-660.0,-1009.0,1172.0, 
"=""16:19:02.102""",0,0,-5832.0,5016.0,-11692.0,24.0,40.0,3.0, ,"=""16:19:02.102""",0,0,-792.0,-16872.0,20212.0,-15.0,0.0,-2.0, ,"=""16:19:02.102""",0,0,-2972.0,-984.0,20740.0,-660.0,-1009.0,1172.0, 
"=""16:19:02.204""",0,0,-5832.0,5016.0,-11692.0,24.0,40.0,3.0, ,"=""16:19:02.204""",0,0,-792.0,-16872.0,20212.0,-15.0,0.0,-2.0, ,"=""16:19:02.204""",0,0,-2972.0,-984.0,20740.0,-660.0,-1009.0,1172.0, 
"=""16:19:02.305""",0,0,-5832.0,5016.0,-11692.0,24.0,40.0,3.0, ,"=""16:19:02.305""",0,0,-792.0,-16872.0,20212.0,-15.0,0.0,-2.0, ,"=""16:19:02.305""",0,0,-2972.0,-984.0,20740.0,-660.0,-1009.0,1172.0, 
"=""16:19:02.407""",0,0,-5832.0,5016.0,-11692.0,24.0,40.0,3.0, ,"=""16:19:02.407""",0,0,-792.0,-16872.0,20212.0,-15.0,0.0,-2.0, ,"=""16:19:02.407""",0,0,-2972.0,-984.0,20740.0,-660.0,-1009.0,1172.0, 
"=""16:19:02.509""",0,0,-5832.0,5016.0,-11692.0,24.0,40.0,3.0, ,"=""16:19:02.509""",0,0,-792.0,-16872.0,20212.0,-15.0,0.0,-2.0, ,"=""16:19:02.509""",0,0,-3348.0,-1164.0,20672.0,-661.0,-1007.0,1166.0, 
"=""16:19:02.611""",0,0,-5728.0,5064.0,-11692.0,27.0,7.0,0.0, ,"=""16:19:02.611""",0,0,-708.0,-16776.0,20200.0,4.0,-14.0,-3.0, ,"=""16:19:02.611""",0,0,-3348.0,-1164.0,20672.0,-661.0,-1007.0,1166.0, 
"=""16:19:02.713""",0,0,-5728.0,5064.0,-11692.0,27.0,7.0,0.0, ,"=""16:19:02.713""",0,0,-708.0,-16776.0,20200.0,4.0,-14.0,-3.0, ,"=""16:19:02.713""",0,0,-3348.0,-1164.0,20672.0,-661.0,-1007.0,1166.0, 
"=""16:19:02.815""",0,0,-5728.0,5064.0,-11692.0,27.0,7.0,0.0, ,"=""16:19:02.815""",0,0,-708.0,-16776.0,20200.0,4.0,-14.0,-3.0, ,"=""16:19:02.815""",0,0,-3348.0,-1164.0,20672.0,-661.0,-1007.0,1166.0, 
"=""16:19:02.916""",0,0,-5728.0,5064.0,-11692.0,27.0,7.0,0.0, ,"=""16:19:02.916""",0,0,-708.0,-16776.0,20200.0,4.0,-14.0,-3.0, ,"=""16:19:02.916""",0,0,-3348.0,-1164.0,20672.0,-661.0,-1007.0,1166.0, 
"=""16:19:03.018""",0,0,-5728.0,5064.0,-11692.0,27.0,7.0,0.0, ,"=""16:19:03.018""",0,0,-708.0,-16776.0,20200.0,4.0,-14.0,-3.0, ,"=""16:19:03.018""",0,0,-3348.0,-1164.0,20672.0,-661.0,-1007.0,1166.0, 
"=""16:19:03.120""",0,0,-5728.0,5064.0,-11692.0,27.0,7.0,0.0, ,"=""16:19:03.120""",0,0,-708.0,-16776.0,20200.0,4.0,-14.0,-3.0, ,"=""16:19:03.120""",0,0,-3348.0,-1164.0,20672.0,-661.0,-1007.0,1166.0, 
"=""16:19:03.222""",0,0,-5728.0,5064.0,-11692.0,27.0,7.0,0.0, ,"=""16:19:03.222""",0,0,-708.0,-16776.0,20200.0,4.0,-14.0,-3.0, ,"=""16:19:03.222""",0,0,-3348.0,-1164.0,20672.0,-661.0,-1007.0,1166.0, 
"=""16:19:03.323""",0,0,-5728.0,5064.0,-11692.0,27.0,7.0,0.0, ,"=""16:19:03.323""",0,0,-708.0,-16776.0,20200.0,4.0,-14.0,-3.0, ,"=""16:19:03.324""",0,0,-3324.0,-1112.0,20668.0,-643.0,-1007.0,1188.0, 
"=""16:19:03.425""",0,0,-5828.0,4984.0,-11656.0,20.0,0.0,-17.0, ,"=""16:19:03.425""",0,0,-756.0,-16708.0,20152.0,29.0,-3.0,-13.0, ,"=""16:19:03.425""",0,0,-3324.0,-1112.0,20668.0,-643.0,-1007.0,1188.0, 
"=""16:19:03.527""",0,0,-5828.0,4984.0,-11656.0,20.0,0.0,-17.0, ,"=""16:19:03.527""",0,0,-756.0,-16708.0,20152.0,29.0,-3.0,-13.0, ,"=""16:19:03.527""",0,0,-3324.0,-1112.0,20668.0,-643.0,-1007.0,1188.0, 
"=""16:19:03.630""",0,0,-5828.0,4984.0,-11656.0,20.0,0.0,-17.0, ,"=""16:19:03.630""",0,0,-756.0,-16708.0,20152.0,29.0,-3.0,-13.0, ,"=""16:19:03.630""",0,0,-3324.0,-1112.0,20668.0,-643.0,-1007.0,1188.0, 
"=""16:19:03.731""",0,0,-5828.0,4984.0,-11656.0,20.0,0.0,-17.0, ,"=""16:19:03.731""",0,0,-756.0,-16708.0,20152.0,29.0,-3.0,-13.0, ,"=""16:19:03.731""",0,0,-3324.0,-1112.0,20668.0,-643.0,-1007.0,1188.0, 
"=""16:19:03.833""",0,0,-5828.0,4984.0,-11656.0,20.0,0.0,-17.0, ,"=""16:19:03.833""",0,0,-756.0,-16708.0,20152.0,29.0,-3.0,-13.0, ,"=""16:19:03.833""",0,0,-3324.0,-1112.0,20668.0,-643.0,-1007.0,1188.0, 
"=""16:19:03.935""",0,0,-5828.0,4984.0,-11656.0,20.0,0.0,-17.0, ,"=""16:19:03.935""",0,0,-756.0,-16708.0,20152.0,29.0,-3.0,-13.0, ,"=""16:19:03.935""",0,0,-3324.0,-1112.0,20668.0,-643.0,-1007.0,1188.0, 
"=""16:19:04.038""",0,0,-5828.0,4984.0,-11656.0,20.0,0.0,-17.0, ,"=""16:19:04.038""",0,0,-756.0,-16708.0,20152.0,29.0,-3.0,-13.0, ,"=""16:19:04.038""",0,0,-3324.0,-1112.0,20668.0,-643.0,-1007.0,1188.0, 
"=""16:19:04.140""",0,0,-5828.0,4984.0,-11656.0,20.0,0.0,-17.0, ,"=""16:19:04.140""",0,0,-756.0,-16708.0,20152.0,29.0,-3.0,-13.0, ,"=""16:19:04.140""",0,0,-3340.0,-1188.0,20476.0,-621.0,-1018.0,1167.0, 
"=""16:19:04.242""",0,0,-5884.0,4992.0,-11756.0,7.0,7.0,-23.0, ,"=""16:19:04.242""",0,0,-680.0,-16752.0,20220.0,-41.0,-3.0,3.0, ,"=""16:19:04.242""",0,0,-3340.0,-1188.0,20476.0,-621.0,-1018.0,1167.0, 
"=""16:19:04.343""",0,0,-5884.0,4992.0,-11756.0,7.0,7.0,-23.0, ,"=""16:19:04.343""",0,0,-680.0,-16752.0,20220.0,-41.0,-3.0,3.0, ,"=""16:19:04.343""",0,0,-3340.0,-1188.0,20476.0,-621.0,-1018.0,1167.0, 
"=""16:19:04.445""",0,0,-5884.0,4992.0,-11756.0,7.0,7.0,-23.0, ,"=""16:19:04.445""",0,0,-680.0,-16752.0,20220.0,-41.0,-3.0,3.0, ,"=""16:19:04.445""",0,0,-3340.0,-1188.0,20476.0,-621.0,-1018.0,1167.0, 
"=""16:19:04.547""",0,0,-5884.0,4992.0,-11756.0,7.0,7.0,-23.0, ,"=""16:19:04.547""",0,0,-680.0,-16752.0,20220.0,-41.0,-3.0,3.0, ,"=""16:19:04.547""",0,0,-3340.0,-1188.0,20476.0,-621.0,-1018.0,1167.0, 
"=""16:19:04.649""",0,0,-5884.0,4992.0,-11756.0,7.0,7.0,-23.0, ,"=""16:19:04.649""",0,0,-680.0,-16752.0,20220.0,-41.0,-3.0,3.0, ,"=""16:19:04.649""",0,0,-3340.0,-1188.0,20476.0,-621.0,-1018.0,1167.0, 
"=""16:19:04.750""",0,0,-5884.0,4992.0,-11756.0,7.0,7.0,-23.0, ,"=""16:19:04.750""",0,0,-680.0,-16752.0,20220.0,-41.0,-3.0,3.0, ,"=""16:19:04.750""",0,0,-3340.0,-1188.0,20476.0,-621.0,-1018.0,1167.0, 
"=""16:19:04.851""",0,0,-5884.0,4992.0,-11756.0,7.0,7.0,-23.0, ,"=""16:19:04.851""",0,0,-680.0,-16752.0,20220.0,-41.0,-3.0,3.0, ,"=""16:19:04.851""",0,0,-3452.0,-1124.0,20840.0,-666.0,-982.0,1182.0, 
"=""16:19:04.953""",0,0,-5884.0,4992.0,-11756.0,7.0,7.0,-23.0, ,"=""16:19:04.953""",0,0,-704.0,-16760.0,20168.0,-7.0,-14.0,3.0, ,"=""16:19:04.953""",0,0,-3452.0,-1124.0,20840.0,-666.0,-982.0,1182.0, 
"=""16:19:05.055""",0,0,-5880.0,5020.0,-11696.0,30.0,23.0,21.0, ,"=""16:19:05.055""",0,0,-704.0,-16760.0,20168.0,-7.0,-14.0,3.0, ,"=""16:19:05.055""",0,0,-3452.0,-1124.0,20840.0,-666.0,-982.0,1182.0, 
"=""16:19:05.157""",0,0,-5880.0,5020.0,-11696.0,30.0,23.0,21.0, ,"=""16:19:05.157""",0,0,-704.0,-16760.0,20168.0,-7.0,-14.0,3.0, ,"=""16:19:05.157""",0,0,-3452.0,-1124.0,20840.0,-666.0,-982.0,1182.0, 
"=""16:19:05.259""",0,0,-5880.0,5020.0,-11696.0,30.0,23.0,21.0, ,"=""16:19:05.259""",0,0,-704.0,-16760.0,20168.0,-7.0,-14.0,3.0, ,"=""16:19:05.259""",0,0,-3452.0,-1124.0,20840.0,-666.0,-982.0,1182.0, 
"=""16:19:05.360""",0,0,-5880.0,5020.0,-11696.0,30.0,23.0,21.0, ,"=""16:19:05.360""",0,0,-704.0,-16760.0,20168.0,-7.0,-14.0,3.0, ,"=""16:19:05.360""",0,0,-3452.0,-1124.0,20840.0,-666.0,-982.0,1182.0, 
"=""16:19:05.462""",0,0,-5880.0,5020.0,-11696.0,30.0,23.0,21.0, ,"=""16:19:05.462""",0,0,-704.0,-16760.0,20168.0,-7.0,-14.0,3.0, ,"=""16:19:05.462""",0,0,-3452.0,-1124.0,20840.0,-666.0,-982.0,1182.0, 
"=""16:19:05.564""",0,0,-5880.0,5020.0,-11696.0,30.0,23.0,21.0, ,"=""16:19:05.564""",0,0,-704.0,-16760.0,20168.0,-7.0,-14.0,3.0, ,"=""16:19:05.564""",0,0,-3452.0,-1124.0,20840.0,-666.0,-982.0,1182.0, 
"=""16:19:05.666""",0,0,-5880.0,5020.0,-11696.0,30.0,23.0,21.0, ,"=""16:19:05.666""",0,0,-704.0,-16760.0,20168.0,-7.0,-14.0,3.0, ,"=""16:19:05.666""",0,0,-3452.0,-1124.0,20840.0,-666.0,-982.0,1182.0, 
"=""16:19:05.768""",0,0,-5880.0,5020.0,-11696.0,30.0,23.0,21.0, ,"=""16:19:05.768""",0,0,-724.0,-16816.0,20248.0,15.0,10.0,-11.0, ,"=""16:19:05.768""",0,0,-3520.0,-1152.0,20756.0,-640.0,-1004.0,1180.0, 
"=""16:19:05.870""",0,0,-5848.0,5024.0,-11748.0,-22.0,-16.0,-18.0, ,"=""16:19:05.870""",0,0,-724.0,-16816.0,20248.0,15.0,10.0,-11.0, ,"=""16:19:05.870""",0,0,-3520.0,-1152.0,20756.0,-640.0,-1004.0,1180.0, 
"=""16:19:05.972""",0,0,-5848.0,5024.0,-11748.0,-22.0,-16.0,-18.0, ,"=""16:19:05.972""",0,0,-724.0,-16816.0,20248.0,15.0,10.0,-11.0, ,"=""16:19:05.972""",0,0,-3520.0,-1152.0,20756.0,-640.0,-1004.0,1180.0, 
"=""16:19:06.075""",0,0,-5848.0,5024.0,-11748.0,-22.0,-16.0,-18.0, ,"=""16:19:06.075""",0,0,-724.0,-16816.0,20248.0,15.0,10.0,-11.0, ,"=""16:19:06.075""",0,0,-3520.0,-1152.0,20756.0,-640.0,-1004.0,1180.0, 
"=""16:19:06.177""",0,0,-5848.0,5024.0,-11748.0,-22.0,-16.0,-18.0, ,"=""16:19:06.177""",0,0,-724.0,-16816.0,20248.0,15.0,10.0,-11.0, ,"=""16:19:06.177""",0,0,-3520.0,-1152.0,20756.0,-640.0,-1004.0,1180.0, 
"=""16:19:06.278""",0,0,-5848.0,5024.0,-11748.0,-22.0,-16.0,-18.0, ,"=""16:19:06.278""",0,0,-724.0,-16816.0,20248.0,15.0,10.0,-11.0, ,"=""16:19:06.278""",0,0,-3520.0,-1152.0,20756.0,-640.0,-1004.0,1180.0, 
"=""16:19:06.380""",0,0,-5848.0,5024.0,-11748.0,-22.0,-16.0,-18.0, ,"=""16:19:06.380""",0,0,-724.0,-16816.0,20248.0,15.0,10.0,-11.0, ,"=""16:19:06.380""",0,0,-3520.0,-1152.0,20756.0,-640.0,-1004.0,1180.0, 
"=""16:19:06.482""",0,0,-5848.0,5024.0,-11748.0,-22.0,-16.0,-18.0, ,"=""16:19:06.482""",0,0,-724.0,-16816.0,20248.0,15.0,10.0,-11.0, ,"=""16:19:06.482""",0,0,-3476.0,-932.0,20612.0,-672.0,-967.0,1194.0, 
"=""16:19:06.584""",0,0,-5848.0,5024.0,-11748.0,-22.0,-16.0,-18.0, ,"=""16:19:06.584""",0,0,-636.0,-16800.0,19972.0,47.0,-13.0,9.0, ,"=""16:19:06.584""",0,0,-3476.0,-932.0,20612.0,-672.0,-967.0,1194.0, 
"=""16:19:06.686""",0,0,-5804.0,5004.0,-11712.0,-17.0,17.0,5.0, ,"=""16:19:06.686""",0,0,-636.0,-16800.0,19972.0,47.0,-13.0,9.0, ,"=""16:19:06.686""",0,0,-3476.0,-932.0,20612.0,-672.0,-967.0,1194.0, 
"=""16:19:06.788""",0,0,-5804.0,5004.0,-11712.0,-17.0,17.0,5.0, ,"=""16:19:06.788""",0,0,-636.0,-16800.0,19972.0,47.0,-13.0,9.0, ,"=""16:19:06.788""",0,0,-3476.0,-932.0,20612.0,-672.0,-967.0,1194.0, 
"=""16:19:06.890""",0,0,-5804.0,5004.0,-11712.0,-17.0,17.0,5.0, ,"=""16:19:06.890""",0,0,-636.0,-16800.0,19972.0,47.0,-13.0,9.0, ,"=""16:19:06.890""",0,0,-3476.0,-932.0,20612.0,-672.0,-967.0,1194.0, 
"=""16:19:06.992""",0,0,-5804.0,5004.0,-11712.0,-17.0,17.0,5.0, ,"=""16:19:06.992""",0,0,-636.0,-16800.0,19972.0,47.0,-13.0,9.0, ,"=""16:19:06.992""",0,0,-3476.0,-932.0,20612.0,-672.0,-967.0,1194.0, 
"=""16:19:07.094""",0,0,-5804.0,5004.0,-11712.0,-17.0,17.0,5.0, ,"=""16:19:07.094""",0,0,-636.0,-16800.0,19972.0,47.0,-13.0,9.0, ,"=""16:19:07.094""",0,0,-3476.0,-932.0,20612.0,-672.0,-967.0,1194.0, 
"=""16:19:07.197""",0,0,-5804.0,5004.0,-11712.0,-17.0,17.0,5.0, ,"=""16:19:07.197""",0,0,-636.0,-16800.0,19972.0,47.0,-13.0,9.0, ,"=""16:19:07.197""",0,0,-3476.0,-932.0,20612.0,-672.0,-967.0,1194.0, 
"=""16:19:07.299""",0,0,-5804.0,5004.0,-11712.0,-17.0,17.0,5.0, ,"=""16:19:07.299""",0,0,-636.0,-16800.0,19972.0,47.0,-13.0,9.0, ,"=""16:19:07.299""",0,0,-3364.0,-992.0,20508.0,-635.0,-977.0,1182.0, 
"=""16:19:07.400""",0,0,-5772.0,5024.0,-11668.0,31.0,6.0,-10.0, ,"=""16:19:07.400""",0,0,-748.0,-16740.0,20300.0,72.0,-12.0,-4.0, ,"=""16:19:07.400""",0,0,-3364.0,-992.0,20508.0,-635.0,-977.0,1182.0, 
"=""16:19:07.502""",0,0,-5772.0,5024.0,-11668.0,31.0,6.0,-10.0, ,"=""16:19:07.502""",0,0,-748.0,-16740.0,20300.0,72.0,-12.0,-4.0, ,"=""16:19:07.502""",0,0,-3364.0,-992.0,20508.0,-635.0,-977.0,1182.0, 
"=""16:19:07.604""",0,0,-5772.0,5024.0,-11668.0,31.0,6.0,-10.0, ,"=""16:19:07.604""",0,0,-748.0,-16740.0,20300.0,72.0,-12.0,-4.0, ,"=""16:19:07.604""",0,0,-3364.0,-992.0,20508.0,-635.0,-977.0,1182.0, 
"=""16:19:07.705""",0,0,-5772.0,5024.0,-11668.0,31.0,6.0,-10.0, ,"=""16:19:07.706""",0,0,-748.0,-16740.0,20300.0,72.0,-12.0,-4.0, ,"=""16:19:07.706""",0,0,-3364.0,-992.0,20508.0,-635.0,-977.0,1182.0, 
"=""16:19:07.807""",0,0,-5772.0,5024.0,-11668.0,31.0,6.0,-10.0, ,"=""16:19:07.807""",0,0,-748.0,-16740.0,20300.0,72.0,-12.0,-4.0, ,"=""16:19:07.807""",0,0,-3364.0,-992.0,20508.0,-635.0,-977.0,1182.0, 
"=""16:19:07.909""",0,0,-5772.0,5024.0,-11668.0,31.0,6.0,-10.0, ,"=""16:19:07.909""",0,0,-748.0,-16740.0,20300.0,72.0,-12.0,-4.0, ,"=""16:19:07.909""",0,0,-3364.0,-992.0,20508.0,-635.0,-977.0,1182.0, 
"=""16:19:08.011""",0,0,-5772.0,5024.0,-11668.0,31.0,6.0,-10.0, ,"=""16:19:08.011""",0,0,-748.0,-16740.0,20300.0,72.0,-12.0,-4.0, ,"=""16:19:08.011""",0,0,-3364.0,-992.0,20508.0,-635.0,-977.0,1182.0, 
"=""16:19:08.113""",0,0,-5772.0,5024.0,-11668.0,31.0,6.0,-10.0, ,"=""16:19:08.113""",0,0,-748.0,-16740.0,20300.0,72.0,-12.0,-4.0, ,"=""16:19:08.113""",0,0,-3384.0,-908.0,20784.0,-639.0,-1006.0,1199.0, 
"=""16:19:08.215""",0,0,-5796.0,4952.0,-11664.0,17.0,-11.0,-11.0, ,"=""16:19:08.215""",0,0,-768.0,-16840.0,20252.0,7.0,-5.0,-1.0, ,"=""16:19:08.215""",0,0,-3384.0,-908.0,20784.0,-639.0,-1006.0,1199.0, 
"=""16:19:08.317""",0,0,-5796.0,4952.0,-11664.0,17.0,-11.0,-11.0, ,"=""16:19:08.317""",0,0,-768.0,-16840.0,20252.0,7.0,-5.0,-1.0, ,"=""16:19:08.317""",0,0,-3384.0,-908.0,20784.0,-639.0,-1006.0,1199.0, 
"=""16:19:08.419""",0,0,-5796.0,4952.0,-11664.0,17.0,-11.0,-11.0, ,"=""16:19:08.419""",0,0,-768.0,-16840.0,20252.0,7.0,-5.0,-1.0, ,"=""16:19:08.419""",0,0,-3384.0,-908.0,20784.0,-639.0,-1006.0,1199.0, 
"=""16:19:08.521""",0,0,-5796.0,4952.0,-11664.0,17.0,-11.0,-11.0, ,"=""16:19:08.521""",0,0,-768.0,-16840.0,20252.0,7.0,-5.0,-1.0, ,"=""16:19:08.521""",0,0,-3384.0,-908.0,20784.0,-639.0,-1006.0,1199.0, 
"=""16:19:08.623""",0,0,-5796.0,4952.0,-11664.0,17.0,-11.0,-11.0, ,"=""16:19:08.623""",0,0,-768.0,-16840.0,20252.0,7.0,-5.0,-1.0, ,"=""16:19:08.623""",0,0,-3384.0,-908.0,20784.0,-639.0,-1006.0,1199.0, 
"=""16:19:08.725""",0,0,-5796.0,4952.0,-11664.0,17.0,-11.0,-11.0, ,"=""16:19:08.726""",0,0,-768.0,-16840.0,20252.0,7.0,-5.0,-1.0, ,"=""16:19:08.726""",0,0,-3384.0,-908.0,20784.0,-639.0,-1006.0,1199.0, 
"=""16:19:08.827""",0,0,-5796.0,4952.0,-11664.0,17.0,-11.0,-11.0, ,"=""16:19:08.828""",0,0,-768.0,-16840.0,20252.0,7.0,-5.0,-1.0, ,"=""16:19:08.828""",0,0,-3384.0,-908.0,20784.0,-639.0,-1006.0,1199.0, 
"=""16:19:08.930""",0,0,-5796.0,4952.0,-11664.0,17.0,-11.0,-11.0, ,"=""16:19:08.930""",0,0,-768.0,-16840.0,20252.0,7.0,-5.0,-1.0, ,"=""16:19:08.930""",0,0,-3232.0,-968.0,20780.0,-628.0,-981.0,1170.0, 
"=""16:19:09.031""",0,0,-5952.0,4904.0,-11704.0,10.0,-2.0,1.0, ,"=""16:19:09.031""",0,0,-624.0,-16720.0,20040.0,-7.0,9.0,-1.0, ,"=""16:19:09.031""",0,0,-3232.0,-968.0,20780.0,-628.0,-981.0,1170.0, 
"=""16:19:09.133""",0,0,-5952.0,4904.0,-11704.0,10.0,-2.0,1.0, ,"=""16:19:09.133""",0,0,-624.0,-16720.0,20040.0,-7.0,9.0,-1.0, ,"=""16:19:09.133""",0,0,-3232.0,-968.0,20780.0,-628.0,-981.0,1170.0, 
"=""16:19:09.235""",0,0,-5952.0,4904.0,-11704.0,10.0,-2.0,1.0, ,"=""16:19:09.235""",0,0,-624.0,-16720.0,20040.0,-7.0,9.0,-1.0, ,"=""16:19:09.235""",0,0,-3232.0,-968.0,20780.0,-628.0,-981.0,1170.0, 
"=""16:19:09.336""",0,0,-5952.0,4904.0,-11704.0,10.0,-2.0,1.0, ,"=""16:19:09.336""",0,0,-624.0,-16720.0,20040.0,-7.0,9.0,-1.0, ,"=""16:19:09.337""",0,0,-3232.0,-968.0,20780.0,-628.0,-981.0,1170.0, 
"=""16:19:09.438""",0,0,-5952.0,4904.0,-11704.0,10.0,-2.0,1.0, ,"=""16:19:09.438""",0,0,-624.0,-16720.0,20040.0,-7.0,9.0,-1.0, ,"=""16:19:09.438""",0,0,-3232.0,-968.0,20780.0,-628.0,-981.0,1170.0, 
"=""16:19:09.540""",0,0,-5952.0,4904.0,-11704.0,10.0,-2.0,1.0, ,"=""16:19:09.540""",0,0,-624.0,-16720.0,20040.0,-7.0,9.0,-1.0, ,"=""16:19:09.540""",0,0,-3232.0,-968.0,20780.0,-628.0,-981.0,1170.0, 
"=""16:19:09.641""",0,0,-5952.0,4904.0,-11704.0,10.0,-2.0,1.0, ,"=""16:19:09.641""",0,0,-624.0,-16720.0,20040.0,-7.0,9.0,-1.0, ,"=""16:19:09.641""",0,0,-3232.0,-968.0,20780.0,-628.0,-981.0,1170.0, 
"=""16:19:09.743""",0,0,-5952.0,4904.0,-11704.0,10.0,-2.0,1.0, ,"=""16:19:09.743""",0,0,-708.0,-16700.0,20204.0,11.0,-25.0,-16.0, ,"=""16:19:09.743""",0,0,-3124.0,-892.0,20640.0,-655.0,-1003.0,1188.0, 
"=""16:19:09.845""",0,0,-5804.0,4992.0,-11756.0,19.0,9.0,-17.0, ,"=""16:19:09.845""",0,0,-708.0,-16700.0,20204.0,11.0,-25.0,-16.0, ,"=""16:19:09.845""",0,0,-3124.0,-892.0,20640.0,-655.0,-1003.0,1188.0, 
"=""16:19:09.947""",0,0,-5804.0,4992.0,-11756.0,19.0,9.0,-17.0, ,"=""16:19:09.947""",0,0,-708.0,-16700.0,20204.0,11.0,-25.0,-16.0, ,"=""16:19:09.947""",0,0,-3124.0,-892.0,20640.0,-655.0,-1003.0,1188.0, 
"=""16:19:10.049""",0,0,-5804.0,4992.0,-11756.0,19.0,9.0,-17.0, ,"=""16:19:10.049""",0,0,-708.0,-16700.0,20204.0,11.0,-25.0,-16.0, ,"=""16:19:10.049""",0,0,-3124.0,-892.0,20640.0,-655.0,-1003.0,1188.0, 
"=""16:19:10.151""",0,0,-5804.0,4992.0,-11756.0,19.0,9.0,-17.0, ,"=""16:19:10.151""",0,0,-708.0,-16700.0,20204.0,11.0,-25.0,-16.0, ,"=""16:19:10.151""",0,0,-3124.0,-892.0,20640.0,-655.0,-1003.0,1188.0, 
"=""16:19:10.253""",0,0,-5804.0,4992.0,-11756.0,19.0,9.0,-17.0, ,"=""16:19:10.253""",0,0,-708.0,-16700.0,20204.0,11.0,-25.0,-16.0, ,"=""16:19:10.253""",0,0,-3124.0,-892.0,20640.0,-655.0,-1003.0,1188.0, 
"=""16:19:10.355""",0,0,-5804.0,4992.0,-11756.0,19.0,9.0,-17.0, ,"=""16:19:10.355""",0,0,-708.0,-16700.0,20204.0,11.0,-25.0,-16.0, ,"=""16:19:10.355""",0,0,-3124.0,-892.0,20640.0,-655.0,-1003.0,1188.0, 
"=""16:19:10.456""",0,0,-5804.0,4992.0,-11756.0,19.0,9.0,-17.0, ,"=""16:19:10.456""",0,0,-708.0,-16700.0,20204.0,11.0,-25.0,-16.0, ,"=""16:19:10.456""",0,0,-2936.0,-892.0,20724.0,-657.0,-1007.0,1191.0, 
"=""16:19:10.558""",0,0,-5804.0,4992.0,-11756.0,19.0,9.0,-17.0, ,"=""16:19:10.558""",0,0,-756.0,-16796.0,20200.0,-14.0,8.0,-8.0, ,"=""16:19:10.558""",0,0,-2936.0,-892.0,20724.0,-657.0,-1007.0,1191.0, 
"=""16:19:10.660""",0,0,-5884.0,4924.0,-11724.0,72.0,22.0,17.0, ,"=""16:19:10.660""",0,0,-756.0,-16796.0,20200.0,-14.0,8.0,-8.0, ,"=""16:19:10.660""",0,0,-2936.0,-892.0,20724.0,-657.0,-1007.0,1191.0, 
"=""16:19:10.762""",0,0,-5884.0,4924.0,-11724.0,72.0,22.0,17.0, ,"=""16:19:10.762""",0,0,-756.0,-16796.0,20200.0,-14.0,8.0,-8.0, ,"=""16:19:10.762""",0,0,-2936.0,-892.0,20724.0,-657.0,-1007.0,1191.0, 
"=""16:19:10.863""",0,0,-5884.0,4924.0,-11724.0,72.0,22.0,17.0, ,"=""16:19:10.863""",0,0,-756.0,-16796.0,20200.0,-14.0,8.0,-8.0, ,"=""16:19:10.863""",0,0,-2936.0,-892.0,20724.0,-657.0,-1007.0,1191.0, 
"=""16:19:10.965""",0,0,-5884.0,4924.0,-11724.0,72.0,22.0,17.0, ,"=""16:19:10.965""",0,0,-756.0,-16796.0,20200.0,-14.0,8.0,-8.0, ,"=""16:19:10.965""",0,0,-2936.0,-892.0,20724.0,-657.0,-1007.0,1191.0, 
"=""16:19:11.067""",0,0,-5884.0,4924.0,-11724.0,72.0,22.0,17.0, ,"=""16:19:11.067""",0,0,-756.0,-16796.0,20200.0,-14.0,8.0,-8.0, ,"=""16:19:11.067""",0,0,-2936.0,-892.0,20724.0,-657.0,-1007.0,1191.0, 
"=""16:19:11.169""",0,0,-5884.0,4924.0,-11724.0,72.0,22.0,17.0, ,"=""16:19:11.169""",0,0,-756.0,-16796.0,20200.0,-14.0,8.0,-8.0, ,"=""16:19:11.169""",0,0,-2936.0,-892.0,20724.0,-657.0,-1007.0,1191.0, 
"=""16:19:11.271""",0,0,-5884.0,4924.0,-11724.0,72.0,22.0,17.0, ,"=""16:19:11.271""",0,0,-756.0,-16796.0,20200.0,-14.0,8.0,-8.0, ,"=""16:19:11.271""",0,0,-2808.0,-1016.0,20632.0,-658.0,-1030.0,1156.0, 
"=""16:19:11.373""",0,0,-5884.0,4924.0,-11724.0,72.0,22.0,17.0, ,"=""16:19:11.373""",0,0,-804.0,-16732.0,20224.0,-54.0,30.0,16.0, ,"=""16:19:11.373""",0,0,-2808.0,-1016.0,20632.0,-658.0,-1030.0,1156.0, 
"=""16:19:11.474""",0,0,-5940.0,5024.0,-11820.0,1.0,9.0,37.0, ,"=""16:19:11.474""",0,0,-804.0,-16732.0,20224.0,-54.0,30.0,16.0, ,"=""16:19:11.474""",0,0,-2808.0,-1016.0,20632.0,-658.0,-1030.0,1156.0, 
"=""16:19:11.576""",0,0,-5940.0,5024.0,-11820.0,1.0,9.0,37.0, ,"=""16:19:11.576""",0,0,-804.0,-16732.0,20224.0,-54.0,30.0,16.0, ,"=""16:19:11.576""",0,0,-2808.0,-1016.0,20632.0,-658.0,-1030.0,1156.0, 
"=""16:19:11.678""",0,0,-5940.0,5024.0,-11820.0,1.0,9.0,37.0, ,"=""16:19:11.678""",0,0,-804.0,-16732.0,20224.0,-54.0,30.0,16.0, ,"=""16:19:11.678""",0,0,-2808.0,-1016.0,20632.0,-658.0,-1030.0,1156.0, 
"=""16:19:11.780""",0,0,-5940.0,5024.0,-11820.0,1.0,9.0,37.0, ,"=""16:19:11.781""",0,0,-804.0,-16732.0,20224.0,-54.0,30.0,16.0, ,"=""16:19:11.781""",0,0,-2808.0,-1016.0,20632.0,-658.0,-1030.0,1156.0, 
"=""16:19:11.882""",0,0,-5940.0,5024.0,-11820.0,1.0,9.0,37.0, ,"=""16:19:11.882""",0,0,-804.0,-16732.0,20224.0,-54.0,30.0,16.0, ,"=""16:19:11.882""",0,0,-2808.0,-1016.0,20632.0,-658.0,-1030.0,1156.0, 
"=""16:19:11.984""",0,0,-5940.0,5024.0,-11820.0,1.0,9.0,37.0, ,"=""16:19:11.984""",0,0,-804.0,-16732.0,20224.0,-54.0,30.0,16.0, ,"=""16:19:11.984""",0,0,-2808.0,-1016.0,20632.0,-658.0,-1030.0,1156.0, 
"=""16:19:12.086""",0,0,-5940.0,5024.0,-11820.0,1.0,9.0,37.0, ,"=""16:19:12.086""",0,0,-804.0,-16732.0,20224.0,-54.0,30.0,16.0, ,"=""16:19:12.086""",0,0,-2852.0,-912.0,20764.0,-661.0,-985.0,1161.0, 
"=""16:19:12.188""",0,0,-5812.0,4900.0,-11648.0,3.0,6.0,-8.0, ,"=""16:19:12.188""",0,0,-676.0,-16848.0,20024.0,63.0,-27.0,-34.0, ,"=""16:19:12.188""",0,0,-2852.0,-912.0,20764.0,-661.0,-985.0,1161.0, 
"=""16:19:12.290""",0,0,-5812.0,4900.0,-11648.0,3.0,6.0,-8.0, ,"=""16:19:12.290""",0,0,-676.0,-16848.0,20024.0,63.0,-27.0,-34.0, ,"=""16:19:12.290""",0,0,-2852.0,-912.0,20764.0,-661.0,-985.0,1161.0, 
"=""16:19:12.392""",0,0,-5812.0,4900.0,-11648.0,3.0,6.0,-8.0, ,"=""16:19:12.392""",0,0,-676.0,-16848.0,20024.0,63.0,-27.0,-34.0, ,"=""16:19:12.392""",0,0,-2852.0,-912.0,20764.0,-661.0,-985.0,1161.0, 
"=""16:19:12.494""",0,0,-5812.0,4900.0,-11648.0,3.0,6.0,-8.0, ,"=""16:19:12.494""",0,0,-676.0,-16848.0,20024.0,63.0,-27.0,-34.0, ,"=""16:19:12.494""",0,0,-2852.0,-912.0,20764.0,-661.0,-985.0,1161.0, 
"=""16:19:12.597""",0,0,-5812.0,4900.0,-11648.0,3.0,6.0,-8.0, ,"=""16:19:12.597""",0,0,-676.0,-16848.0,20024.0,63.0,-27.0,-34.0, ,"=""16:19:12.597""",0,0,-2852.0,-912.0,20764.0,-661.0,-985.0,1161.0, 
"=""16:19:12.699""",0,0,-5812.0,4900.0,-11648.0,3.0,6.0,-8.0, ,"=""16:19:12.699""",0,0,-676.0,-16848.0,20024.0,63.0,-27.0,-34.0, ,"=""16:19:12.699""",0,0,-2852.0,-912.0,20764.0,-661.0,-985.0,1161.0, 
"=""16:19:12.800""",0,0,-5812.0,4900.0,-11648.0,3.0,6.0,-8.0, ,"=""16:19:12.800""",0,0,-676.0,-16848.0,20024.0,63.0,-27.0,-34.0, ,"=""16:19:12.800""",0,0,-2852.0,-912.0,20764.0,-661.0,-985.0,1161.0, 
"=""16:19:12.902""",0,0,-5812.0,4900.0,-11648.0,3.0,6.0,-8.0, ,"=""16:19:12.902""",0,0,-676.0,-16848.0,20024.0,63.0,-27.0,-34.0, ,"=""16:19:12.902""",0,0,-2864.0,-1032.0,20776.0,-623.0,-1033.0,1197.0, 
"=""16:19:13.003""",0,0,-5816.0,4896.0,-11776.0,41.0,3.0,-36.0, ,"=""16:19:13.003""",0,0,-820.0,-16800.0,20100.0,33.0,-27.0,-39.0, ,"=""16:19:13.003""",0,0,-2864.0,-1032.0,20776.0,-623.0,-1033.0,1197.0, 
"=""16:19:13.105""",0,0,-5816.0,4896.0,-11776.0,41.0,3.0,-36.0, ,"=""16:19:13.105""",0,0,-820.0,-16800.0,20100.0,33.0,-27.0,-39.0, ,"=""16:19:13.105""",0,0,-2864.0,-1032.0,20776.0,-623.0,-1033.0,1197.0, 
"=""16:19:13.207""",0,0,-5816.0,4896.0,-11776.0,41.0,3.0,-36.0, ,"=""16:19:13.207""",0,0,-820.0,-16800.0,20100.0,33.0,-27.0,-39.0, ,"=""16:19:13.207""",0,0,-2864.0,-1032.0,20776.0,-623.0,-1033.0,1197.0, 
"=""16:19:13.310""",0,0,-5816.0,4896.0,-11776.0,41.0,3.0,-36.0, ,"=""16:19:13.310""",0,0,-820.0,-16800.0,20100.0,33.0,-27.0,-39.0, ,"=""16:19:13.310""",0,0,-2864.0,-1032.0,20776.0,-623.0,-1033.0,1197.0, 
"=""16:19:13.411""",0,0,-5816.0,4896.0,-11776.0,41.0,3.0,-36.0, ,"=""16:19:13.411""",0,0,-820.0,-16800.0,20100.0,33.0,-27.0,-39.0, ,"=""16:19:13.411""",0,0,-2864.0,-1032.0,20776.0,-623.0,-1033.0,1197.0, 
"=""16:19:13.513""",0,0,-5816.0,4896.0,-11776.0,41.0,3.0,-36.0, ,"=""16:19:13.513""",0,0,-820.0,-16800.0,20100.0,33.0,-27.0,-39.0, ,"=""16:19:13.513""",0,0,-2864.0,-1032.0,20776.0,-623.0,-1033.0,1197.0, 
"=""16:19:13.615""",0,0,-5816.0,4896.0,-11776.0,41.0,3.0,-36.0, ,"=""16:19:13.615""",0,0,-820.0,-16800.0,20100.0,33.0,-27.0,-39.0, ,"=""16:19:13.615""",0,0,-2864.0,-1032.0,20776.0,-623.0,-1033.0,1197.0, 
"=""16:19:13.717""",0,0,-5816.0,4896.0,-11776.0,41.0,3.0,-36.0, ,"=""16:19:13.717""",0,0,-820.0,-16800.0,20100.0,33.0,-27.0,-39.0, ,"=""16:19:13.717""",0,0,-2924.0,-972.0,20716.0,-622.0,-1000.0,1177.0, 
"=""16:19:13.819""",0,0,-5720.0,5024.0,-11640.0,49.0,1.0,-1.0, ,"=""16:19:13.819""",0,0,-780.0,-16808.0,20252.0,-43.0,21.0,19.0, ,"=""16:19:13.819""",0,0,-2924.0,-972.0,20716.0,-622.0,-1000.0,1177.0, 
"=""16:19:13.921""",0,0,-5720.0,5024.0,-11640.0,49.0,1.0,-1.0, ,"=""16:19:13.921""",0,0,-780.0,-16808.0,20252.0,-43.0,21.0,19.0, ,"=""16:19:13.921""",0,0,-2924.0,-972.0,20716.0,-622.0,-1000.0,1177.0, 
"=""16:19:14.023""",0,0,-5720.0,5024.0,-11640.0,49.0,1.0,-1.0, ,"=""16:19:14.023""",0,0,-780.0,-16808.0,20252.0,-43.0,21.0,19.0, ,"=""16:19:14.023""",0,0,-2924.0,-972.0,20716.0,-622.0,-1000.0,1177.0, 
"=""16:19:14.125""",0,0,-5720.0,5024.0,-11640.0,49.0,1.0,-1.0, ,"=""16:19:14.125""",0,0,-780.0,-16808.0,20252.0,-43.0,21.0,19.0, ,"=""16:19:14.125""",0,0,-2924.0,-972.0,20716.0,-622.0,-1000.0,1177.0, 
"=""16:19:14.227""",0,0,-5720.0,5024.0,-11640.0,49.0,1.0,-1.0, ,"=""16:19:14.227""",0,0,-780.0,-16808.0,20252.0,-43.0,21.0,19.0, ,"=""16:19:14.227""",0,0,-2924.0,-972.0,20716.0,-622.0,-1000.0,1177.0, 
"=""16:19:14.328""",0,0,-5720.0,5024.0,-11640.0,49.0,1.0,-1.0, ,"=""16:19:14.328""",0,0,-780.0,-16808.0,20252.0,-43.0,21.0,19.0, ,"=""16:19:14.328""",0,0,-2924.0,-972.0,20716.0,-622.0,-1000.0,1177.0, 
"=""16:19:14.430""",0,0,-5720.0,5024.0,-11640.0,49.0,1.0,-1.0, ,"=""16:19:14.430""",0,0,-780.0,-16808.0,20252.0,-43.0,21.0,19.0, ,"=""16:19:14.430""",0,0,-2924.0,-972.0,20716.0,-622.0,-1000.0,1177.0, 
"=""16:19:14.531""",0,0,-5720.0,5024.0,-11640.0,49.0,1.0,-1.0, ,"=""16:19:14.531""",0,0,-772.0,-16776.0,20120.0,-22.0,10.0,4.0, ,"=""16:19:14.531""",0,0,-2860.0,-956.0,20656.0,-655.0,-980.0,1166.0, 
"=""16:19:14.633""",0,0,-5812.0,5008.0,-11744.0,25.0,15.0,16.0, ,"=""16:19:14.633""",0,0,-772.0,-16776.0,20120.0,-22.0,10.0,4.0, ,"=""16:19:14.633""",0,0,-2860.0,-956.0,20656.0,-655.0,-980.0,1166.0, 
