SPVVVECTR1_timestamp,Target_RPM,Actual_RPM,Accel_X,Accel_Y,Accel_Z,Gyro_X,Gyro_Y,Gyro_Z, ,SPVVVECTR2_timestamp,Target_RPM,Actual_RPM,Accel_X,Accel_Y,Accel_Z,Gyro_X,Gyro_Y,Gyro_Z, ,SPVVVECTR3_timestamp,Target_RPM,Actual_RPM,Accel_X,Accel_Y,Accel_Z,Gyro_X,Gyro_Y,Gyro_Z, 
OFFLINE,N/A,N/A,N/A,N/A,N/A,N/A,N/A,N/A, ,"=""15:36:57.393""",600,608,-5456.0,-316.0,4324.0,-12909.0,-5507.0,-4738.0, ,"=""15:36:57.393""",600,599,-4620.0,-4772.0,-8916.0,-754.0,1530.0,1466.0, 
OFFLINE,N/A,N/A,N/A,N/A,N/A,N/A,N/A,N/A, ,"=""15:36:57.501""",600,608,-5456.0,-316.0,4324.0,-12909.0,-5507.0,-4738.0, ,"=""15:36:57.501""",600,599,-4620.0,-4772.0,-8916.0,-754.0,1530.0,1466.0, 
OFFLINE,N/A,N/A,N/A,N/A,N/A,N/A,N/A,N/A, ,"=""15:36:57.609""",600,608,-5456.0,-316.0,4324.0,-12909.0,-5507.0,-4738.0, ,"=""15:36:57.610""",600,599,-4620.0,-4772.0,-8916.0,-754.0,1530.0,1466.0, 
OFFLINE,N/A,N/A,N/A,N/A,N/A,N/A,N/A,N/A, ,"=""15:36:57.718""",600,608,-5456.0,-316.0,4324.0,-12909.0,-5507.0,-4738.0, ,"=""15:36:57.718""",600,599,-4620.0,-4772.0,-8916.0,-754.0,1530.0,1466.0, 
OFFLINE,N/A,N/A,N/A,N/A,N/A,N/A,N/A,N/A, ,"=""15:36:57.826""",600,608,-5456.0,-316.0,4324.0,-12909.0,-5507.0,-4738.0, ,"=""15:36:57.826""",600,599,-4620.0,-4772.0,-8916.0,-754.0,1530.0,1466.0, 
OFFLINE,N/A,N/A,N/A,N/A,N/A,N/A,N/A,N/A, ,"=""15:36:57.935""",600,605,-548.0,-9944.0,8628.0,-10820.0,4280.0,6108.0, ,"=""15:36:57.935""",600,599,-4620.0,-4772.0,-8916.0,-754.0,1530.0,1466.0, 
OFFLINE,N/A,N/A,N/A,N/A,N/A,N/A,N/A,N/A, ,"=""15:36:58.044""",600,605,-548.0,-9944.0,8628.0,-10820.0,4280.0,6108.0, ,"=""15:36:58.044""",600,599,-4620.0,-4772.0,-8916.0,-754.0,1530.0,1466.0, 
OFFLINE,N/A,N/A,N/A,N/A,N/A,N/A,N/A,N/A, ,"=""15:36:58.151""",600,605,-548.0,-9944.0,8628.0,-10820.0,4280.0,6108.0, ,"=""15:36:58.151""",600,599,-4620.0,-4772.0,-8916.0,-754.0,1530.0,1466.0, 
OFFLINE,N/A,N/A,N/A,N/A,N/A,N/A,N/A,N/A, ,"=""15:36:58.261""",600,605,-548.0,-9944.0,8628.0,-10820.0,4280.0,6108.0, ,"=""15:36:58.261""",600,601,-2604.0,-9424.0,-12328.0,6725.0,1418.0,560.0, 
OFFLINE,N/A,N/A,N/A,N/A,N/A,N/A,N/A,N/A, ,"=""15:36:58.370""",600,605,-548.0,-9944.0,8628.0,-10820.0,4280.0,6108.0, ,"=""15:36:58.370""",600,601,-2604.0,-9424.0,-12328.0,6725.0,1418.0,560.0, 
OFFLINE,N/A,N/A,N/A,N/A,N/A,N/A,N/A,N/A, ,"=""15:36:58.478""",600,605,-548.0,-9944.0,8628.0,-10820.0,4280.0,6108.0, ,"=""15:36:58.478""",600,601,-2604.0,-9424.0,-12328.0,6725.0,1418.0,560.0, 
OFFLINE,N/A,N/A,N/A,N/A,N/A,N/A,N/A,N/A, ,"=""15:36:58.587""",600,605,-548.0,-9944.0,8628.0,-10820.0,4280.0,6108.0, ,"=""15:36:58.587""",600,601,-2604.0,-9424.0,-12328.0,6725.0,1418.0,560.0, 
OFFLINE,N/A,N/A,N/A,N/A,N/A,N/A,N/A,N/A, ,"=""15:36:58.696""",600,605,-548.0,-9944.0,8628.0,-10820.0,4280.0,6108.0, ,"=""15:36:58.696""",600,601,-2604.0,-9424.0,-12328.0,6725.0,1418.0,560.0, 
OFFLINE,N/A,N/A,N/A,N/A,N/A,N/A,N/A,N/A, ,"=""15:36:58.805""",600,605,9000.0,-6492.0,10612.0,7592.0,3523.0,615.0, ,"=""15:36:58.805""",600,601,-2604.0,-9424.0,-12328.0,6725.0,1418.0,560.0, 
OFFLINE,N/A,N/A,N/A,N/A,N/A,N/A,N/A,N/A, ,"=""15:36:58.916""",600,605,9000.0,-6492.0,10612.0,7592.0,3523.0,615.0, ,"=""15:36:58.916""",600,601,-2604.0,-9424.0,-12328.0,6725.0,1418.0,560.0, 
OFFLINE,N/A,N/A,N/A,N/A,N/A,N/A,N/A,N/A, ,"=""15:36:59.025""",600,605,9000.0,-6492.0,10612.0,7592.0,3523.0,615.0, ,"=""15:36:59.025""",600,598,-7124.0,-10572.0,-13568.0,-8555.0,-3456.0,-2758.0, 
OFFLINE,N/A,N/A,N/A,N/A,N/A,N/A,N/A,N/A, ,"=""15:36:59.135""",600,605,9000.0,-6492.0,10612.0,7592.0,3523.0,615.0, ,"=""15:36:59.135""",600,598,-7124.0,-10572.0,-13568.0,-8555.0,-3456.0,-2758.0, 
OFFLINE,N/A,N/A,N/A,N/A,N/A,N/A,N/A,N/A, ,"=""15:36:59.243""",600,605,9000.0,-6492.0,10612.0,7592.0,3523.0,615.0, ,"=""15:36:59.243""",600,598,-7124.0,-10572.0,-13568.0,-8555.0,-3456.0,-2758.0, 
OFFLINE,N/A,N/A,N/A,N/A,N/A,N/A,N/A,N/A, ,"=""15:36:59.355""",600,605,9000.0,-6492.0,10612.0,7592.0,3523.0,615.0, ,"=""15:36:59.355""",600,598,-7124.0,-10572.0,-13568.0,-8555.0,-3456.0,-2758.0, 
OFFLINE,N/A,N/A,N/A,N/A,N/A,N/A,N/A,N/A, ,"=""15:36:59.462""",600,605,9000.0,-6492.0,10612.0,7592.0,3523.0,615.0, ,"=""15:36:59.463""",600,598,-7124.0,-10572.0,-13568.0,-8555.0,-3456.0,-2758.0, 
OFFLINE,N/A,N/A,N/A,N/A,N/A,N/A,N/A,N/A, ,"=""15:36:59.571""",600,603,10276.0,-5080.0,7492.0,-6555.0,-13278.0,-2433.0, ,"=""15:36:59.571""",600,598,-7124.0,-10572.0,-13568.0,-8555.0,-3456.0,-2758.0, 
OFFLINE,N/A,N/A,N/A,N/A,N/A,N/A,N/A,N/A, ,"=""15:36:59.679""",600,603,10276.0,-5080.0,7492.0,-6555.0,-13278.0,-2433.0, ,"=""15:36:59.679""",600,598,-7124.0,-10572.0,-13568.0,-8555.0,-3456.0,-2758.0, 
OFFLINE,N/A,N/A,N/A,N/A,N/A,N/A,N/A,N/A, ,"=""15:36:59.786""",600,603,10276.0,-5080.0,7492.0,-6555.0,-13278.0,-2433.0, ,"=""15:36:59.786""",600,599,4.0,-7636.0,-3372.0,15803.0,4686.0,205.0, 
OFFLINE,N/A,N/A,N/A,N/A,N/A,N/A,N/A,N/A, ,"=""15:36:59.902""",600,603,10276.0,-5080.0,7492.0,-6555.0,-13278.0,-2433.0, ,"=""15:36:59.902""",600,599,4.0,-7636.0,-3372.0,15803.0,4686.0,205.0, 
OFFLINE,N/A,N/A,N/A,N/A,N/A,N/A,N/A,N/A, ,"=""15:37:00.010""",600,603,10276.0,-5080.0,7492.0,-6555.0,-13278.0,-2433.0, ,"=""15:37:00.010""",600,599,4.0,-7636.0,-3372.0,15803.0,4686.0,205.0, 
OFFLINE,N/A,N/A,N/A,N/A,N/A,N/A,N/A,N/A, ,"=""15:37:00.133""",600,603,10276.0,-5080.0,7492.0,-6555.0,-13278.0,-2433.0, ,"=""15:37:00.133""",600,599,4.0,-7636.0,-3372.0,15803.0,4686.0,205.0, 
OFFLINE,N/A,N/A,N/A,N/A,N/A,N/A,N/A,N/A, ,"=""15:37:00.240""",600,603,10276.0,-5080.0,7492.0,-6555.0,-13278.0,-2433.0, ,"=""15:37:00.241""",600,599,4.0,-7636.0,-3372.0,15803.0,4686.0,205.0, 
OFFLINE,N/A,N/A,N/A,N/A,N/A,N/A,N/A,N/A, ,"=""15:37:00.349""",600,602,1796.0,2964.0,8076.0,-6223.0,2662.0,4809.0, ,"=""15:37:00.349""",600,599,4.0,-7636.0,-3372.0,15803.0,4686.0,205.0, 
OFFLINE,N/A,N/A,N/A,N/A,N/A,N/A,N/A,N/A, ,"=""15:37:00.457""",600,602,1796.0,2964.0,8076.0,-6223.0,2662.0,4809.0, ,"=""15:37:00.457""",600,599,4.0,-7636.0,-3372.0,15803.0,4686.0,205.0, 
OFFLINE,N/A,N/A,N/A,N/A,N/A,N/A,N/A,N/A, ,"=""15:37:00.565""",600,602,1796.0,2964.0,8076.0,-6223.0,2662.0,4809.0, ,"=""15:37:00.565""",600,599,4.0,-7636.0,-3372.0,15803.0,4686.0,205.0, 
OFFLINE,N/A,N/A,N/A,N/A,N/A,N/A,N/A,N/A, ,"=""15:37:00.675""",600,602,1796.0,2964.0,8076.0,-6223.0,2662.0,4809.0, ,"=""15:37:00.675""",600,599,-1444.0,-27672.0,2260.0,6118.0,-1195.0,3458.0, 
OFFLINE,N/A,N/A,N/A,N/A,N/A,N/A,N/A,N/A, ,"=""15:37:00.784""",600,602,1796.0,2964.0,8076.0,-6223.0,2662.0,4809.0, ,"=""15:37:00.784""",600,599,-1444.0,-27672.0,2260.0,6118.0,-1195.0,3458.0, 
OFFLINE,N/A,N/A,N/A,N/A,N/A,N/A,N/A,N/A, ,"=""15:37:00.895""",600,602,1796.0,2964.0,8076.0,-6223.0,2662.0,4809.0, ,"=""15:37:00.895""",600,599,-1444.0,-27672.0,2260.0,6118.0,-1195.0,3458.0, 
OFFLINE,N/A,N/A,N/A,N/A,N/A,N/A,N/A,N/A, ,"=""15:37:01.005""",600,602,1796.0,2964.0,8076.0,-6223.0,2662.0,4809.0, ,"=""15:37:01.005""",600,599,-1444.0,-27672.0,2260.0,6118.0,-1195.0,3458.0, 
OFFLINE,N/A,N/A,N/A,N/A,N/A,N/A,N/A,N/A, ,"=""15:37:01.113""",600,598,12616.0,-3520.0,16228.0,16525.0,5334.0,-3920.0, ,"=""15:37:01.113""",700,599,-1444.0,-27672.0,2260.0,6118.0,-1195.0,3458.0, 
OFFLINE,N/A,N/A,N/A,N/A,N/A,N/A,N/A,N/A, ,"=""15:37:01.223""",600,598,12616.0,-3520.0,16228.0,16525.0,5334.0,-3920.0, ,"=""15:37:01.223""",700,599,-1444.0,-27672.0,2260.0,6118.0,-1195.0,3458.0, 
OFFLINE,N/A,N/A,N/A,N/A,N/A,N/A,N/A,N/A, ,"=""15:37:01.331""",600,598,12616.0,-3520.0,16228.0,16525.0,5334.0,-3920.0, ,"=""15:37:01.331""",700,599,-1444.0,-27672.0,2260.0,6118.0,-1195.0,3458.0, 
OFFLINE,N/A,N/A,N/A,N/A,N/A,N/A,N/A,N/A, ,"=""15:37:01.439""",600,598,12616.0,-3520.0,16228.0,16525.0,5334.0,-3920.0, ,"=""15:37:01.439""",700,607,-3392.0,-3364.0,-14396.0,-23282.0,-3355.0,-2294.0, 
OFFLINE,N/A,N/A,N/A,N/A,N/A,N/A,N/A,N/A, ,"=""15:37:01.549""",600,598,12616.0,-3520.0,16228.0,16525.0,5334.0,-3920.0, ,"=""15:37:01.549""",700,607,-3392.0,-3364.0,-14396.0,-23282.0,-3355.0,-2294.0, 
OFFLINE,N/A,N/A,N/A,N/A,N/A,N/A,N/A,N/A, ,"=""15:37:01.658""",600,598,12616.0,-3520.0,16228.0,16525.0,5334.0,-3920.0, ,"=""15:37:01.658""",700,607,-3392.0,-3364.0,-14396.0,-23282.0,-3355.0,-2294.0, 
OFFLINE,N/A,N/A,N/A,N/A,N/A,N/A,N/A,N/A, ,"=""15:37:01.766""",600,598,12616.0,-3520.0,16228.0,16525.0,5334.0,-3920.0, ,"=""15:37:01.766""",700,607,-3392.0,-3364.0,-14396.0,-23282.0,-3355.0,-2294.0, 
OFFLINE,N/A,N/A,N/A,N/A,N/A,N/A,N/A,N/A, ,"=""15:37:01.874""",600,598,12616.0,-3520.0,16228.0,16525.0,5334.0,-3920.0, ,"=""15:37:01.874""",700,607,-3392.0,-3364.0,-14396.0,-23282.0,-3355.0,-2294.0, 
OFFLINE,N/A,N/A,N/A,N/A,N/A,N/A,N/A,N/A, ,"=""15:37:01.982""",700,654,2848.0,-9184.0,484.0,-1249.0,7706.0,3063.0, ,"=""15:37:01.982""",700,607,-3392.0,-3364.0,-14396.0,-23282.0,-3355.0,-2294.0, 
OFFLINE,N/A,N/A,N/A,N/A,N/A,N/A,N/A,N/A, ,"=""15:37:02.093""",700,654,2848.0,-9184.0,484.0,-1249.0,7706.0,3063.0, ,"=""15:37:02.093""",700,607,-3392.0,-3364.0,-14396.0,-23282.0,-3355.0,-2294.0, 
OFFLINE,N/A,N/A,N/A,N/A,N/A,N/A,N/A,N/A, ,"=""15:37:02.203""",700,654,2848.0,-9184.0,484.0,-1249.0,7706.0,3063.0, ,"=""15:37:02.203""",700,669,-1240.0,-12596.0,3188.0,19638.0,3805.0,2732.0, 
OFFLINE,N/A,N/A,N/A,N/A,N/A,N/A,N/A,N/A, ,"=""15:37:02.311""",700,654,2848.0,-9184.0,484.0,-1249.0,7706.0,3063.0, ,"=""15:37:02.311""",700,669,-1240.0,-12596.0,3188.0,19638.0,3805.0,2732.0, 
OFFLINE,N/A,N/A,N/A,N/A,N/A,N/A,N/A,N/A, ,"=""15:37:02.418""",700,654,2848.0,-9184.0,484.0,-1249.0,7706.0,3063.0, ,"=""15:37:02.418""",700,669,-1240.0,-12596.0,3188.0,19638.0,3805.0,2732.0, 
OFFLINE,N/A,N/A,N/A,N/A,N/A,N/A,N/A,N/A, ,"=""15:37:02.528""",700,654,2848.0,-9184.0,484.0,-1249.0,7706.0,3063.0, ,"=""15:37:02.528""",700,669,-1240.0,-12596.0,3188.0,19638.0,3805.0,2732.0, 
OFFLINE,N/A,N/A,N/A,N/A,N/A,N/A,N/A,N/A, ,"=""15:37:02.636""",700,654,2848.0,-9184.0,484.0,-1249.0,7706.0,3063.0, ,"=""15:37:02.636""",700,669,-1240.0,-12596.0,3188.0,19638.0,3805.0,2732.0, 
OFFLINE,N/A,N/A,N/A,N/A,N/A,N/A,N/A,N/A, ,"=""15:37:02.745""",700,676,17060.0,-24716.0,32767.0,32767.0,-2316.0,-4046.0, ,"=""15:37:02.745""",700,669,-1240.0,-12596.0,3188.0,19638.0,3805.0,2732.0, 
OFFLINE,N/A,N/A,N/A,N/A,N/A,N/A,N/A,N/A, ,"=""15:37:02.853""",700,676,17060.0,-24716.0,32767.0,32767.0,-2316.0,-4046.0, ,"=""15:37:02.853""",700,669,-1240.0,-12596.0,3188.0,19638.0,3805.0,2732.0, 
OFFLINE,N/A,N/A,N/A,N/A,N/A,N/A,N/A,N/A, ,"=""15:37:02.962""",700,676,17060.0,-24716.0,32767.0,32767.0,-2316.0,-4046.0, ,"=""15:37:02.962""",700,669,-1240.0,-12596.0,3188.0,19638.0,3805.0,2732.0, 
OFFLINE,N/A,N/A,N/A,N/A,N/A,N/A,N/A,N/A, ,"=""15:37:03.070""",700,676,17060.0,-24716.0,32767.0,32767.0,-2316.0,-4046.0, ,"=""15:37:03.070""",700,689,2836.0,-14652.0,-10020.0,29488.0,7882.0,-7634.0, 
OFFLINE,N/A,N/A,N/A,N/A,N/A,N/A,N/A,N/A, ,"=""15:37:03.179""",700,676,17060.0,-24716.0,32767.0,32767.0,-2316.0,-4046.0, ,"=""15:37:03.179""",700,689,2836.0,-14652.0,-10020.0,29488.0,7882.0,-7634.0, 
OFFLINE,N/A,N/A,N/A,N/A,N/A,N/A,N/A,N/A, ,"=""15:37:03.287""",700,676,17060.0,-24716.0,32767.0,32767.0,-2316.0,-4046.0, ,"=""15:37:03.287""",700,689,2836.0,-14652.0,-10020.0,29488.0,7882.0,-7634.0, 
OFFLINE,N/A,N/A,N/A,N/A,N/A,N/A,N/A,N/A, ,"=""15:37:03.396""",700,676,17060.0,-24716.0,32767.0,32767.0,-2316.0,-4046.0, ,"=""15:37:03.396""",700,689,2836.0,-14652.0,-10020.0,29488.0,7882.0,-7634.0, 
OFFLINE,N/A,N/A,N/A,N/A,N/A,N/A,N/A,N/A, ,"=""15:37:03.502""",700,676,17060.0,-24716.0,32767.0,32767.0,-2316.0,-4046.0, ,"=""15:37:03.502""",700,689,2836.0,-14652.0,-10020.0,29488.0,7882.0,-7634.0, 
OFFLINE,N/A,N/A,N/A,N/A,N/A,N/A,N/A,N/A, ,"=""15:37:03.614""",700,674,20536.0,-6868.0,15280.0,-32768.0,10590.0,3918.0, ,"=""15:37:03.614""",700,689,2836.0,-14652.0,-10020.0,29488.0,7882.0,-7634.0, 
OFFLINE,N/A,N/A,N/A,N/A,N/A,N/A,N/A,N/A, ,"=""15:37:03.722""",700,674,20536.0,-6868.0,15280.0,-32768.0,10590.0,3918.0, ,"=""15:37:03.722""",700,689,2836.0,-14652.0,-10020.0,29488.0,7882.0,-7634.0, 
OFFLINE,N/A,N/A,N/A,N/A,N/A,N/A,N/A,N/A, ,"=""15:37:03.831""",700,674,20536.0,-6868.0,15280.0,-32768.0,10590.0,3918.0, ,"=""15:37:03.831""",700,690,192.0,12064.0,5892.0,2158.0,4576.0,2825.0, 
OFFLINE,N/A,N/A,N/A,N/A,N/A,N/A,N/A,N/A, ,"=""15:37:03.940""",700,674,20536.0,-6868.0,15280.0,-32768.0,10590.0,3918.0, ,"=""15:37:03.940""",700,690,192.0,12064.0,5892.0,2158.0,4576.0,2825.0, 
OFFLINE,N/A,N/A,N/A,N/A,N/A,N/A,N/A,N/A, ,"=""15:37:04.050""",700,674,20536.0,-6868.0,15280.0,-32768.0,10590.0,3918.0, ,"=""15:37:04.050""",700,690,192.0,12064.0,5892.0,2158.0,4576.0,2825.0, 
OFFLINE,N/A,N/A,N/A,N/A,N/A,N/A,N/A,N/A, ,"=""15:37:04.161""",700,674,20536.0,-6868.0,15280.0,-32768.0,10590.0,3918.0, ,"=""15:37:04.161""",700,690,192.0,12064.0,5892.0,2158.0,4576.0,2825.0, 
OFFLINE,N/A,N/A,N/A,N/A,N/A,N/A,N/A,N/A, ,"=""15:37:04.272""",700,674,20536.0,-6868.0,15280.0,-32768.0,10590.0,3918.0, ,"=""15:37:04.272""",700,690,192.0,12064.0,5892.0,2158.0,4576.0,2825.0, 
OFFLINE,N/A,N/A,N/A,N/A,N/A,N/A,N/A,N/A, ,"=""15:37:04.381""",700,680,-4828.0,-2016.0,-31920.0,-32768.0,6210.0,2186.0, ,"=""15:37:04.381""",700,690,192.0,12064.0,5892.0,2158.0,4576.0,2825.0, 
OFFLINE,N/A,N/A,N/A,N/A,N/A,N/A,N/A,N/A, ,"=""15:37:04.491""",700,680,-4828.0,-2016.0,-31920.0,-32768.0,6210.0,2186.0, ,"=""15:37:04.491""",700,690,192.0,12064.0,5892.0,2158.0,4576.0,2825.0, 
OFFLINE,N/A,N/A,N/A,N/A,N/A,N/A,N/A,N/A, ,"=""15:37:04.600""",700,680,-4828.0,-2016.0,-31920.0,-32768.0,6210.0,2186.0, ,"=""15:37:04.600""",700,696,4388.0,-1532.0,17768.0,-5959.0,-1178.0,10957.0, 
OFFLINE,N/A,N/A,N/A,N/A,N/A,N/A,N/A,N/A, ,"=""15:37:04.708""",700,680,-4828.0,-2016.0,-31920.0,-32768.0,6210.0,2186.0, ,"=""15:37:04.708""",700,696,4388.0,-1532.0,17768.0,-5959.0,-1178.0,10957.0, 
OFFLINE,N/A,N/A,N/A,N/A,N/A,N/A,N/A,N/A, ,"=""15:37:04.817""",700,680,-4828.0,-2016.0,-31920.0,-32768.0,6210.0,2186.0, ,"=""15:37:04.817""",700,696,4388.0,-1532.0,17768.0,-5959.0,-1178.0,10957.0, 
OFFLINE,N/A,N/A,N/A,N/A,N/A,N/A,N/A,N/A, ,"=""15:37:04.927""",700,680,-4828.0,-2016.0,-31920.0,-32768.0,6210.0,2186.0, ,"=""15:37:04.927""",700,696,4388.0,-1532.0,17768.0,-5959.0,-1178.0,10957.0, 
OFFLINE,N/A,N/A,N/A,N/A,N/A,N/A,N/A,N/A, ,"=""15:37:05.035""",700,680,-4828.0,-2016.0,-31920.0,-32768.0,6210.0,2186.0, ,"=""15:37:05.035""",700,696,4388.0,-1532.0,17768.0,-5959.0,-1178.0,10957.0, 
OFFLINE,N/A,N/A,N/A,N/A,N/A,N/A,N/A,N/A, ,"=""15:37:05.145""",700,692,8628.0,-184.0,-764.0,-23092.0,12183.0,-2560.0, ,"=""15:37:05.145""",700,696,4388.0,-1532.0,17768.0,-5959.0,-1178.0,10957.0, 
OFFLINE,N/A,N/A,N/A,N/A,N/A,N/A,N/A,N/A, ,"=""15:37:05.253""",700,692,8628.0,-184.0,-764.0,-23092.0,12183.0,-2560.0, ,"=""15:37:05.253""",700,696,4388.0,-1532.0,17768.0,-5959.0,-1178.0,10957.0, 
OFFLINE,N/A,N/A,N/A,N/A,N/A,N/A,N/A,N/A, ,"=""15:37:05.362""",700,692,8628.0,-184.0,-764.0,-23092.0,12183.0,-2560.0, ,"=""15:37:05.362""",700,696,4388.0,-1532.0,17768.0,-5959.0,-1178.0,10957.0, 
OFFLINE,N/A,N/A,N/A,N/A,N/A,N/A,N/A,N/A, ,"=""15:37:05.471""",700,692,8628.0,-184.0,-764.0,-23092.0,12183.0,-2560.0, ,"=""15:37:05.471""",700,708,-11040.0,-264.0,-892.0,648.0,4196.0,7884.0, 
OFFLINE,N/A,N/A,N/A,N/A,N/A,N/A,N/A,N/A, ,"=""15:37:05.579""",700,692,8628.0,-184.0,-764.0,-23092.0,12183.0,-2560.0, ,"=""15:37:05.579""",700,708,-11040.0,-264.0,-892.0,648.0,4196.0,7884.0, 
OFFLINE,N/A,N/A,N/A,N/A,N/A,N/A,N/A,N/A, ,"=""15:37:05.686""",700,692,8628.0,-184.0,-764.0,-23092.0,12183.0,-2560.0, ,"=""15:37:05.686""",700,708,-11040.0,-264.0,-892.0,648.0,4196.0,7884.0, 
OFFLINE,N/A,N/A,N/A,N/A,N/A,N/A,N/A,N/A, ,"=""15:37:05.795""",700,692,8628.0,-184.0,-764.0,-23092.0,12183.0,-2560.0, ,"=""15:37:05.795""",700,708,-11040.0,-264.0,-892.0,648.0,4196.0,7884.0, 
OFFLINE,N/A,N/A,N/A,N/A,N/A,N/A,N/A,N/A, ,"=""15:37:05.904""",700,692,8628.0,-184.0,-764.0,-23092.0,12183.0,-2560.0, ,"=""15:37:05.904""",700,708,-11040.0,-264.0,-892.0,648.0,4196.0,7884.0, 
OFFLINE,N/A,N/A,N/A,N/A,N/A,N/A,N/A,N/A, ,"=""15:37:06.014""",700,702,16432.0,-26936.0,-10960.0,16086.0,-403.0,2464.0, ,"=""15:37:06.014""",700,708,-11040.0,-264.0,-892.0,648.0,4196.0,7884.0, 
OFFLINE,N/A,N/A,N/A,N/A,N/A,N/A,N/A,N/A, ,"=""15:37:06.125""",780,702,16432.0,-26936.0,-10960.0,16086.0,-403.0,2464.0, ,"=""15:37:06.125""",780,708,-11040.0,-264.0,-892.0,648.0,4196.0,7884.0, 
OFFLINE,N/A,N/A,N/A,N/A,N/A,N/A,N/A,N/A, ,"=""15:37:06.235""",780,702,16432.0,-26936.0,-10960.0,16086.0,-403.0,2464.0, ,"=""15:37:06.235""",780,698,-11980.0,1112.0,-19392.0,3037.0,1212.0,9252.0, 
OFFLINE,N/A,N/A,N/A,N/A,N/A,N/A,N/A,N/A, ,"=""15:37:06.343""",780,702,16432.0,-26936.0,-10960.0,16086.0,-403.0,2464.0, ,"=""15:37:06.343""",780,698,-11980.0,1112.0,-19392.0,3037.0,1212.0,9252.0, 
OFFLINE,N/A,N/A,N/A,N/A,N/A,N/A,N/A,N/A, ,"=""15:37:06.453""",780,702,16432.0,-26936.0,-10960.0,16086.0,-403.0,2464.0, ,"=""15:37:06.453""",780,698,-11980.0,1112.0,-19392.0,3037.0,1212.0,9252.0, 
OFFLINE,N/A,N/A,N/A,N/A,N/A,N/A,N/A,N/A, ,"=""15:37:06.562""",780,702,16432.0,-26936.0,-10960.0,16086.0,-403.0,2464.0, ,"=""15:37:06.562""",780,698,-11980.0,1112.0,-19392.0,3037.0,1212.0,9252.0, 
OFFLINE,N/A,N/A,N/A,N/A,N/A,N/A,N/A,N/A, ,"=""15:37:06.671""",780,702,16432.0,-26936.0,-10960.0,16086.0,-403.0,2464.0, ,"=""15:37:06.671""",780,698,-11980.0,1112.0,-19392.0,3037.0,1212.0,9252.0, 
OFFLINE,N/A,N/A,N/A,N/A,N/A,N/A,N/A,N/A, ,"=""15:37:06.780""",780,713,6496.0,-3028.0,-28088.0,-32768.0,-3492.0,-14129.0, ,"=""15:37:06.780""",780,698,-11980.0,1112.0,-19392.0,3037.0,1212.0,9252.0, 
OFFLINE,N/A,N/A,N/A,N/A,N/A,N/A,N/A,N/A, ,"=""15:37:06.890""",780,713,6496.0,-3028.0,-28088.0,-32768.0,-3492.0,-14129.0, ,"=""15:37:06.890""",780,698,-11980.0,1112.0,-19392.0,3037.0,1212.0,9252.0, 
OFFLINE,N/A,N/A,N/A,N/A,N/A,N/A,N/A,N/A, ,"=""15:37:07.013""",780,713,6496.0,-3028.0,-28088.0,-32768.0,-3492.0,-14129.0, ,"=""15:37:07.013""",780,730,-2068.0,13840.0,-7988.0,661.0,-10830.0,14436.0, 
OFFLINE,N/A,N/A,N/A,N/A,N/A,N/A,N/A,N/A, ,"=""15:37:07.121""",780,713,6496.0,-3028.0,-28088.0,-32768.0,-3492.0,-14129.0, ,"=""15:37:07.121""",780,730,-2068.0,13840.0,-7988.0,661.0,-10830.0,14436.0, 
OFFLINE,N/A,N/A,N/A,N/A,N/A,N/A,N/A,N/A, ,"=""15:37:07.231""",780,713,6496.0,-3028.0,-28088.0,-32768.0,-3492.0,-14129.0, ,"=""15:37:07.231""",780,730,-2068.0,13840.0,-7988.0,661.0,-10830.0,14436.0, 
OFFLINE,N/A,N/A,N/A,N/A,N/A,N/A,N/A,N/A, ,"=""15:37:07.339""",780,713,6496.0,-3028.0,-28088.0,-32768.0,-3492.0,-14129.0, ,"=""15:37:07.339""",780,730,-2068.0,13840.0,-7988.0,661.0,-10830.0,14436.0, 
OFFLINE,N/A,N/A,N/A,N/A,N/A,N/A,N/A,N/A, ,"=""15:37:07.462""",780,713,6496.0,-3028.0,-28088.0,-32768.0,-3492.0,-14129.0, ,"=""15:37:07.462""",780,730,-2068.0,13840.0,-7988.0,661.0,-10830.0,14436.0, 
OFFLINE,N/A,N/A,N/A,N/A,N/A,N/A,N/A,N/A, ,"=""15:37:07.571""",780,723,9072.0,32767.0,32767.0,-32768.0,28706.0,13994.0, ,"=""15:37:07.571""",780,730,-2068.0,13840.0,-7988.0,661.0,-10830.0,14436.0, 
OFFLINE,N/A,N/A,N/A,N/A,N/A,N/A,N/A,N/A, ,"=""15:37:07.687""",780,723,9072.0,32767.0,32767.0,-32768.0,28706.0,13994.0, ,"=""15:37:07.687""",780,730,-2068.0,13840.0,-7988.0,661.0,-10830.0,14436.0, 
OFFLINE,N/A,N/A,N/A,N/A,N/A,N/A,N/A,N/A, ,"=""15:37:07.802""",780,723,9072.0,32767.0,32767.0,-32768.0,28706.0,13994.0, ,"=""15:37:07.802""",780,768,-14180.0,-16.0,-32768.0,-32768.0,-8856.0,-14088.0, 
OFFLINE,N/A,N/A,N/A,N/A,N/A,N/A,N/A,N/A, ,"=""15:37:07.911""",780,723,9072.0,32767.0,32767.0,-32768.0,28706.0,13994.0, ,"=""15:37:07.911""",780,768,-14180.0,-16.0,-32768.0,-32768.0,-8856.0,-14088.0, 
OFFLINE,N/A,N/A,N/A,N/A,N/A,N/A,N/A,N/A, ,"=""15:37:08.020""",780,723,9072.0,32767.0,32767.0,-32768.0,28706.0,13994.0, ,"=""15:37:08.020""",780,768,-14180.0,-16.0,-32768.0,-32768.0,-8856.0,-14088.0, 
OFFLINE,N/A,N/A,N/A,N/A,N/A,N/A,N/A,N/A, ,"=""15:37:08.130""",780,723,9072.0,32767.0,32767.0,-32768.0,28706.0,13994.0, ,"=""15:37:08.130""",780,768,-14180.0,-16.0,-32768.0,-32768.0,-8856.0,-14088.0, 
OFFLINE,N/A,N/A,N/A,N/A,N/A,N/A,N/A,N/A, ,"=""15:37:08.253""",780,723,9072.0,32767.0,32767.0,-32768.0,28706.0,13994.0, ,"=""15:37:08.253""",780,768,-14180.0,-16.0,-32768.0,-32768.0,-8856.0,-14088.0, 
OFFLINE,N/A,N/A,N/A,N/A,N/A,N/A,N/A,N/A, ,"=""15:37:08.375""",780,780,32767.0,-30972.0,-30660.0,24487.0,11546.0,-20089.0, ,"=""15:37:08.375""",780,768,-14180.0,-16.0,-32768.0,-32768.0,-8856.0,-14088.0, 
OFFLINE,N/A,N/A,N/A,N/A,N/A,N/A,N/A,N/A, ,"=""15:37:08.484""",780,780,32767.0,-30972.0,-30660.0,24487.0,11546.0,-20089.0, ,"=""15:37:08.484""",780,768,-14180.0,-16.0,-32768.0,-32768.0,-8856.0,-14088.0, 
OFFLINE,N/A,N/A,N/A,N/A,N/A,N/A,N/A,N/A, ,"=""15:37:08.594""",780,780,32767.0,-30972.0,-30660.0,24487.0,11546.0,-20089.0, ,"=""15:37:08.594""",780,768,-14180.0,-16.0,-32768.0,-32768.0,-8856.0,-14088.0, 
OFFLINE,N/A,N/A,N/A,N/A,N/A,N/A,N/A,N/A, ,"=""15:37:08.703""",780,780,32767.0,-30972.0,-30660.0,24487.0,11546.0,-20089.0, ,"=""15:37:08.703""",780,771,-11192.0,-27680.0,-32768.0,-6381.0,-10088.0,6797.0, 
OFFLINE,N/A,N/A,N/A,N/A,N/A,N/A,N/A,N/A, ,"=""15:37:08.812""",780,780,32767.0,-30972.0,-30660.0,24487.0,11546.0,-20089.0, ,"=""15:37:08.812""",780,771,-11192.0,-27680.0,-32768.0,-6381.0,-10088.0,6797.0, 
OFFLINE,N/A,N/A,N/A,N/A,N/A,N/A,N/A,N/A, ,"=""15:37:08.921""",780,780,32767.0,-30972.0,-30660.0,24487.0,11546.0,-20089.0, ,"=""15:37:08.921""",780,771,-11192.0,-27680.0,-32768.0,-6381.0,-10088.0,6797.0, 
OFFLINE,N/A,N/A,N/A,N/A,N/A,N/A,N/A,N/A, ,"=""15:37:09.031""",780,780,32767.0,-30972.0,-30660.0,24487.0,11546.0,-20089.0, ,"=""15:37:09.031""",780,771,-11192.0,-27680.0,-32768.0,-6381.0,-10088.0,6797.0, 
OFFLINE,N/A,N/A,N/A,N/A,N/A,N/A,N/A,N/A, ,"=""15:37:09.139""",780,728,-2132.0,-28808.0,32767.0,-32768.0,3489.0,-1056.0, ,"=""15:37:09.139""",780,771,-11192.0,-27680.0,-32768.0,-6381.0,-10088.0,6797.0, 
OFFLINE,N/A,N/A,N/A,N/A,N/A,N/A,N/A,N/A, ,"=""15:37:09.247""",780,728,-2132.0,-28808.0,32767.0,-32768.0,3489.0,-1056.0, ,"=""15:37:09.247""",780,771,-11192.0,-27680.0,-32768.0,-6381.0,-10088.0,6797.0, 
OFFLINE,N/A,N/A,N/A,N/A,N/A,N/A,N/A,N/A, ,"=""15:37:09.358""",780,728,-2132.0,-28808.0,32767.0,-32768.0,3489.0,-1056.0, ,"=""15:37:09.358""",780,771,-11192.0,-27680.0,-32768.0,-6381.0,-10088.0,6797.0, 
OFFLINE,N/A,N/A,N/A,N/A,N/A,N/A,N/A,N/A, ,"=""15:37:09.468""",780,728,-2132.0,-28808.0,32767.0,-32768.0,3489.0,-1056.0, ,"=""15:37:09.468""",780,777,26184.0,-13032.0,12688.0,21822.0,-4187.0,-9042.0, 
OFFLINE,N/A,N/A,N/A,N/A,N/A,N/A,N/A,N/A, ,"=""15:37:09.576""",780,728,-2132.0,-28808.0,32767.0,-32768.0,3489.0,-1056.0, ,"=""15:37:09.576""",780,777,26184.0,-13032.0,12688.0,21822.0,-4187.0,-9042.0, 
OFFLINE,N/A,N/A,N/A,N/A,N/A,N/A,N/A,N/A, ,"=""15:37:09.701""",780,728,-2132.0,-28808.0,32767.0,-32768.0,3489.0,-1056.0, ,"=""15:37:09.701""",780,777,26184.0,-13032.0,12688.0,21822.0,-4187.0,-9042.0, 
OFFLINE,N/A,N/A,N/A,N/A,N/A,N/A,N/A,N/A, ,"=""15:37:09.810""",780,728,-2132.0,-28808.0,32767.0,-32768.0,3489.0,-1056.0, ,"=""15:37:09.810""",780,777,26184.0,-13032.0,12688.0,21822.0,-4187.0,-9042.0, 
OFFLINE,N/A,N/A,N/A,N/A,N/A,N/A,N/A,N/A, ,"=""15:37:09.920""",780,728,-2132.0,-28808.0,32767.0,-32768.0,3489.0,-1056.0, ,"=""15:37:09.920""",780,777,26184.0,-13032.0,12688.0,21822.0,-4187.0,-9042.0, 
OFFLINE,N/A,N/A,N/A,N/A,N/A,N/A,N/A,N/A, ,"=""15:37:10.044""",780,746,9508.0,-24932.0,-32768.0,-32768.0,-8391.0,-11177.0, ,"=""15:37:10.044""",780,777,26184.0,-13032.0,12688.0,21822.0,-4187.0,-9042.0, 
OFFLINE,N/A,N/A,N/A,N/A,N/A,N/A,N/A,N/A, ,"=""15:37:10.166""",780,746,9508.0,-24932.0,-32768.0,-32768.0,-8391.0,-11177.0, ,"=""15:37:10.166""",780,777,26184.0,-13032.0,12688.0,21822.0,-4187.0,-9042.0, 
OFFLINE,N/A,N/A,N/A,N/A,N/A,N/A,N/A,N/A, ,"=""15:37:10.274""",780,746,9508.0,-24932.0,-32768.0,-32768.0,-8391.0,-11177.0, ,"=""15:37:10.274""",780,794,-1868.0,-3548.0,-25132.0,11847.0,9639.0,-5032.0, 
OFFLINE,N/A,N/A,N/A,N/A,N/A,N/A,N/A,N/A, ,"=""15:37:10.382""",780,746,9508.0,-24932.0,-32768.0,-32768.0,-8391.0,-11177.0, ,"=""15:37:10.382""",780,794,-1868.0,-3548.0,-25132.0,11847.0,9639.0,-5032.0, 
OFFLINE,N/A,N/A,N/A,N/A,N/A,N/A,N/A,N/A, ,"=""15:37:10.492""",780,746,9508.0,-24932.0,-32768.0,-32768.0,-8391.0,-11177.0, ,"=""15:37:10.492""",780,794,-1868.0,-3548.0,-25132.0,11847.0,9639.0,-5032.0, 
OFFLINE,N/A,N/A,N/A,N/A,N/A,N/A,N/A,N/A, ,"=""15:37:10.601""",780,746,9508.0,-24932.0,-32768.0,-32768.0,-8391.0,-11177.0, ,"=""15:37:10.601""",780,794,-1868.0,-3548.0,-25132.0,11847.0,9639.0,-5032.0, 
OFFLINE,N/A,N/A,N/A,N/A,N/A,N/A,N/A,N/A, ,"=""15:37:10.710""",780,746,9508.0,-24932.0,-32768.0,-32768.0,-8391.0,-11177.0, ,"=""15:37:10.710""",780,794,-1868.0,-3548.0,-25132.0,11847.0,9639.0,-5032.0, 
OFFLINE,N/A,N/A,N/A,N/A,N/A,N/A,N/A,N/A, ,"=""15:37:10.819""",780,850,11648.0,-3140.0,-1636.0,32767.0,-781.0,21520.0, ,"=""15:37:10.819""",780,794,-1868.0,-3548.0,-25132.0,11847.0,9639.0,-5032.0, 
OFFLINE,N/A,N/A,N/A,N/A,N/A,N/A,N/A,N/A, ,"=""15:37:10.928""",780,850,11648.0,-3140.0,-1636.0,32767.0,-781.0,21520.0, ,"=""15:37:10.928""",780,794,-1868.0,-3548.0,-25132.0,11847.0,9639.0,-5032.0, 
OFFLINE,N/A,N/A,N/A,N/A,N/A,N/A,N/A,N/A, ,"=""15:37:11.037""",780,850,11648.0,-3140.0,-1636.0,32767.0,-781.0,21520.0, ,"=""15:37:11.037""",780,776,-8952.0,5112.0,-32768.0,-28776.0,19811.0,6544.0, 
OFFLINE,N/A,N/A,N/A,N/A,N/A,N/A,N/A,N/A, ,"=""15:37:11.146""",780,850,11648.0,-3140.0,-1636.0,32767.0,-781.0,21520.0, ,"=""15:37:11.146""",780,776,-8952.0,5112.0,-32768.0,-28776.0,19811.0,6544.0, 
OFFLINE,N/A,N/A,N/A,N/A,N/A,N/A,N/A,N/A, ,"=""15:37:11.257""",780,850,11648.0,-3140.0,-1636.0,32767.0,-781.0,21520.0, ,"=""15:37:11.257""",780,776,-8952.0,5112.0,-32768.0,-28776.0,19811.0,6544.0, 
OFFLINE,N/A,N/A,N/A,N/A,N/A,N/A,N/A,N/A, ,"=""15:37:11.366""",780,850,11648.0,-3140.0,-1636.0,32767.0,-781.0,21520.0, ,"=""15:37:11.366""",780,776,-8952.0,5112.0,-32768.0,-28776.0,19811.0,6544.0, 
OFFLINE,N/A,N/A,N/A,N/A,N/A,N/A,N/A,N/A, ,"=""15:37:11.477""",780,850,11648.0,-3140.0,-1636.0,32767.0,-781.0,21520.0, ,"=""15:37:11.477""",780,776,-8952.0,5112.0,-32768.0,-28776.0,19811.0,6544.0, 
OFFLINE,N/A,N/A,N/A,N/A,N/A,N/A,N/A,N/A, ,"=""15:37:11.588""",780,860,-4608.0,19876.0,32767.0,11239.0,-4222.0,9055.0, ,"=""15:37:11.588""",780,776,-8952.0,5112.0,-32768.0,-28776.0,19811.0,6544.0, 
OFFLINE,N/A,N/A,N/A,N/A,N/A,N/A,N/A,N/A, ,"=""15:37:11.697""",780,860,-4608.0,19876.0,32767.0,11239.0,-4222.0,9055.0, ,"=""15:37:11.697""",780,776,-8952.0,5112.0,-32768.0,-28776.0,19811.0,6544.0, 
OFFLINE,N/A,N/A,N/A,N/A,N/A,N/A,N/A,N/A, ,"=""15:37:11.807""",780,860,-4608.0,19876.0,32767.0,11239.0,-4222.0,9055.0, ,"=""15:37:11.807""",780,807,-13304.0,-31268.0,-32768.0,24335.0,-9378.0,-9060.0, 
OFFLINE,N/A,N/A,N/A,N/A,N/A,N/A,N/A,N/A, ,"=""15:37:11.915""",780,860,-4608.0,19876.0,32767.0,11239.0,-4222.0,9055.0, ,"=""15:37:11.915""",780,807,-13304.0,-31268.0,-32768.0,24335.0,-9378.0,-9060.0, 
OFFLINE,N/A,N/A,N/A,N/A,N/A,N/A,N/A,N/A, ,"=""15:37:12.024""",780,860,-4608.0,19876.0,32767.0,11239.0,-4222.0,9055.0, ,"=""15:37:12.024""",780,807,-13304.0,-31268.0,-32768.0,24335.0,-9378.0,-9060.0, 
OFFLINE,N/A,N/A,N/A,N/A,N/A,N/A,N/A,N/A, ,"=""15:37:12.132""",780,860,-4608.0,19876.0,32767.0,11239.0,-4222.0,9055.0, ,"=""15:37:12.132""",780,807,-13304.0,-31268.0,-32768.0,24335.0,-9378.0,-9060.0, 
OFFLINE,N/A,N/A,N/A,N/A,N/A,N/A,N/A,N/A, ,"=""15:37:12.241""",780,860,-4608.0,19876.0,32767.0,11239.0,-4222.0,9055.0, ,"=""15:37:12.241""",780,807,-13304.0,-31268.0,-32768.0,24335.0,-9378.0,-9060.0, 
OFFLINE,N/A,N/A,N/A,N/A,N/A,N/A,N/A,N/A, ,"=""15:37:12.350""",780,840,16436.0,-18332.0,-32768.0,-32768.0,188.0,-23485.0, ,"=""15:37:12.350""",780,807,-13304.0,-31268.0,-32768.0,24335.0,-9378.0,-9060.0, 
OFFLINE,N/A,N/A,N/A,N/A,N/A,N/A,N/A,N/A, ,"=""15:37:12.473""",780,840,16436.0,-18332.0,-32768.0,-32768.0,188.0,-23485.0, ,"=""15:37:12.473""",780,807,-13304.0,-31268.0,-32768.0,24335.0,-9378.0,-9060.0, 
OFFLINE,N/A,N/A,N/A,N/A,N/A,N/A,N/A,N/A, ,"=""15:37:12.582""",780,840,16436.0,-18332.0,-32768.0,-32768.0,188.0,-23485.0, ,"=""15:37:12.582""",780,807,-13304.0,-31268.0,-32768.0,24335.0,-9378.0,-9060.0, 
OFFLINE,N/A,N/A,N/A,N/A,N/A,N/A,N/A,N/A, ,"=""15:37:12.693""",780,840,16436.0,-18332.0,-32768.0,-32768.0,188.0,-23485.0, ,"=""15:37:12.693""",780,791,-4084.0,-10464.0,-20608.0,32767.0,7638.0,7558.0, 
OFFLINE,N/A,N/A,N/A,N/A,N/A,N/A,N/A,N/A, ,"=""15:37:12.801""",780,840,16436.0,-18332.0,-32768.0,-32768.0,188.0,-23485.0, ,"=""15:37:12.801""",780,791,-4084.0,-10464.0,-20608.0,32767.0,7638.0,7558.0, 
OFFLINE,N/A,N/A,N/A,N/A,N/A,N/A,N/A,N/A, ,"=""15:37:12.910""",780,840,16436.0,-18332.0,-32768.0,-32768.0,188.0,-23485.0, ,"=""15:37:12.910""",780,791,-4084.0,-10464.0,-20608.0,32767.0,7638.0,7558.0, 
OFFLINE,N/A,N/A,N/A,N/A,N/A,N/A,N/A,N/A, ,"=""15:37:13.020""",780,840,16436.0,-18332.0,-32768.0,-32768.0,188.0,-23485.0, ,"=""15:37:13.020""",780,791,-4084.0,-10464.0,-20608.0,32767.0,7638.0,7558.0, 
OFFLINE,N/A,N/A,N/A,N/A,N/A,N/A,N/A,N/A, ,"=""15:37:13.143""",780,704,-13664.0,-1996.0,1424.0,32767.0,2866.0,21529.0, ,"=""15:37:13.143""",780,791,-4084.0,-10464.0,-20608.0,32767.0,7638.0,7558.0, 
OFFLINE,N/A,N/A,N/A,N/A,N/A,N/A,N/A,N/A, ,"=""15:37:13.252""",780,704,-13664.0,-1996.0,1424.0,32767.0,2866.0,21529.0, ,"=""15:37:13.252""",780,791,-4084.0,-10464.0,-20608.0,32767.0,7638.0,7558.0, 
OFFLINE,N/A,N/A,N/A,N/A,N/A,N/A,N/A,N/A, ,"=""15:37:13.361""",780,704,-13664.0,-1996.0,1424.0,32767.0,2866.0,21529.0, ,"=""15:37:13.361""",780,791,-4084.0,-10464.0,-20608.0,32767.0,7638.0,7558.0, 
OFFLINE,N/A,N/A,N/A,N/A,N/A,N/A,N/A,N/A, ,"=""15:37:13.470""",780,704,-13664.0,-1996.0,1424.0,32767.0,2866.0,21529.0, ,"=""15:37:13.470""",780,773,-19028.0,-10972.0,-5980.0,7847.0,-330.0,-6176.0, 
OFFLINE,N/A,N/A,N/A,N/A,N/A,N/A,N/A,N/A, ,"=""15:37:13.600""",780,704,-13664.0,-1996.0,1424.0,32767.0,2866.0,21529.0, ,"=""15:37:13.600""",780,773,-19028.0,-10972.0,-5980.0,7847.0,-330.0,-6176.0, 
OFFLINE,N/A,N/A,N/A,N/A,N/A,N/A,N/A,N/A, ,"=""15:37:13.719""",780,704,-13664.0,-1996.0,1424.0,32767.0,2866.0,21529.0, ,"=""15:37:13.719""",780,773,-19028.0,-10972.0,-5980.0,7847.0,-330.0,-6176.0, 
OFFLINE,N/A,N/A,N/A,N/A,N/A,N/A,N/A,N/A, ,"=""15:37:13.830""",780,704,-13664.0,-1996.0,1424.0,32767.0,2866.0,21529.0, ,"=""15:37:13.830""",780,773,-19028.0,-10972.0,-5980.0,7847.0,-330.0,-6176.0, 
OFFLINE,N/A,N/A,N/A,N/A,N/A,N/A,N/A,N/A, ,"=""15:37:13.940""",780,734,2172.0,-7760.0,-32768.0,-32768.0,-9135.0,-6050.0, ,"=""15:37:13.940""",780,773,-19028.0,-10972.0,-5980.0,7847.0,-330.0,-6176.0, 
OFFLINE,N/A,N/A,N/A,N/A,N/A,N/A,N/A,N/A, ,"=""15:37:14.063""",780,734,2172.0,-7760.0,-32768.0,-32768.0,-9135.0,-6050.0, ,"=""15:37:14.063""",780,773,-19028.0,-10972.0,-5980.0,7847.0,-330.0,-6176.0, 
OFFLINE,N/A,N/A,N/A,N/A,N/A,N/A,N/A,N/A, ,"=""15:37:14.172""",780,734,2172.0,-7760.0,-32768.0,-32768.0,-9135.0,-6050.0, ,"=""15:37:14.172""",780,773,-19028.0,-10972.0,-5980.0,7847.0,-330.0,-6176.0, 
OFFLINE,N/A,N/A,N/A,N/A,N/A,N/A,N/A,N/A, ,"=""15:37:14.280""",780,734,2172.0,-7760.0,-32768.0,-32768.0,-9135.0,-6050.0, ,"=""15:37:14.280""",780,778,3956.0,14196.0,-32768.0,-32768.0,549.0,-2549.0, 
OFFLINE,N/A,N/A,N/A,N/A,N/A,N/A,N/A,N/A, ,"=""15:37:14.389""",780,734,2172.0,-7760.0,-32768.0,-32768.0,-9135.0,-6050.0, ,"=""15:37:14.389""",780,778,3956.0,14196.0,-32768.0,-32768.0,549.0,-2549.0, 
OFFLINE,N/A,N/A,N/A,N/A,N/A,N/A,N/A,N/A, ,"=""15:37:14.512""",780,734,2172.0,-7760.0,-32768.0,-32768.0,-9135.0,-6050.0, ,"=""15:37:14.512""",780,778,3956.0,14196.0,-32768.0,-32768.0,549.0,-2549.0, 
OFFLINE,N/A,N/A,N/A,N/A,N/A,N/A,N/A,N/A, ,"=""15:37:14.621""",780,734,2172.0,-7760.0,-32768.0,-32768.0,-9135.0,-6050.0, ,"=""15:37:14.621""",780,778,3956.0,14196.0,-32768.0,-32768.0,549.0,-2549.0, 
OFFLINE,N/A,N/A,N/A,N/A,N/A,N/A,N/A,N/A, ,"=""15:37:14.730""",780,756,7904.0,7332.0,30340.0,32767.0,10056.0,32767.0, ,"=""15:37:14.730""",780,778,3956.0,14196.0,-32768.0,-32768.0,549.0,-2549.0, 
OFFLINE,N/A,N/A,N/A,N/A,N/A,N/A,N/A,N/A, ,"=""15:37:14.838""",780,756,7904.0,7332.0,30340.0,32767.0,10056.0,32767.0, ,"=""15:37:14.838""",780,778,3956.0,14196.0,-32768.0,-32768.0,549.0,-2549.0, 
OFFLINE,N/A,N/A,N/A,N/A,N/A,N/A,N/A,N/A, ,"=""15:37:14.961""",780,756,7904.0,7332.0,30340.0,32767.0,10056.0,32767.0, ,"=""15:37:14.961""",780,778,3956.0,14196.0,-32768.0,-32768.0,549.0,-2549.0, 
OFFLINE,N/A,N/A,N/A,N/A,N/A,N/A,N/A,N/A, ,"=""15:37:15.069""",780,756,7904.0,7332.0,30340.0,32767.0,10056.0,32767.0, ,"=""15:37:15.069""",780,781,-3908.0,-3176.0,-32768.0,-32768.0,11966.0,6864.0, 
OFFLINE,N/A,N/A,N/A,N/A,N/A,N/A,N/A,N/A, ,"=""15:37:15.193""",780,756,7904.0,7332.0,30340.0,32767.0,10056.0,32767.0, ,"=""15:37:15.193""",780,781,-3908.0,-3176.0,-32768.0,-32768.0,11966.0,6864.0, 
OFFLINE,N/A,N/A,N/A,N/A,N/A,N/A,N/A,N/A, ,"=""15:37:15.301""",780,756,7904.0,7332.0,30340.0,32767.0,10056.0,32767.0, ,"=""15:37:15.301""",780,781,-3908.0,-3176.0,-32768.0,-32768.0,11966.0,6864.0, 
OFFLINE,N/A,N/A,N/A,N/A,N/A,N/A,N/A,N/A, ,"=""15:37:15.411""",780,756,7904.0,7332.0,30340.0,32767.0,10056.0,32767.0, ,"=""15:37:15.411""",780,781,-3908.0,-3176.0,-32768.0,-32768.0,11966.0,6864.0, 
OFFLINE,N/A,N/A,N/A,N/A,N/A,N/A,N/A,N/A, ,"=""15:37:15.520""",780,885,4736.0,32767.0,9580.0,-32768.0,-27485.0,4427.0, ,"=""15:37:15.520""",780,781,-3908.0,-3176.0,-32768.0,-32768.0,11966.0,6864.0, 
OFFLINE,N/A,N/A,N/A,N/A,N/A,N/A,N/A,N/A, ,"=""15:37:15.643""",780,885,4736.0,32767.0,9580.0,-32768.0,-27485.0,4427.0, ,"=""15:37:15.643""",780,781,-3908.0,-3176.0,-32768.0,-32768.0,11966.0,6864.0, 
OFFLINE,N/A,N/A,N/A,N/A,N/A,N/A,N/A,N/A, ,"=""15:37:15.751""",780,885,4736.0,32767.0,9580.0,-32768.0,-27485.0,4427.0, ,"=""15:37:15.751""",780,781,-3908.0,-3176.0,-32768.0,-32768.0,11966.0,6864.0, 
OFFLINE,N/A,N/A,N/A,N/A,N/A,N/A,N/A,N/A, ,"=""15:37:15.859""",780,885,4736.0,32767.0,9580.0,-32768.0,-27485.0,4427.0, ,"=""15:37:15.859""",780,767,5552.0,-31076.0,10760.0,19727.0,-10806.0,-4834.0, 
OFFLINE,N/A,N/A,N/A,N/A,N/A,N/A,N/A,N/A, ,"=""15:37:15.967""",780,885,4736.0,32767.0,9580.0,-32768.0,-27485.0,4427.0, ,"=""15:37:15.967""",780,767,5552.0,-31076.0,10760.0,19727.0,-10806.0,-4834.0, 
OFFLINE,N/A,N/A,N/A,N/A,N/A,N/A,N/A,N/A, ,"=""15:37:16.076""",780,885,4736.0,32767.0,9580.0,-32768.0,-27485.0,4427.0, ,"=""15:37:16.076""",780,767,5552.0,-31076.0,10760.0,19727.0,-10806.0,-4834.0, 
OFFLINE,N/A,N/A,N/A,N/A,N/A,N/A,N/A,N/A, ,"=""15:37:16.195""",780,885,4736.0,32767.0,9580.0,-32768.0,-27485.0,4427.0, ,"=""15:37:16.195""",780,767,5552.0,-31076.0,10760.0,19727.0,-10806.0,-4834.0, 
OFFLINE,N/A,N/A,N/A,N/A,N/A,N/A,N/A,N/A, ,"=""15:37:16.309""",780,762,-32768.0,-32768.0,32767.0,22113.0,-22655.0,8192.0, ,"=""15:37:16.309""",780,767,5552.0,-31076.0,10760.0,19727.0,-10806.0,-4834.0, 
OFFLINE,N/A,N/A,N/A,N/A,N/A,N/A,N/A,N/A, ,"=""15:37:16.417""",780,762,-32768.0,-32768.0,32767.0,22113.0,-22655.0,8192.0, ,"=""15:37:16.417""",780,767,5552.0,-31076.0,10760.0,19727.0,-10806.0,-4834.0, 
OFFLINE,N/A,N/A,N/A,N/A,N/A,N/A,N/A,N/A, ,"=""15:37:16.540""",780,762,-32768.0,-32768.0,32767.0,22113.0,-22655.0,8192.0, ,"=""15:37:16.540""",780,767,5552.0,-31076.0,10760.0,19727.0,-10806.0,-4834.0, 
OFFLINE,N/A,N/A,N/A,N/A,N/A,N/A,N/A,N/A, ,"=""15:37:16.648""",780,762,-32768.0,-32768.0,32767.0,22113.0,-22655.0,8192.0, ,"=""15:37:16.648""",780,757,15568.0,-29372.0,32767.0,-2883.0,-5186.0,-2115.0, 
OFFLINE,N/A,N/A,N/A,N/A,N/A,N/A,N/A,N/A, ,"=""15:37:16.769""",780,762,-32768.0,-32768.0,32767.0,22113.0,-22655.0,8192.0, ,"=""15:37:16.769""",780,757,15568.0,-29372.0,32767.0,-2883.0,-5186.0,-2115.0, 
OFFLINE,N/A,N/A,N/A,N/A,N/A,N/A,N/A,N/A, ,"=""15:37:16.881""",780,762,-32768.0,-32768.0,32767.0,22113.0,-22655.0,8192.0, ,"=""15:37:16.881""",780,757,15568.0,-29372.0,32767.0,-2883.0,-5186.0,-2115.0, 
OFFLINE,N/A,N/A,N/A,N/A,N/A,N/A,N/A,N/A, ,"=""15:37:16.992""",780,762,-32768.0,-32768.0,32767.0,22113.0,-22655.0,8192.0, ,"=""15:37:16.992""",780,757,15568.0,-29372.0,32767.0,-2883.0,-5186.0,-2115.0, 
OFFLINE,N/A,N/A,N/A,N/A,N/A,N/A,N/A,N/A, ,"=""15:37:17.100""",780,762,-32768.0,-32768.0,32767.0,22113.0,-22655.0,8192.0, ,"=""15:37:17.100""",780,757,15568.0,-29372.0,32767.0,-2883.0,-5186.0,-2115.0, 
OFFLINE,N/A,N/A,N/A,N/A,N/A,N/A,N/A,N/A, ,"=""15:37:17.211""",780,738,17000.0,-32768.0,-32768.0,-32768.0,-604.0,-9495.0, ,"=""15:37:17.211""",780,757,15568.0,-29372.0,32767.0,-2883.0,-5186.0,-2115.0, 
OFFLINE,N/A,N/A,N/A,N/A,N/A,N/A,N/A,N/A, ,"=""15:37:17.320""",780,738,17000.0,-32768.0,-32768.0,-32768.0,-604.0,-9495.0, ,"=""15:37:17.320""",780,757,15568.0,-29372.0,32767.0,-2883.0,-5186.0,-2115.0, 
OFFLINE,N/A,N/A,N/A,N/A,N/A,N/A,N/A,N/A, ,"=""15:37:17.428""",780,738,17000.0,-32768.0,-32768.0,-32768.0,-604.0,-9495.0, ,"=""15:37:17.428""",780,793,-10200.0,12424.0,-32768.0,32767.0,15062.0,1257.0, 
OFFLINE,N/A,N/A,N/A,N/A,N/A,N/A,N/A,N/A, ,"=""15:37:17.537""",780,738,17000.0,-32768.0,-32768.0,-32768.0,-604.0,-9495.0, ,"=""15:37:17.537""",780,793,-10200.0,12424.0,-32768.0,32767.0,15062.0,1257.0, 
OFFLINE,N/A,N/A,N/A,N/A,N/A,N/A,N/A,N/A, ,"=""15:37:17.645""",780,738,17000.0,-32768.0,-32768.0,-32768.0,-604.0,-9495.0, ,"=""15:37:17.645""",780,793,-10200.0,12424.0,-32768.0,32767.0,15062.0,1257.0, 
OFFLINE,N/A,N/A,N/A,N/A,N/A,N/A,N/A,N/A, ,"=""15:37:17.753""",780,738,17000.0,-32768.0,-32768.0,-32768.0,-604.0,-9495.0, ,"=""15:37:17.753""",780,793,-10200.0,12424.0,-32768.0,32767.0,15062.0,1257.0, 
OFFLINE,N/A,N/A,N/A,N/A,N/A,N/A,N/A,N/A, ,"=""15:37:17.862""",780,738,17000.0,-32768.0,-32768.0,-32768.0,-604.0,-9495.0, ,"=""15:37:17.862""",780,793,-10200.0,12424.0,-32768.0,32767.0,15062.0,1257.0, 
OFFLINE,N/A,N/A,N/A,N/A,N/A,N/A,N/A,N/A, ,"=""15:37:17.972""",780,737,-32768.0,-32768.0,32767.0,32767.0,-4097.0,32767.0, ,"=""15:37:17.972""",780,793,-10200.0,12424.0,-32768.0,32767.0,15062.0,1257.0, 
OFFLINE,N/A,N/A,N/A,N/A,N/A,N/A,N/A,N/A, ,"=""15:37:18.082""",780,737,-32768.0,-32768.0,32767.0,32767.0,-4097.0,32767.0, ,"=""15:37:18.082""",780,793,-10200.0,12424.0,-32768.0,32767.0,15062.0,1257.0, 
OFFLINE,N/A,N/A,N/A,N/A,N/A,N/A,N/A,N/A, ,"=""15:37:18.191""",780,737,-32768.0,-32768.0,32767.0,32767.0,-4097.0,32767.0, ,"=""15:37:18.191""",780,793,-10200.0,12424.0,-32768.0,32767.0,15062.0,1257.0, 
OFFLINE,N/A,N/A,N/A,N/A,N/A,N/A,N/A,N/A, ,"=""15:37:18.331""",780,737,-32768.0,-32768.0,32767.0,32767.0,-4097.0,32767.0, ,"=""15:37:18.331""",780,789,-4320.0,-19176.0,-27572.0,-32768.0,1660.0,710.0, 
OFFLINE,N/A,N/A,N/A,N/A,N/A,N/A,N/A,N/A, ,"=""15:37:18.438""",780,737,-32768.0,-32768.0,32767.0,32767.0,-4097.0,32767.0, ,"=""15:37:18.438""",780,789,-4320.0,-19176.0,-27572.0,-32768.0,1660.0,710.0, 
OFFLINE,N/A,N/A,N/A,N/A,N/A,N/A,N/A,N/A, ,"=""15:37:18.546""",780,737,-32768.0,-32768.0,32767.0,32767.0,-4097.0,32767.0, ,"=""15:37:18.546""",780,789,-4320.0,-19176.0,-27572.0,-32768.0,1660.0,710.0, 
OFFLINE,N/A,N/A,N/A,N/A,N/A,N/A,N/A,N/A, ,"=""15:37:18.655""",780,737,-32768.0,-32768.0,32767.0,32767.0,-4097.0,32767.0, ,"=""15:37:18.655""",780,789,-4320.0,-19176.0,-27572.0,-32768.0,1660.0,710.0, 
OFFLINE,N/A,N/A,N/A,N/A,N/A,N/A,N/A,N/A, ,"=""15:37:18.764""",780,865,948.0,-23740.0,16360.0,-32768.0,-5462.0,-3120.0, ,"=""15:37:18.764""",780,789,-4320.0,-19176.0,-27572.0,-32768.0,1660.0,710.0, 
OFFLINE,N/A,N/A,N/A,N/A,N/A,N/A,N/A,N/A, ,"=""15:37:18.884""",780,865,948.0,-23740.0,16360.0,-32768.0,-5462.0,-3120.0, ,"=""15:37:18.884""",780,789,-4320.0,-19176.0,-27572.0,-32768.0,1660.0,710.0, 
OFFLINE,N/A,N/A,N/A,N/A,N/A,N/A,N/A,N/A, ,"=""15:37:18.999""",780,865,948.0,-23740.0,16360.0,-32768.0,-5462.0,-3120.0, ,"=""15:37:18.999""",780,769,16556.0,-24848.0,16136.0,32767.0,12613.0,17840.0, 
OFFLINE,N/A,N/A,N/A,N/A,N/A,N/A,N/A,N/A, ,"=""15:37:19.107""",780,865,948.0,-23740.0,16360.0,-32768.0,-5462.0,-3120.0, ,"=""15:37:19.107""",780,769,16556.0,-24848.0,16136.0,32767.0,12613.0,17840.0, 
OFFLINE,N/A,N/A,N/A,N/A,N/A,N/A,N/A,N/A, ,"=""15:37:19.232""",780,865,948.0,-23740.0,16360.0,-32768.0,-5462.0,-3120.0, ,"=""15:37:19.232""",780,769,16556.0,-24848.0,16136.0,32767.0,12613.0,17840.0, 
OFFLINE,N/A,N/A,N/A,N/A,N/A,N/A,N/A,N/A, ,"=""15:37:19.341""",780,865,948.0,-23740.0,16360.0,-32768.0,-5462.0,-3120.0, ,"=""15:37:19.341""",780,769,16556.0,-24848.0,16136.0,32767.0,12613.0,17840.0, 
OFFLINE,N/A,N/A,N/A,N/A,N/A,N/A,N/A,N/A, ,"=""15:37:19.450""",780,865,948.0,-23740.0,16360.0,-32768.0,-5462.0,-3120.0, ,"=""15:37:19.450""",780,769,16556.0,-24848.0,16136.0,32767.0,12613.0,17840.0, 
OFFLINE,N/A,N/A,N/A,N/A,N/A,N/A,N/A,N/A, ,"=""15:37:19.559""",780,846,-4068.0,3176.0,9052.0,-32768.0,-10274.0,15388.0, ,"=""15:37:19.559""",780,769,16556.0,-24848.0,16136.0,32767.0,12613.0,17840.0, 
OFFLINE,N/A,N/A,N/A,N/A,N/A,N/A,N/A,N/A, ,"=""15:37:19.669""",820,846,-4068.0,3176.0,9052.0,-32768.0,-10274.0,15388.0, ,"=""15:37:19.669""",820,769,16556.0,-24848.0,16136.0,32767.0,12613.0,17840.0, 
OFFLINE,N/A,N/A,N/A,N/A,N/A,N/A,N/A,N/A, ,"=""15:37:19.778""",820,846,-4068.0,3176.0,9052.0,-32768.0,-10274.0,15388.0, ,"=""15:37:19.778""",820,770,-808.0,2680.0,17732.0,32767.0,-189.0,-4149.0, 
OFFLINE,N/A,N/A,N/A,N/A,N/A,N/A,N/A,N/A, ,"=""15:37:19.901""",820,846,-4068.0,3176.0,9052.0,-32768.0,-10274.0,15388.0, ,"=""15:37:19.901""",820,770,-808.0,2680.0,17732.0,32767.0,-189.0,-4149.0, 
OFFLINE,N/A,N/A,N/A,N/A,N/A,N/A,N/A,N/A, ,"=""15:37:20.023""",820,846,-4068.0,3176.0,9052.0,-32768.0,-10274.0,15388.0, ,"=""15:37:20.023""",820,770,-808.0,2680.0,17732.0,32767.0,-189.0,-4149.0, 
OFFLINE,N/A,N/A,N/A,N/A,N/A,N/A,N/A,N/A, ,"=""15:37:20.133""",820,846,-4068.0,3176.0,9052.0,-32768.0,-10274.0,15388.0, ,"=""15:37:20.133""",820,770,-808.0,2680.0,17732.0,32767.0,-189.0,-4149.0, 
OFFLINE,N/A,N/A,N/A,N/A,N/A,N/A,N/A,N/A, ,"=""15:37:20.243""",820,846,-4068.0,3176.0,9052.0,-32768.0,-10274.0,15388.0, ,"=""15:37:20.243""",820,770,-808.0,2680.0,17732.0,32767.0,-189.0,-4149.0, 
OFFLINE,N/A,N/A,N/A,N/A,N/A,N/A,N/A,N/A, ,"=""15:37:20.352""",820,794,-9684.0,2260.0,32767.0,22622.0,3589.0,18061.0, ,"=""15:37:20.352""",820,770,-808.0,2680.0,17732.0,32767.0,-189.0,-4149.0, 
OFFLINE,N/A,N/A,N/A,N/A,N/A,N/A,N/A,N/A, ,"=""15:37:20.462""",820,794,-9684.0,2260.0,32767.0,22622.0,3589.0,18061.0, ,"=""15:37:20.462""",820,770,-808.0,2680.0,17732.0,32767.0,-189.0,-4149.0, 
OFFLINE,N/A,N/A,N/A,N/A,N/A,N/A,N/A,N/A, ,"=""15:37:20.572""",820,794,-9684.0,2260.0,32767.0,22622.0,3589.0,18061.0, ,"=""15:37:20.572""",820,770,-808.0,2680.0,17732.0,32767.0,-189.0,-4149.0, 
OFFLINE,N/A,N/A,N/A,N/A,N/A,N/A,N/A,N/A, ,"=""15:37:20.696""",820,794,-9684.0,2260.0,32767.0,22622.0,3589.0,18061.0, ,"=""15:37:20.696""",820,821,17804.0,-31808.0,-16040.0,28353.0,8019.0,5746.0, 
OFFLINE,N/A,N/A,N/A,N/A,N/A,N/A,N/A,N/A, ,"=""15:37:20.805""",820,794,-9684.0,2260.0,32767.0,22622.0,3589.0,18061.0, ,"=""15:37:20.805""",820,821,17804.0,-31808.0,-16040.0,28353.0,8019.0,5746.0, 
OFFLINE,N/A,N/A,N/A,N/A,N/A,N/A,N/A,N/A, ,"=""15:37:20.915""",820,794,-9684.0,2260.0,32767.0,22622.0,3589.0,18061.0, ,"=""15:37:20.915""",820,821,17804.0,-31808.0,-16040.0,28353.0,8019.0,5746.0, 
OFFLINE,N/A,N/A,N/A,N/A,N/A,N/A,N/A,N/A, ,"=""15:37:21.038""",820,794,-9684.0,2260.0,32767.0,22622.0,3589.0,18061.0, ,"=""15:37:21.038""",820,821,17804.0,-31808.0,-16040.0,28353.0,8019.0,5746.0, 
OFFLINE,N/A,N/A,N/A,N/A,N/A,N/A,N/A,N/A, ,"=""15:37:21.151""",820,794,-16916.0,-10900.0,14584.0,-32768.0,10984.0,-4095.0, ,"=""15:37:21.151""",820,821,17804.0,-31808.0,-16040.0,28353.0,8019.0,5746.0, 
OFFLINE,N/A,N/A,N/A,N/A,N/A,N/A,N/A,N/A, ,"=""15:37:21.269""",820,794,-16916.0,-10900.0,14584.0,-32768.0,10984.0,-4095.0, ,"=""15:37:21.269""",820,821,17804.0,-31808.0,-16040.0,28353.0,8019.0,5746.0, 
OFFLINE,N/A,N/A,N/A,N/A,N/A,N/A,N/A,N/A, ,"=""15:37:21.377""",820,794,-16916.0,-10900.0,14584.0,-32768.0,10984.0,-4095.0, ,"=""15:37:21.377""",820,821,17804.0,-31808.0,-16040.0,28353.0,8019.0,5746.0, 
OFFLINE,N/A,N/A,N/A,N/A,N/A,N/A,N/A,N/A, ,"=""15:37:21.527""",820,794,-16916.0,-10900.0,14584.0,-32768.0,10984.0,-4095.0, ,"=""15:37:21.527""",820,816,15960.0,-28236.0,7764.0,-32768.0,-7674.0,55.0, 
OFFLINE,N/A,N/A,N/A,N/A,N/A,N/A,N/A,N/A, ,"=""15:37:21.645""",820,794,-16916.0,-10900.0,14584.0,-32768.0,10984.0,-4095.0, ,"=""15:37:21.645""",820,816,15960.0,-28236.0,7764.0,-32768.0,-7674.0,55.0, 
OFFLINE,N/A,N/A,N/A,N/A,N/A,N/A,N/A,N/A, ,"=""15:37:21.753""",820,794,-16916.0,-10900.0,14584.0,-32768.0,10984.0,-4095.0, ,"=""15:37:21.753""",820,816,15960.0,-28236.0,7764.0,-32768.0,-7674.0,55.0, 
OFFLINE,N/A,N/A,N/A,N/A,N/A,N/A,N/A,N/A, ,"=""15:37:21.861""",820,794,-16916.0,-10900.0,14584.0,-32768.0,10984.0,-4095.0, ,"=""15:37:21.862""",820,816,15960.0,-28236.0,7764.0,-32768.0,-7674.0,55.0, 
OFFLINE,N/A,N/A,N/A,N/A,N/A,N/A,N/A,N/A, ,"=""15:37:21.970""",820,794,-16916.0,-10900.0,14584.0,-32768.0,10984.0,-4095.0, ,"=""15:37:21.970""",820,816,15960.0,-28236.0,7764.0,-32768.0,-7674.0,55.0, 
OFFLINE,N/A,N/A,N/A,N/A,N/A,N/A,N/A,N/A, ,"=""15:37:22.078""",820,799,9516.0,-24784.0,-32768.0,-32768.0,5327.0,-19580.0, ,"=""15:37:22.078""",820,816,15960.0,-28236.0,7764.0,-32768.0,-7674.0,55.0, 
OFFLINE,N/A,N/A,N/A,N/A,N/A,N/A,N/A,N/A, ,"=""15:37:22.185""",820,799,9516.0,-24784.0,-32768.0,-32768.0,5327.0,-19580.0, ,"=""15:37:22.185""",820,820,-2792.0,13700.0,-32768.0,-23402.0,-6261.0,-4993.0, 
OFFLINE,N/A,N/A,N/A,N/A,N/A,N/A,N/A,N/A, ,"=""15:37:22.296""",820,799,9516.0,-24784.0,-32768.0,-32768.0,5327.0,-19580.0, ,"=""15:37:22.296""",820,820,-2792.0,13700.0,-32768.0,-23402.0,-6261.0,-4993.0, 
OFFLINE,N/A,N/A,N/A,N/A,N/A,N/A,N/A,N/A, ,"=""15:37:22.405""",820,799,9516.0,-24784.0,-32768.0,-32768.0,5327.0,-19580.0, ,"=""15:37:22.405""",820,820,-2792.0,13700.0,-32768.0,-23402.0,-6261.0,-4993.0, 
OFFLINE,N/A,N/A,N/A,N/A,N/A,N/A,N/A,N/A, ,"=""15:37:22.513""",820,799,9516.0,-24784.0,-32768.0,-32768.0,5327.0,-19580.0, ,"=""15:37:22.513""",820,820,-2792.0,13700.0,-32768.0,-23402.0,-6261.0,-4993.0, 
OFFLINE,N/A,N/A,N/A,N/A,N/A,N/A,N/A,N/A, ,"=""15:37:22.622""",820,799,9516.0,-24784.0,-32768.0,-32768.0,5327.0,-19580.0, ,"=""15:37:22.622""",820,820,-2792.0,13700.0,-32768.0,-23402.0,-6261.0,-4993.0, 
OFFLINE,N/A,N/A,N/A,N/A,N/A,N/A,N/A,N/A, ,"=""15:37:22.732""",820,849,21488.0,-9156.0,-32768.0,-9086.0,8583.0,-19444.0, ,"=""15:37:22.732""",820,820,-2792.0,13700.0,-32768.0,-23402.0,-6261.0,-4993.0, 
OFFLINE,N/A,N/A,N/A,N/A,N/A,N/A,N/A,N/A, ,"=""15:37:22.842""",820,849,21488.0,-9156.0,-32768.0,-9086.0,8583.0,-19444.0, ,"=""15:37:22.842""",820,820,-2792.0,13700.0,-32768.0,-23402.0,-6261.0,-4993.0, 
OFFLINE,N/A,N/A,N/A,N/A,N/A,N/A,N/A,N/A, ,"=""15:37:22.951""",820,849,21488.0,-9156.0,-32768.0,-9086.0,8583.0,-19444.0, ,"=""15:37:22.951""",820,820,-2792.0,13700.0,-32768.0,-23402.0,-6261.0,-4993.0, 
OFFLINE,N/A,N/A,N/A,N/A,N/A,N/A,N/A,N/A, ,"=""15:37:23.060""",820,849,21488.0,-9156.0,-32768.0,-9086.0,8583.0,-19444.0, ,"=""15:37:23.060""",820,819,-2264.0,32767.0,1896.0,32767.0,1165.0,-6223.0, 
OFFLINE,N/A,N/A,N/A,N/A,N/A,N/A,N/A,N/A, ,"=""15:37:23.170""",820,849,21488.0,-9156.0,-32768.0,-9086.0,8583.0,-19444.0, ,"=""15:37:23.170""",820,819,-2264.0,32767.0,1896.0,32767.0,1165.0,-6223.0, 
OFFLINE,N/A,N/A,N/A,N/A,N/A,N/A,N/A,N/A, ,"=""15:37:23.279""",820,849,21488.0,-9156.0,-32768.0,-9086.0,8583.0,-19444.0, ,"=""15:37:23.279""",820,819,-2264.0,32767.0,1896.0,32767.0,1165.0,-6223.0, 
OFFLINE,N/A,N/A,N/A,N/A,N/A,N/A,N/A,N/A, ,"=""15:37:23.387""",820,849,21488.0,-9156.0,-32768.0,-9086.0,8583.0,-19444.0, ,"=""15:37:23.387""",820,819,-2264.0,32767.0,1896.0,32767.0,1165.0,-6223.0, 
OFFLINE,N/A,N/A,N/A,N/A,N/A,N/A,N/A,N/A, ,"=""15:37:23.496""",820,746,3184.0,-14556.0,-8612.0,32767.0,2902.0,11794.0, ,"=""15:37:23.496""",820,819,-2264.0,32767.0,1896.0,32767.0,1165.0,-6223.0, 
OFFLINE,N/A,N/A,N/A,N/A,N/A,N/A,N/A,N/A, ,"=""15:37:23.605""",820,746,3184.0,-14556.0,-8612.0,32767.0,2902.0,11794.0, ,"=""15:37:23.605""",820,819,-2264.0,32767.0,1896.0,32767.0,1165.0,-6223.0, 
OFFLINE,N/A,N/A,N/A,N/A,N/A,N/A,N/A,N/A, ,"=""15:37:23.727""",820,746,3184.0,-14556.0,-8612.0,32767.0,2902.0,11794.0, ,"=""15:37:23.727""",820,819,-2264.0,32767.0,1896.0,32767.0,1165.0,-6223.0, 
OFFLINE,N/A,N/A,N/A,N/A,N/A,N/A,N/A,N/A, ,"=""15:37:23.837""",820,746,3184.0,-14556.0,-8612.0,32767.0,2902.0,11794.0, ,"=""15:37:23.837""",820,812,-3804.0,-32768.0,-32768.0,10821.0,-5477.0,4922.0, 
OFFLINE,N/A,N/A,N/A,N/A,N/A,N/A,N/A,N/A, ,"=""15:37:23.945""",820,746,3184.0,-14556.0,-8612.0,32767.0,2902.0,11794.0, ,"=""15:37:23.945""",820,812,-3804.0,-32768.0,-32768.0,10821.0,-5477.0,4922.0, 
OFFLINE,N/A,N/A,N/A,N/A,N/A,N/A,N/A,N/A, ,"=""15:37:24.068""",820,746,3184.0,-14556.0,-8612.0,32767.0,2902.0,11794.0, ,"=""15:37:24.068""",820,812,-3804.0,-32768.0,-32768.0,10821.0,-5477.0,4922.0, 
OFFLINE,N/A,N/A,N/A,N/A,N/A,N/A,N/A,N/A, ,"=""15:37:24.191""",820,746,3184.0,-14556.0,-8612.0,32767.0,2902.0,11794.0, ,"=""15:37:24.191""",820,812,-3804.0,-32768.0,-32768.0,10821.0,-5477.0,4922.0, 
OFFLINE,N/A,N/A,N/A,N/A,N/A,N/A,N/A,N/A, ,"=""15:37:24.299""",820,746,3184.0,-14556.0,-8612.0,32767.0,2902.0,11794.0, ,"=""15:37:24.300""",820,812,-3804.0,-32768.0,-32768.0,10821.0,-5477.0,4922.0, 
OFFLINE,N/A,N/A,N/A,N/A,N/A,N/A,N/A,N/A, ,"=""15:37:24.409""",820,747,-32768.0,-32768.0,32767.0,-7263.0,1677.0,15177.0, ,"=""15:37:24.409""",820,812,-3804.0,-32768.0,-32768.0,10821.0,-5477.0,4922.0, 
OFFLINE,N/A,N/A,N/A,N/A,N/A,N/A,N/A,N/A, ,"=""15:37:24.520""",820,747,-32768.0,-32768.0,32767.0,-7263.0,1677.0,15177.0, ,"=""15:37:24.520""",820,812,-3804.0,-32768.0,-32768.0,10821.0,-5477.0,4922.0, 
OFFLINE,N/A,N/A,N/A,N/A,N/A,N/A,N/A,N/A, ,"=""15:37:24.629""",820,747,-32768.0,-32768.0,32767.0,-7263.0,1677.0,15177.0, ,"=""15:37:24.629""",820,820,3032.0,-2496.0,-4420.0,-32768.0,-5847.0,-1922.0, 
OFFLINE,N/A,N/A,N/A,N/A,N/A,N/A,N/A,N/A, ,"=""15:37:24.738""",820,747,-32768.0,-32768.0,32767.0,-7263.0,1677.0,15177.0, ,"=""15:37:24.738""",820,820,3032.0,-2496.0,-4420.0,-32768.0,-5847.0,-1922.0, 
OFFLINE,N/A,N/A,N/A,N/A,N/A,N/A,N/A,N/A, ,"=""15:37:24.848""",820,747,-32768.0,-32768.0,32767.0,-7263.0,1677.0,15177.0, ,"=""15:37:24.848""",820,820,3032.0,-2496.0,-4420.0,-32768.0,-5847.0,-1922.0, 
OFFLINE,N/A,N/A,N/A,N/A,N/A,N/A,N/A,N/A, ,"=""15:37:24.971""",820,747,-32768.0,-32768.0,32767.0,-7263.0,1677.0,15177.0, ,"=""15:37:24.971""",820,820,3032.0,-2496.0,-4420.0,-32768.0,-5847.0,-1922.0, 
OFFLINE,N/A,N/A,N/A,N/A,N/A,N/A,N/A,N/A, ,"=""15:37:25.080""",820,747,-32768.0,-32768.0,32767.0,-7263.0,1677.0,15177.0, ,"=""15:37:25.080""",820,820,3032.0,-2496.0,-4420.0,-32768.0,-5847.0,-1922.0, 
OFFLINE,N/A,N/A,N/A,N/A,N/A,N/A,N/A,N/A, ,"=""15:37:25.190""",820,893,288.0,-32768.0,32767.0,-1611.0,13204.0,17023.0, ,"=""15:37:25.190""",820,820,3032.0,-2496.0,-4420.0,-32768.0,-5847.0,-1922.0, 
OFFLINE,N/A,N/A,N/A,N/A,N/A,N/A,N/A,N/A, ,"=""15:37:25.299""",820,893,288.0,-32768.0,32767.0,-1611.0,13204.0,17023.0, ,"=""15:37:25.299""",820,820,3032.0,-2496.0,-4420.0,-32768.0,-5847.0,-1922.0, 
OFFLINE,N/A,N/A,N/A,N/A,N/A,N/A,N/A,N/A, ,"=""15:37:25.407""",820,893,288.0,-32768.0,32767.0,-1611.0,13204.0,17023.0, ,"=""15:37:25.407""",820,854,-7692.0,-13048.0,-32768.0,-32768.0,1335.0,-9524.0, 
OFFLINE,N/A,N/A,N/A,N/A,N/A,N/A,N/A,N/A, ,"=""15:37:25.517""",820,893,288.0,-32768.0,32767.0,-1611.0,13204.0,17023.0, ,"=""15:37:25.517""",820,854,-7692.0,-13048.0,-32768.0,-32768.0,1335.0,-9524.0, 
OFFLINE,N/A,N/A,N/A,N/A,N/A,N/A,N/A,N/A, ,"=""15:37:25.625""",820,893,288.0,-32768.0,32767.0,-1611.0,13204.0,17023.0, ,"=""15:37:25.625""",820,854,-7692.0,-13048.0,-32768.0,-32768.0,1335.0,-9524.0, 
OFFLINE,N/A,N/A,N/A,N/A,N/A,N/A,N/A,N/A, ,"=""15:37:25.734""",820,893,288.0,-32768.0,32767.0,-1611.0,13204.0,17023.0, ,"=""15:37:25.735""",820,854,-7692.0,-13048.0,-32768.0,-32768.0,1335.0,-9524.0, 
OFFLINE,N/A,N/A,N/A,N/A,N/A,N/A,N/A,N/A, ,"=""15:37:25.843""",820,893,288.0,-32768.0,32767.0,-1611.0,13204.0,17023.0, ,"=""15:37:25.843""",820,854,-7692.0,-13048.0,-32768.0,-32768.0,1335.0,-9524.0, 
OFFLINE,N/A,N/A,N/A,N/A,N/A,N/A,N/A,N/A, ,"=""15:37:25.967""",820,886,1096.0,-32112.0,-16144.0,32767.0,-1788.0,-18257.0, ,"=""15:37:25.967""",820,854,-7692.0,-13048.0,-32768.0,-32768.0,1335.0,-9524.0, 
OFFLINE,N/A,N/A,N/A,N/A,N/A,N/A,N/A,N/A, ,"=""15:37:26.076""",820,886,1096.0,-32112.0,-16144.0,32767.0,-1788.0,-18257.0, ,"=""15:37:26.076""",820,854,-7692.0,-13048.0,-32768.0,-32768.0,1335.0,-9524.0, 
OFFLINE,N/A,N/A,N/A,N/A,N/A,N/A,N/A,N/A, ,"=""15:37:26.186""",820,886,1096.0,-32112.0,-16144.0,32767.0,-1788.0,-18257.0, ,"=""15:37:26.186""",820,854,-7692.0,-13048.0,-32768.0,-32768.0,1335.0,-9524.0, 
OFFLINE,N/A,N/A,N/A,N/A,N/A,N/A,N/A,N/A, ,"=""15:37:26.314""",820,886,1096.0,-32112.0,-16144.0,32767.0,-1788.0,-18257.0, ,"=""15:37:26.314""",820,820,-2668.0,15572.0,26088.0,-32768.0,7366.0,10700.0, 
OFFLINE,N/A,N/A,N/A,N/A,N/A,N/A,N/A,N/A, ,"=""15:37:26.421""",820,886,1096.0,-32112.0,-16144.0,32767.0,-1788.0,-18257.0, ,"=""15:37:26.421""",820,820,-2668.0,15572.0,26088.0,-32768.0,7366.0,10700.0, 
OFFLINE,N/A,N/A,N/A,N/A,N/A,N/A,N/A,N/A, ,"=""15:37:26.544""",820,886,1096.0,-32112.0,-16144.0,32767.0,-1788.0,-18257.0, ,"=""15:37:26.544""",820,820,-2668.0,15572.0,26088.0,-32768.0,7366.0,10700.0, 
OFFLINE,N/A,N/A,N/A,N/A,N/A,N/A,N/A,N/A, ,"=""15:37:26.655""",820,886,1096.0,-32112.0,-16144.0,32767.0,-1788.0,-18257.0, ,"=""15:37:26.655""",820,820,-2668.0,15572.0,26088.0,-32768.0,7366.0,10700.0, 
OFFLINE,N/A,N/A,N/A,N/A,N/A,N/A,N/A,N/A, ,"=""15:37:26.764""",640,840,-12556.0,-32768.0,32767.0,32767.0,5052.0,6107.0, ,"=""15:37:26.764""",640,820,-2668.0,15572.0,26088.0,-32768.0,7366.0,10700.0, 
OFFLINE,N/A,N/A,N/A,N/A,N/A,N/A,N/A,N/A, ,"=""15:37:26.888""",640,840,-12556.0,-32768.0,32767.0,32767.0,5052.0,6107.0, ,"=""15:37:26.888""",640,820,-2668.0,15572.0,26088.0,-32768.0,7366.0,10700.0, 
OFFLINE,N/A,N/A,N/A,N/A,N/A,N/A,N/A,N/A, ,"=""15:37:26.996""",640,840,-12556.0,-32768.0,32767.0,32767.0,5052.0,6107.0, ,"=""15:37:26.996""",640,812,1444.0,-5544.0,23268.0,-32768.0,10714.0,2469.0, 
OFFLINE,N/A,N/A,N/A,N/A,N/A,N/A,N/A,N/A, ,"=""15:37:27.104""",640,840,-12556.0,-32768.0,32767.0,32767.0,5052.0,6107.0, ,"=""15:37:27.104""",640,812,1444.0,-5544.0,23268.0,-32768.0,10714.0,2469.0, 
OFFLINE,N/A,N/A,N/A,N/A,N/A,N/A,N/A,N/A, ,"=""15:37:27.214""",640,840,-12556.0,-32768.0,32767.0,32767.0,5052.0,6107.0, ,"=""15:37:27.214""",640,812,1444.0,-5544.0,23268.0,-32768.0,10714.0,2469.0, 
OFFLINE,N/A,N/A,N/A,N/A,N/A,N/A,N/A,N/A, ,"=""15:37:27.336""",640,840,-12556.0,-32768.0,32767.0,32767.0,5052.0,6107.0, ,"=""15:37:27.336""",640,812,1444.0,-5544.0,23268.0,-32768.0,10714.0,2469.0, 
OFFLINE,N/A,N/A,N/A,N/A,N/A,N/A,N/A,N/A, ,"=""15:37:27.445""",640,840,-12556.0,-32768.0,32767.0,32767.0,5052.0,6107.0, ,"=""15:37:27.445""",640,812,1444.0,-5544.0,23268.0,-32768.0,10714.0,2469.0, 
OFFLINE,N/A,N/A,N/A,N/A,N/A,N/A,N/A,N/A, ,"=""15:37:27.554""",640,689,2396.0,-22820.0,-18112.0,32767.0,-14789.0,7022.0, ,"=""15:37:27.554""",640,812,1444.0,-5544.0,23268.0,-32768.0,10714.0,2469.0, 
OFFLINE,N/A,N/A,N/A,N/A,N/A,N/A,N/A,N/A, ,"=""15:37:27.663""",640,689,2396.0,-22820.0,-18112.0,32767.0,-14789.0,7022.0, ,"=""15:37:27.663""",640,812,1444.0,-5544.0,23268.0,-32768.0,10714.0,2469.0, 
OFFLINE,N/A,N/A,N/A,N/A,N/A,N/A,N/A,N/A, ,"=""15:37:27.773""",640,689,2396.0,-22820.0,-18112.0,32767.0,-14789.0,7022.0, ,"=""15:37:27.773""",640,812,1444.0,-5544.0,23268.0,-32768.0,10714.0,2469.0, 
OFFLINE,N/A,N/A,N/A,N/A,N/A,N/A,N/A,N/A, ,"=""15:37:27.881""",640,689,2396.0,-22820.0,-18112.0,32767.0,-14789.0,7022.0, ,"=""15:37:27.881""",640,680,-1824.0,-22352.0,-21664.0,-18490.0,-5956.0,8113.0, 
OFFLINE,N/A,N/A,N/A,N/A,N/A,N/A,N/A,N/A, ,"=""15:37:27.991""",640,689,2396.0,-22820.0,-18112.0,32767.0,-14789.0,7022.0, ,"=""15:37:27.991""",640,680,-1824.0,-22352.0,-21664.0,-18490.0,-5956.0,8113.0, 
OFFLINE,N/A,N/A,N/A,N/A,N/A,N/A,N/A,N/A, ,"=""15:37:28.099""",640,689,2396.0,-22820.0,-18112.0,32767.0,-14789.0,7022.0, ,"=""15:37:28.099""",640,680,-1824.0,-22352.0,-21664.0,-18490.0,-5956.0,8113.0, 
OFFLINE,N/A,N/A,N/A,N/A,N/A,N/A,N/A,N/A, ,"=""15:37:28.208""",640,689,2396.0,-22820.0,-18112.0,32767.0,-14789.0,7022.0, ,"=""15:37:28.208""",640,680,-1824.0,-22352.0,-21664.0,-18490.0,-5956.0,8113.0, 
OFFLINE,N/A,N/A,N/A,N/A,N/A,N/A,N/A,N/A, ,"=""15:37:28.331""",640,674,9816.0,-10744.0,2364.0,32767.0,-14443.0,-8958.0, ,"=""15:37:28.331""",640,680,-1824.0,-22352.0,-21664.0,-18490.0,-5956.0,8113.0, 
OFFLINE,N/A,N/A,N/A,N/A,N/A,N/A,N/A,N/A, ,"=""15:37:28.441""",640,674,9816.0,-10744.0,2364.0,32767.0,-14443.0,-8958.0, ,"=""15:37:28.441""",640,680,-1824.0,-22352.0,-21664.0,-18490.0,-5956.0,8113.0, 
OFFLINE,N/A,N/A,N/A,N/A,N/A,N/A,N/A,N/A, ,"=""15:37:28.549""",640,674,9816.0,-10744.0,2364.0,32767.0,-14443.0,-8958.0, ,"=""15:37:28.549""",640,680,-1824.0,-22352.0,-21664.0,-18490.0,-5956.0,8113.0, 
OFFLINE,N/A,N/A,N/A,N/A,N/A,N/A,N/A,N/A, ,"=""15:37:28.659""",640,674,9816.0,-10744.0,2364.0,32767.0,-14443.0,-8958.0, ,"=""15:37:28.659""",640,667,-2656.0,-20072.0,-14104.0,32767.0,4527.0,-5084.0, 
OFFLINE,N/A,N/A,N/A,N/A,N/A,N/A,N/A,N/A, ,"=""15:37:28.770""",640,674,9816.0,-10744.0,2364.0,32767.0,-14443.0,-8958.0, ,"=""15:37:28.770""",640,667,-2656.0,-20072.0,-14104.0,32767.0,4527.0,-5084.0, 
OFFLINE,N/A,N/A,N/A,N/A,N/A,N/A,N/A,N/A, ,"=""15:37:28.893""",640,674,9816.0,-10744.0,2364.0,32767.0,-14443.0,-8958.0, ,"=""15:37:28.893""",640,667,-2656.0,-20072.0,-14104.0,32767.0,4527.0,-5084.0, 
OFFLINE,N/A,N/A,N/A,N/A,N/A,N/A,N/A,N/A, ,"=""15:37:29.002""",640,674,9816.0,-10744.0,2364.0,32767.0,-14443.0,-8958.0, ,"=""15:37:29.002""",640,667,-2656.0,-20072.0,-14104.0,32767.0,4527.0,-5084.0, 
OFFLINE,N/A,N/A,N/A,N/A,N/A,N/A,N/A,N/A, ,"=""15:37:29.112""",640,674,9816.0,-10744.0,2364.0,32767.0,-14443.0,-8958.0, ,"=""15:37:29.112""",640,667,-2656.0,-20072.0,-14104.0,32767.0,4527.0,-5084.0, 
OFFLINE,N/A,N/A,N/A,N/A,N/A,N/A,N/A,N/A, ,"=""15:37:29.221""",640,670,1944.0,-15556.0,32767.0,896.0,2733.0,-255.0, ,"=""15:37:29.221""",640,667,-2656.0,-20072.0,-14104.0,32767.0,4527.0,-5084.0, 
OFFLINE,N/A,N/A,N/A,N/A,N/A,N/A,N/A,N/A, ,"=""15:37:29.329""",640,670,1944.0,-15556.0,32767.0,896.0,2733.0,-255.0, ,"=""15:37:29.329""",640,667,-2656.0,-20072.0,-14104.0,32767.0,4527.0,-5084.0, 
OFFLINE,N/A,N/A,N/A,N/A,N/A,N/A,N/A,N/A, ,"=""15:37:29.439""",640,670,1944.0,-15556.0,32767.0,896.0,2733.0,-255.0, ,"=""15:37:29.439""",640,650,-3504.0,4468.0,-18264.0,-27411.0,-672.0,-5462.0, 
OFFLINE,N/A,N/A,N/A,N/A,N/A,N/A,N/A,N/A, ,"=""15:37:29.548""",640,670,1944.0,-15556.0,32767.0,896.0,2733.0,-255.0, ,"=""15:37:29.548""",640,650,-3504.0,4468.0,-18264.0,-27411.0,-672.0,-5462.0, 
OFFLINE,N/A,N/A,N/A,N/A,N/A,N/A,N/A,N/A, ,"=""15:37:29.658""",640,670,1944.0,-15556.0,32767.0,896.0,2733.0,-255.0, ,"=""15:37:29.658""",640,650,-3504.0,4468.0,-18264.0,-27411.0,-672.0,-5462.0, 
OFFLINE,N/A,N/A,N/A,N/A,N/A,N/A,N/A,N/A, ,"=""15:37:29.768""",640,670,1944.0,-15556.0,32767.0,896.0,2733.0,-255.0, ,"=""15:37:29.768""",640,650,-3504.0,4468.0,-18264.0,-27411.0,-672.0,-5462.0, 
OFFLINE,N/A,N/A,N/A,N/A,N/A,N/A,N/A,N/A, ,"=""15:37:29.877""",640,670,1944.0,-15556.0,32767.0,896.0,2733.0,-255.0, ,"=""15:37:29.877""",640,650,-3504.0,4468.0,-18264.0,-27411.0,-672.0,-5462.0, 
OFFLINE,N/A,N/A,N/A,N/A,N/A,N/A,N/A,N/A, ,"=""15:37:29.985""",640,665,3140.0,-6936.0,4476.0,-21490.0,6623.0,1596.0, ,"=""15:37:29.985""",640,650,-3504.0,4468.0,-18264.0,-27411.0,-672.0,-5462.0, 
OFFLINE,N/A,N/A,N/A,N/A,N/A,N/A,N/A,N/A, ,"=""15:37:30.093""",640,665,3140.0,-6936.0,4476.0,-21490.0,6623.0,1596.0, ,"=""15:37:30.093""",640,650,-3504.0,4468.0,-18264.0,-27411.0,-672.0,-5462.0, 
OFFLINE,N/A,N/A,N/A,N/A,N/A,N/A,N/A,N/A, ,"=""15:37:30.203""",640,665,3140.0,-6936.0,4476.0,-21490.0,6623.0,1596.0, ,"=""15:37:30.203""",640,650,-3504.0,4468.0,-18264.0,-27411.0,-672.0,-5462.0, 
OFFLINE,N/A,N/A,N/A,N/A,N/A,N/A,N/A,N/A, ,"=""15:37:30.312""",640,665,3140.0,-6936.0,4476.0,-21490.0,6623.0,1596.0, ,"=""15:37:30.313""",640,639,1520.0,-23160.0,-2340.0,-7575.0,-889.0,3428.0, 
OFFLINE,N/A,N/A,N/A,N/A,N/A,N/A,N/A,N/A, ,"=""15:37:30.423""",640,665,3140.0,-6936.0,4476.0,-21490.0,6623.0,1596.0, ,"=""15:37:30.423""",640,639,1520.0,-23160.0,-2340.0,-7575.0,-889.0,3428.0, 
OFFLINE,N/A,N/A,N/A,N/A,N/A,N/A,N/A,N/A, ,"=""15:37:30.538""",640,665,3140.0,-6936.0,4476.0,-21490.0,6623.0,1596.0, ,"=""15:37:30.538""",640,639,1520.0,-23160.0,-2340.0,-7575.0,-889.0,3428.0, 
OFFLINE,N/A,N/A,N/A,N/A,N/A,N/A,N/A,N/A, ,"=""15:37:30.655""",640,665,3140.0,-6936.0,4476.0,-21490.0,6623.0,1596.0, ,"=""15:37:30.655""",640,639,1520.0,-23160.0,-2340.0,-7575.0,-889.0,3428.0, 
OFFLINE,N/A,N/A,N/A,N/A,N/A,N/A,N/A,N/A, ,"=""15:37:30.765""",640,639,8076.0,-1228.0,11572.0,-32768.0,4888.0,-1349.0, ,"=""15:37:30.766""",640,639,1520.0,-23160.0,-2340.0,-7575.0,-889.0,3428.0, 
OFFLINE,N/A,N/A,N/A,N/A,N/A,N/A,N/A,N/A, ,"=""15:37:30.888""",640,639,8076.0,-1228.0,11572.0,-32768.0,4888.0,-1349.0, ,"=""15:37:30.888""",640,639,1520.0,-23160.0,-2340.0,-7575.0,-889.0,3428.0, 
OFFLINE,N/A,N/A,N/A,N/A,N/A,N/A,N/A,N/A, ,"=""15:37:30.997""",640,639,8076.0,-1228.0,11572.0,-32768.0,4888.0,-1349.0, ,"=""15:37:30.997""",640,641,-612.0,5412.0,-6372.0,5126.0,717.0,3207.0, 
OFFLINE,N/A,N/A,N/A,N/A,N/A,N/A,N/A,N/A, ,"=""15:37:31.106""",640,639,8076.0,-1228.0,11572.0,-32768.0,4888.0,-1349.0, ,"=""15:37:31.107""",640,641,-612.0,5412.0,-6372.0,5126.0,717.0,3207.0, 
OFFLINE,N/A,N/A,N/A,N/A,N/A,N/A,N/A,N/A, ,"=""15:37:31.215""",640,639,8076.0,-1228.0,11572.0,-32768.0,4888.0,-1349.0, ,"=""15:37:31.215""",640,641,-612.0,5412.0,-6372.0,5126.0,717.0,3207.0, 
OFFLINE,N/A,N/A,N/A,N/A,N/A,N/A,N/A,N/A, ,"=""15:37:31.323""",640,639,8076.0,-1228.0,11572.0,-32768.0,4888.0,-1349.0, ,"=""15:37:31.323""",640,641,-612.0,5412.0,-6372.0,5126.0,717.0,3207.0, 
OFFLINE,N/A,N/A,N/A,N/A,N/A,N/A,N/A,N/A, ,"=""15:37:31.433""",640,639,8076.0,-1228.0,11572.0,-32768.0,4888.0,-1349.0, ,"=""15:37:31.433""",640,641,-612.0,5412.0,-6372.0,5126.0,717.0,3207.0, 
OFFLINE,N/A,N/A,N/A,N/A,N/A,N/A,N/A,N/A, ,"=""15:37:31.542""",640,643,8948.0,-1164.0,24844.0,22777.0,-5613.0,-2572.0, ,"=""15:37:31.542""",640,641,-612.0,5412.0,-6372.0,5126.0,717.0,3207.0, 
OFFLINE,N/A,N/A,N/A,N/A,N/A,N/A,N/A,N/A, ,"=""15:37:31.665""",640,643,8948.0,-1164.0,24844.0,22777.0,-5613.0,-2572.0, ,"=""15:37:31.666""",640,641,-612.0,5412.0,-6372.0,5126.0,717.0,3207.0, 
OFFLINE,N/A,N/A,N/A,N/A,N/A,N/A,N/A,N/A, ,"=""15:37:31.774""",640,643,8948.0,-1164.0,24844.0,22777.0,-5613.0,-2572.0, ,"=""15:37:31.774""",640,641,-2340.0,1308.0,-12432.0,15644.0,3173.0,-4196.0, 
OFFLINE,N/A,N/A,N/A,N/A,N/A,N/A,N/A,N/A, ,"=""15:37:31.882""",640,643,8948.0,-1164.0,24844.0,22777.0,-5613.0,-2572.0, ,"=""15:37:31.882""",640,641,-2340.0,1308.0,-12432.0,15644.0,3173.0,-4196.0, 
OFFLINE,N/A,N/A,N/A,N/A,N/A,N/A,N/A,N/A, ,"=""15:37:32.003""",640,643,8948.0,-1164.0,24844.0,22777.0,-5613.0,-2572.0, ,"=""15:37:32.003""",640,641,-2340.0,1308.0,-12432.0,15644.0,3173.0,-4196.0, 
OFFLINE,N/A,N/A,N/A,N/A,N/A,N/A,N/A,N/A, ,"=""15:37:32.128""",640,643,8948.0,-1164.0,24844.0,22777.0,-5613.0,-2572.0, ,"=""15:37:32.128""",640,641,-2340.0,1308.0,-12432.0,15644.0,3173.0,-4196.0, 
OFFLINE,N/A,N/A,N/A,N/A,N/A,N/A,N/A,N/A, ,"=""15:37:32.238""",640,643,8948.0,-1164.0,24844.0,22777.0,-5613.0,-2572.0, ,"=""15:37:32.238""",640,641,-2340.0,1308.0,-12432.0,15644.0,3173.0,-4196.0, 
OFFLINE,N/A,N/A,N/A,N/A,N/A,N/A,N/A,N/A, ,"=""15:37:32.362""",640,638,460.0,-16232.0,11604.0,26889.0,-4149.0,251.0, ,"=""15:37:32.362""",640,641,-2340.0,1308.0,-12432.0,15644.0,3173.0,-4196.0, 
OFFLINE,N/A,N/A,N/A,N/A,N/A,N/A,N/A,N/A, ,"=""15:37:32.470""",640,638,460.0,-16232.0,11604.0,26889.0,-4149.0,251.0, ,"=""15:37:32.470""",720,641,-2340.0,1308.0,-12432.0,15644.0,3173.0,-4196.0, 
OFFLINE,N/A,N/A,N/A,N/A,N/A,N/A,N/A,N/A, ,"=""15:37:32.579""",640,638,460.0,-16232.0,11604.0,26889.0,-4149.0,251.0, ,"=""15:37:32.579""",720,641,-2340.0,1308.0,-12432.0,15644.0,3173.0,-4196.0, 
OFFLINE,N/A,N/A,N/A,N/A,N/A,N/A,N/A,N/A, ,"=""15:37:32.688""",640,638,460.0,-16232.0,11604.0,26889.0,-4149.0,251.0, ,"=""15:37:32.688""",720,641,-10528.0,-10992.0,-19364.0,-22798.0,-2939.0,-4960.0, 
OFFLINE,N/A,N/A,N/A,N/A,N/A,N/A,N/A,N/A, ,"=""15:37:32.798""",640,638,460.0,-16232.0,11604.0,26889.0,-4149.0,251.0, ,"=""15:37:32.798""",720,641,-10528.0,-10992.0,-19364.0,-22798.0,-2939.0,-4960.0, 
OFFLINE,N/A,N/A,N/A,N/A,N/A,N/A,N/A,N/A, ,"=""15:37:32.906""",640,638,460.0,-16232.0,11604.0,26889.0,-4149.0,251.0, ,"=""15:37:32.906""",720,641,-10528.0,-10992.0,-19364.0,-22798.0,-2939.0,-4960.0, 
OFFLINE,N/A,N/A,N/A,N/A,N/A,N/A,N/A,N/A, ,"=""15:37:33.015""",640,638,460.0,-16232.0,11604.0,26889.0,-4149.0,251.0, ,"=""15:37:33.015""",720,641,-10528.0,-10992.0,-19364.0,-22798.0,-2939.0,-4960.0, 
OFFLINE,N/A,N/A,N/A,N/A,N/A,N/A,N/A,N/A, ,"=""15:37:33.130""",640,646,6124.0,1808.0,10996.0,-21651.0,3864.0,8861.0, ,"=""15:37:33.130""",720,641,-10528.0,-10992.0,-19364.0,-22798.0,-2939.0,-4960.0, 
OFFLINE,N/A,N/A,N/A,N/A,N/A,N/A,N/A,N/A, ,"=""15:37:33.235""",640,646,6124.0,1808.0,10996.0,-21651.0,3864.0,8861.0, ,"=""15:37:33.235""",720,641,-10528.0,-10992.0,-19364.0,-22798.0,-2939.0,-4960.0, 
OFFLINE,N/A,N/A,N/A,N/A,N/A,N/A,N/A,N/A, ,"=""15:37:33.345""",640,646,6124.0,1808.0,10996.0,-21651.0,3864.0,8861.0, ,"=""15:37:33.345""",720,641,-10528.0,-10992.0,-19364.0,-22798.0,-2939.0,-4960.0, 
OFFLINE,N/A,N/A,N/A,N/A,N/A,N/A,N/A,N/A, ,"=""15:37:33.454""",640,646,6124.0,1808.0,10996.0,-21651.0,3864.0,8861.0, ,"=""15:37:33.454""",720,689,-10540.0,-16344.0,-22784.0,2993.0,2374.0,5199.0, 
OFFLINE,N/A,N/A,N/A,N/A,N/A,N/A,N/A,N/A, ,"=""15:37:33.564""",640,646,6124.0,1808.0,10996.0,-21651.0,3864.0,8861.0, ,"=""15:37:33.564""",720,689,-10540.0,-16344.0,-22784.0,2993.0,2374.0,5199.0, 
OFFLINE,N/A,N/A,N/A,N/A,N/A,N/A,N/A,N/A, ,"=""15:37:33.673""",640,646,6124.0,1808.0,10996.0,-21651.0,3864.0,8861.0, ,"=""15:37:33.673""",720,689,-10540.0,-16344.0,-22784.0,2993.0,2374.0,5199.0, 
OFFLINE,N/A,N/A,N/A,N/A,N/A,N/A,N/A,N/A, ,"=""15:37:33.782""",640,646,6124.0,1808.0,10996.0,-21651.0,3864.0,8861.0, ,"=""15:37:33.782""",720,689,-10540.0,-16344.0,-22784.0,2993.0,2374.0,5199.0, 
OFFLINE,N/A,N/A,N/A,N/A,N/A,N/A,N/A,N/A, ,"=""15:37:33.891""",640,646,6124.0,1808.0,10996.0,-21651.0,3864.0,8861.0, ,"=""15:37:33.891""",720,689,-10540.0,-16344.0,-22784.0,2993.0,2374.0,5199.0, 
OFFLINE,N/A,N/A,N/A,N/A,N/A,N/A,N/A,N/A, ,"=""15:37:34.001""",640,637,-1892.0,1284.0,16072.0,-18853.0,-910.0,-8911.0, ,"=""15:37:34.001""",720,689,-10540.0,-16344.0,-22784.0,2993.0,2374.0,5199.0, 
OFFLINE,N/A,N/A,N/A,N/A,N/A,N/A,N/A,N/A, ,"=""15:37:34.125""",640,637,-1892.0,1284.0,16072.0,-18853.0,-910.0,-8911.0, ,"=""15:37:34.125""",720,689,-10540.0,-16344.0,-22784.0,2993.0,2374.0,5199.0, 
OFFLINE,N/A,N/A,N/A,N/A,N/A,N/A,N/A,N/A, ,"=""15:37:34.249""",640,637,-1892.0,1284.0,16072.0,-18853.0,-910.0,-8911.0, ,"=""15:37:34.249""",720,701,-9728.0,-1740.0,-22036.0,-24090.0,2906.0,10.0, 
OFFLINE,N/A,N/A,N/A,N/A,N/A,N/A,N/A,N/A, ,"=""15:37:34.357""",640,637,-1892.0,1284.0,16072.0,-18853.0,-910.0,-8911.0, ,"=""15:37:34.357""",720,701,-9728.0,-1740.0,-22036.0,-24090.0,2906.0,10.0, 
OFFLINE,N/A,N/A,N/A,N/A,N/A,N/A,N/A,N/A, ,"=""15:37:34.479""",640,637,-1892.0,1284.0,16072.0,-18853.0,-910.0,-8911.0, ,"=""15:37:34.479""",720,701,-9728.0,-1740.0,-22036.0,-24090.0,2906.0,10.0, 
OFFLINE,N/A,N/A,N/A,N/A,N/A,N/A,N/A,N/A, ,"=""15:37:34.589""",640,637,-1892.0,1284.0,16072.0,-18853.0,-910.0,-8911.0, ,"=""15:37:34.589""",720,701,-9728.0,-1740.0,-22036.0,-24090.0,2906.0,10.0, 
OFFLINE,N/A,N/A,N/A,N/A,N/A,N/A,N/A,N/A, ,"=""15:37:34.703""",640,637,-1892.0,1284.0,16072.0,-18853.0,-910.0,-8911.0, ,"=""15:37:34.703""",720,701,-9728.0,-1740.0,-22036.0,-24090.0,2906.0,10.0, 
OFFLINE,N/A,N/A,N/A,N/A,N/A,N/A,N/A,N/A, ,"=""15:37:34.808""",640,631,1128.0,3048.0,18460.0,27205.0,-6607.0,-1281.0, ,"=""15:37:34.808""",720,701,-9728.0,-1740.0,-22036.0,-24090.0,2906.0,10.0, 
OFFLINE,N/A,N/A,N/A,N/A,N/A,N/A,N/A,N/A, ,"=""15:37:34.917""",640,631,1128.0,3048.0,18460.0,27205.0,-6607.0,-1281.0, ,"=""15:37:34.917""",720,701,-9728.0,-1740.0,-22036.0,-24090.0,2906.0,10.0, 
OFFLINE,N/A,N/A,N/A,N/A,N/A,N/A,N/A,N/A, ,"=""15:37:35.041""",640,631,1128.0,3048.0,18460.0,27205.0,-6607.0,-1281.0, ,"=""15:37:35.041""",720,710,-3628.0,-7276.0,-11496.0,-16771.0,-12187.0,233.0, 
OFFLINE,N/A,N/A,N/A,N/A,N/A,N/A,N/A,N/A, ,"=""15:37:35.151""",640,631,1128.0,3048.0,18460.0,27205.0,-6607.0,-1281.0, ,"=""15:37:35.151""",720,710,-3628.0,-7276.0,-11496.0,-16771.0,-12187.0,233.0, 
OFFLINE,N/A,N/A,N/A,N/A,N/A,N/A,N/A,N/A, ,"=""15:37:35.261""",640,631,1128.0,3048.0,18460.0,27205.0,-6607.0,-1281.0, ,"=""15:37:35.261""",720,710,-3628.0,-7276.0,-11496.0,-16771.0,-12187.0,233.0, 
OFFLINE,N/A,N/A,N/A,N/A,N/A,N/A,N/A,N/A, ,"=""15:37:35.370""",640,631,1128.0,3048.0,18460.0,27205.0,-6607.0,-1281.0, ,"=""15:37:35.370""",720,710,-3628.0,-7276.0,-11496.0,-16771.0,-12187.0,233.0, 
OFFLINE,N/A,N/A,N/A,N/A,N/A,N/A,N/A,N/A, ,"=""15:37:35.479""",640,631,1128.0,3048.0,18460.0,27205.0,-6607.0,-1281.0, ,"=""15:37:35.479""",720,710,-3628.0,-7276.0,-11496.0,-16771.0,-12187.0,233.0, 
OFFLINE,N/A,N/A,N/A,N/A,N/A,N/A,N/A,N/A, ,"=""15:37:35.588""",640,629,-8528.0,-11740.0,13184.0,19711.0,7529.0,9270.0, ,"=""15:37:35.588""",720,710,-3628.0,-7276.0,-11496.0,-16771.0,-12187.0,233.0, 
OFFLINE,N/A,N/A,N/A,N/A,N/A,N/A,N/A,N/A, ,"=""15:37:35.697""",640,629,-8528.0,-11740.0,13184.0,19711.0,7529.0,9270.0, ,"=""15:37:35.697""",720,710,-3628.0,-7276.0,-11496.0,-16771.0,-12187.0,233.0, 
OFFLINE,N/A,N/A,N/A,N/A,N/A,N/A,N/A,N/A, ,"=""15:37:35.807""",640,629,-8528.0,-11740.0,13184.0,19711.0,7529.0,9270.0, ,"=""15:37:35.807""",720,717,5640.0,-18744.0,8436.0,17360.0,360.0,-2175.0, 
OFFLINE,N/A,N/A,N/A,N/A,N/A,N/A,N/A,N/A, ,"=""15:37:35.916""",640,629,-8528.0,-11740.0,13184.0,19711.0,7529.0,9270.0, ,"=""15:37:35.916""",720,717,5640.0,-18744.0,8436.0,17360.0,360.0,-2175.0, 
OFFLINE,N/A,N/A,N/A,N/A,N/A,N/A,N/A,N/A, ,"=""15:37:36.024""",640,629,-8528.0,-11740.0,13184.0,19711.0,7529.0,9270.0, ,"=""15:37:36.025""",720,717,5640.0,-18744.0,8436.0,17360.0,360.0,-2175.0, 
OFFLINE,N/A,N/A,N/A,N/A,N/A,N/A,N/A,N/A, ,"=""15:37:36.133""",640,629,-8528.0,-11740.0,13184.0,19711.0,7529.0,9270.0, ,"=""15:37:36.133""",720,717,5640.0,-18744.0,8436.0,17360.0,360.0,-2175.0, 
OFFLINE,N/A,N/A,N/A,N/A,N/A,N/A,N/A,N/A, ,"=""15:37:36.241""",640,629,-8528.0,-11740.0,13184.0,19711.0,7529.0,9270.0, ,"=""15:37:36.241""",720,717,5640.0,-18744.0,8436.0,17360.0,360.0,-2175.0, 
OFFLINE,N/A,N/A,N/A,N/A,N/A,N/A,N/A,N/A, ,"=""15:37:36.352""",640,632,21808.0,-8684.0,9872.0,-32768.0,6641.0,-5438.0, ,"=""15:37:36.352""",720,717,5640.0,-18744.0,8436.0,17360.0,360.0,-2175.0, 
OFFLINE,N/A,N/A,N/A,N/A,N/A,N/A,N/A,N/A, ,"=""15:37:36.461""",640,632,21808.0,-8684.0,9872.0,-32768.0,6641.0,-5438.0, ,"=""15:37:36.462""",720,717,5640.0,-18744.0,8436.0,17360.0,360.0,-2175.0, 
OFFLINE,N/A,N/A,N/A,N/A,N/A,N/A,N/A,N/A, ,"=""15:37:36.570""",640,632,21808.0,-8684.0,9872.0,-32768.0,6641.0,-5438.0, ,"=""15:37:36.570""",720,715,-15816.0,-4168.0,-23972.0,7602.0,4026.0,13.0, 
OFFLINE,N/A,N/A,N/A,N/A,N/A,N/A,N/A,N/A, ,"=""15:37:36.678""",640,632,21808.0,-8684.0,9872.0,-32768.0,6641.0,-5438.0, ,"=""15:37:36.678""",720,715,-15816.0,-4168.0,-23972.0,7602.0,4026.0,13.0, 
OFFLINE,N/A,N/A,N/A,N/A,N/A,N/A,N/A,N/A, ,"=""15:37:36.787""",640,632,21808.0,-8684.0,9872.0,-32768.0,6641.0,-5438.0, ,"=""15:37:36.787""",720,715,-15816.0,-4168.0,-23972.0,7602.0,4026.0,13.0, 
OFFLINE,N/A,N/A,N/A,N/A,N/A,N/A,N/A,N/A, ,"=""15:37:36.897""",640,632,21808.0,-8684.0,9872.0,-32768.0,6641.0,-5438.0, ,"=""15:37:36.897""",720,715,-15816.0,-4168.0,-23972.0,7602.0,4026.0,13.0, 
OFFLINE,N/A,N/A,N/A,N/A,N/A,N/A,N/A,N/A, ,"=""15:37:37.006""",640,632,21808.0,-8684.0,9872.0,-32768.0,6641.0,-5438.0, ,"=""15:37:37.006""",720,715,-15816.0,-4168.0,-23972.0,7602.0,4026.0,13.0, 
OFFLINE,N/A,N/A,N/A,N/A,N/A,N/A,N/A,N/A, ,"=""15:37:37.115""",640,638,-9728.0,7220.0,-3264.0,-13988.0,-11647.0,-293.0, ,"=""15:37:37.115""",720,715,-15816.0,-4168.0,-23972.0,7602.0,4026.0,13.0, 
OFFLINE,N/A,N/A,N/A,N/A,N/A,N/A,N/A,N/A, ,"=""15:37:37.226""",640,638,-9728.0,7220.0,-3264.0,-13988.0,-11647.0,-293.0, ,"=""15:37:37.226""",720,715,-15816.0,-4168.0,-23972.0,7602.0,4026.0,13.0, 
OFFLINE,N/A,N/A,N/A,N/A,N/A,N/A,N/A,N/A, ,"=""15:37:37.348""",640,638,-9728.0,7220.0,-3264.0,-13988.0,-11647.0,-293.0, ,"=""15:37:37.348""",720,715,-15816.0,-4168.0,-23972.0,7602.0,4026.0,13.0, 
OFFLINE,N/A,N/A,N/A,N/A,N/A,N/A,N/A,N/A, ,"=""15:37:37.458""",640,638,-9728.0,7220.0,-3264.0,-13988.0,-11647.0,-293.0, ,"=""15:37:37.458""",720,717,5916.0,-10504.0,-3088.0,-32768.0,-10536.0,4143.0, 
OFFLINE,N/A,N/A,N/A,N/A,N/A,N/A,N/A,N/A, ,"=""15:37:37.567""",640,638,-9728.0,7220.0,-3264.0,-13988.0,-11647.0,-293.0, ,"=""15:37:37.567""",720,717,5916.0,-10504.0,-3088.0,-32768.0,-10536.0,4143.0, 
OFFLINE,N/A,N/A,N/A,N/A,N/A,N/A,N/A,N/A, ,"=""15:37:37.690""",640,638,-9728.0,7220.0,-3264.0,-13988.0,-11647.0,-293.0, ,"=""15:37:37.690""",720,717,5916.0,-10504.0,-3088.0,-32768.0,-10536.0,4143.0, 
OFFLINE,N/A,N/A,N/A,N/A,N/A,N/A,N/A,N/A, ,"=""15:37:37.816""",640,638,-9728.0,7220.0,-3264.0,-13988.0,-11647.0,-293.0, ,"=""15:37:37.816""",720,717,5916.0,-10504.0,-3088.0,-32768.0,-10536.0,4143.0, 
OFFLINE,N/A,N/A,N/A,N/A,N/A,N/A,N/A,N/A, ,"=""15:37:37.922""",640,648,2980.0,-16004.0,22260.0,19948.0,3402.0,3235.0, ,"=""15:37:37.922""",720,717,5916.0,-10504.0,-3088.0,-32768.0,-10536.0,4143.0, 
OFFLINE,N/A,N/A,N/A,N/A,N/A,N/A,N/A,N/A, ,"=""15:37:38.032""",640,648,2980.0,-16004.0,22260.0,19948.0,3402.0,3235.0, ,"=""15:37:38.032""",720,717,5916.0,-10504.0,-3088.0,-32768.0,-10536.0,4143.0, 
OFFLINE,N/A,N/A,N/A,N/A,N/A,N/A,N/A,N/A, ,"=""15:37:38.155""",640,648,2980.0,-16004.0,22260.0,19948.0,3402.0,3235.0, ,"=""15:37:38.155""",720,717,5916.0,-10504.0,-3088.0,-32768.0,-10536.0,4143.0, 
OFFLINE,N/A,N/A,N/A,N/A,N/A,N/A,N/A,N/A, ,"=""15:37:38.278""",640,648,2980.0,-16004.0,22260.0,19948.0,3402.0,3235.0, ,"=""15:37:38.278""",720,722,-2608.0,-9172.0,-696.0,21665.0,7855.0,-1066.0, 
OFFLINE,N/A,N/A,N/A,N/A,N/A,N/A,N/A,N/A, ,"=""15:37:38.401""",640,648,2980.0,-16004.0,22260.0,19948.0,3402.0,3235.0, ,"=""15:37:38.401""",720,722,-2608.0,-9172.0,-696.0,21665.0,7855.0,-1066.0, 
OFFLINE,N/A,N/A,N/A,N/A,N/A,N/A,N/A,N/A, ,"=""15:37:38.509""",640,648,2980.0,-16004.0,22260.0,19948.0,3402.0,3235.0, ,"=""15:37:38.509""",720,722,-2608.0,-9172.0,-696.0,21665.0,7855.0,-1066.0, 
OFFLINE,N/A,N/A,N/A,N/A,N/A,N/A,N/A,N/A, ,"=""15:37:38.619""",640,648,2980.0,-16004.0,22260.0,19948.0,3402.0,3235.0, ,"=""15:37:38.619""",720,722,-2608.0,-9172.0,-696.0,21665.0,7855.0,-1066.0, 
OFFLINE,N/A,N/A,N/A,N/A,N/A,N/A,N/A,N/A, ,"=""15:37:38.729""",640,648,2980.0,-16004.0,22260.0,19948.0,3402.0,3235.0, ,"=""15:37:38.729""",720,722,-2608.0,-9172.0,-696.0,21665.0,7855.0,-1066.0, 
OFFLINE,N/A,N/A,N/A,N/A,N/A,N/A,N/A,N/A, ,"=""15:37:38.845""",640,645,2836.0,-244.0,21632.0,21836.0,-3609.0,-6943.0, ,"=""15:37:38.845""",720,722,-2608.0,-9172.0,-696.0,21665.0,7855.0,-1066.0, 
OFFLINE,N/A,N/A,N/A,N/A,N/A,N/A,N/A,N/A, ,"=""15:37:38.962""",640,645,2836.0,-244.0,21632.0,21836.0,-3609.0,-6943.0, ,"=""15:37:38.962""",720,722,-2608.0,-9172.0,-696.0,21665.0,7855.0,-1066.0, 
OFFLINE,N/A,N/A,N/A,N/A,N/A,N/A,N/A,N/A, ,"=""15:37:39.085""",640,645,2836.0,-244.0,21632.0,21836.0,-3609.0,-6943.0, ,"=""15:37:39.085""",720,720,-4772.0,-5804.0,-28612.0,-21410.0,-4742.0,-2609.0, 
OFFLINE,N/A,N/A,N/A,N/A,N/A,N/A,N/A,N/A, ,"=""15:37:39.194""",640,645,2836.0,-244.0,21632.0,21836.0,-3609.0,-6943.0, ,"=""15:37:39.194""",720,720,-4772.0,-5804.0,-28612.0,-21410.0,-4742.0,-2609.0, 
OFFLINE,N/A,N/A,N/A,N/A,N/A,N/A,N/A,N/A, ,"=""15:37:39.302""",640,645,2836.0,-244.0,21632.0,21836.0,-3609.0,-6943.0, ,"=""15:37:39.302""",720,720,-4772.0,-5804.0,-28612.0,-21410.0,-4742.0,-2609.0, 
OFFLINE,N/A,N/A,N/A,N/A,N/A,N/A,N/A,N/A, ,"=""15:37:39.425""",640,645,2836.0,-244.0,21632.0,21836.0,-3609.0,-6943.0, ,"=""15:37:39.425""",720,720,-4772.0,-5804.0,-28612.0,-21410.0,-4742.0,-2609.0, 
OFFLINE,N/A,N/A,N/A,N/A,N/A,N/A,N/A,N/A, ,"=""15:37:39.535""",640,641,-6080.0,-11132.0,10356.0,6815.0,-587.0,3942.0, ,"=""15:37:39.535""",720,720,-4772.0,-5804.0,-28612.0,-21410.0,-4742.0,-2609.0, 
OFFLINE,N/A,N/A,N/A,N/A,N/A,N/A,N/A,N/A, ,"=""15:37:39.644""",640,641,-6080.0,-11132.0,10356.0,6815.0,-587.0,3942.0, ,"=""15:37:39.644""",720,720,-4772.0,-5804.0,-28612.0,-21410.0,-4742.0,-2609.0, 
OFFLINE,N/A,N/A,N/A,N/A,N/A,N/A,N/A,N/A, ,"=""15:37:39.753""",640,641,-6080.0,-11132.0,10356.0,6815.0,-587.0,3942.0, ,"=""15:37:39.753""",720,720,-4772.0,-5804.0,-28612.0,-21410.0,-4742.0,-2609.0, 
OFFLINE,N/A,N/A,N/A,N/A,N/A,N/A,N/A,N/A, ,"=""15:37:39.862""",640,641,-6080.0,-11132.0,10356.0,6815.0,-587.0,3942.0, ,"=""15:37:39.862""",720,723,7532.0,-17656.0,2204.0,11440.0,-4767.0,350.0, 
OFFLINE,N/A,N/A,N/A,N/A,N/A,N/A,N/A,N/A, ,"=""15:37:40.001""",640,641,-6080.0,-11132.0,10356.0,6815.0,-587.0,3942.0, ,"=""15:37:40.001""",820,723,7532.0,-17656.0,2204.0,11440.0,-4767.0,350.0, 
OFFLINE,N/A,N/A,N/A,N/A,N/A,N/A,N/A,N/A, ,"=""15:37:40.110""",640,641,-6080.0,-11132.0,10356.0,6815.0,-587.0,3942.0, ,"=""15:37:40.110""",820,723,7532.0,-17656.0,2204.0,11440.0,-4767.0,350.0, 
OFFLINE,N/A,N/A,N/A,N/A,N/A,N/A,N/A,N/A, ,"=""15:37:40.219""",640,641,-6080.0,-11132.0,10356.0,6815.0,-587.0,3942.0, ,"=""15:37:40.219""",820,723,7532.0,-17656.0,2204.0,11440.0,-4767.0,350.0, 
OFFLINE,N/A,N/A,N/A,N/A,N/A,N/A,N/A,N/A, ,"=""15:37:40.328""",640,636,8024.0,-1144.0,11644.0,-32768.0,8562.0,-2859.0, ,"=""15:37:40.328""",820,723,7532.0,-17656.0,2204.0,11440.0,-4767.0,350.0, 
OFFLINE,N/A,N/A,N/A,N/A,N/A,N/A,N/A,N/A, ,"=""15:37:40.436""",640,636,8024.0,-1144.0,11644.0,-32768.0,8562.0,-2859.0, ,"=""15:37:40.436""",820,723,7532.0,-17656.0,2204.0,11440.0,-4767.0,350.0, 
OFFLINE,N/A,N/A,N/A,N/A,N/A,N/A,N/A,N/A, ,"=""15:37:40.545""",640,636,8024.0,-1144.0,11644.0,-32768.0,8562.0,-2859.0, ,"=""15:37:40.545""",820,723,7532.0,-17656.0,2204.0,11440.0,-4767.0,350.0, 
OFFLINE,N/A,N/A,N/A,N/A,N/A,N/A,N/A,N/A, ,"=""15:37:40.654""",640,636,8024.0,-1144.0,11644.0,-32768.0,8562.0,-2859.0, ,"=""15:37:40.654""",820,761,-5224.0,-6536.0,-32768.0,-32768.0,-7605.0,780.0, 
OFFLINE,N/A,N/A,N/A,N/A,N/A,N/A,N/A,N/A, ,"=""15:37:40.762""",640,636,8024.0,-1144.0,11644.0,-32768.0,8562.0,-2859.0, ,"=""15:37:40.762""",820,761,-5224.0,-6536.0,-32768.0,-32768.0,-7605.0,780.0, 
OFFLINE,N/A,N/A,N/A,N/A,N/A,N/A,N/A,N/A, ,"=""15:37:40.872""",640,636,8024.0,-1144.0,11644.0,-32768.0,8562.0,-2859.0, ,"=""15:37:40.872""",820,761,-5224.0,-6536.0,-32768.0,-32768.0,-7605.0,780.0, 
OFFLINE,N/A,N/A,N/A,N/A,N/A,N/A,N/A,N/A, ,"=""15:37:40.982""",640,636,8024.0,-1144.0,11644.0,-32768.0,8562.0,-2859.0, ,"=""15:37:40.982""",820,761,-5224.0,-6536.0,-32768.0,-32768.0,-7605.0,780.0, 
OFFLINE,N/A,N/A,N/A,N/A,N/A,N/A,N/A,N/A, ,"=""15:37:41.091""",640,636,8024.0,-1144.0,11644.0,-32768.0,8562.0,-2859.0, ,"=""15:37:41.091""",820,761,-5224.0,-6536.0,-32768.0,-32768.0,-7605.0,780.0, 
OFFLINE,N/A,N/A,N/A,N/A,N/A,N/A,N/A,N/A, ,"=""15:37:41.199""",640,633,-2036.0,-2452.0,3360.0,-32768.0,-212.0,-12360.0, ,"=""15:37:41.199""",820,761,-5224.0,-6536.0,-32768.0,-32768.0,-7605.0,780.0, 
OFFLINE,N/A,N/A,N/A,N/A,N/A,N/A,N/A,N/A, ,"=""15:37:41.322""",640,633,-2036.0,-2452.0,3360.0,-32768.0,-212.0,-12360.0, ,"=""15:37:41.322""",820,761,-5224.0,-6536.0,-32768.0,-32768.0,-7605.0,780.0, 
OFFLINE,N/A,N/A,N/A,N/A,N/A,N/A,N/A,N/A, ,"=""15:37:41.442""",640,633,-2036.0,-2452.0,3360.0,-32768.0,-212.0,-12360.0, ,"=""15:37:41.442""",820,761,-5224.0,-6536.0,-32768.0,-32768.0,-7605.0,780.0, 
OFFLINE,N/A,N/A,N/A,N/A,N/A,N/A,N/A,N/A, ,"=""15:37:41.557""",640,633,-2036.0,-2452.0,3360.0,-32768.0,-212.0,-12360.0, ,"=""15:37:41.557""",820,795,11504.0,3888.0,32767.0,32767.0,5645.0,2879.0, 
OFFLINE,N/A,N/A,N/A,N/A,N/A,N/A,N/A,N/A, ,"=""15:37:41.666""",640,633,-2036.0,-2452.0,3360.0,-32768.0,-212.0,-12360.0, ,"=""15:37:41.666""",820,795,11504.0,3888.0,32767.0,32767.0,5645.0,2879.0, 
OFFLINE,N/A,N/A,N/A,N/A,N/A,N/A,N/A,N/A, ,"=""15:37:41.775""",640,633,-2036.0,-2452.0,3360.0,-32768.0,-212.0,-12360.0, ,"=""15:37:41.775""",820,795,11504.0,3888.0,32767.0,32767.0,5645.0,2879.0, 
OFFLINE,N/A,N/A,N/A,N/A,N/A,N/A,N/A,N/A, ,"=""15:37:41.884""",640,633,-2036.0,-2452.0,3360.0,-32768.0,-212.0,-12360.0, ,"=""15:37:41.884""",820,795,11504.0,3888.0,32767.0,32767.0,5645.0,2879.0, 
OFFLINE,N/A,N/A,N/A,N/A,N/A,N/A,N/A,N/A, ,"=""15:37:41.993""",640,640,-5180.0,132.0,27036.0,20556.0,5539.0,5206.0, ,"=""15:37:41.993""",820,795,11504.0,3888.0,32767.0,32767.0,5645.0,2879.0, 
OFFLINE,N/A,N/A,N/A,N/A,N/A,N/A,N/A,N/A, ,"=""15:37:42.101""",640,640,-5180.0,132.0,27036.0,20556.0,5539.0,5206.0, ,"=""15:37:42.101""",820,795,11504.0,3888.0,32767.0,32767.0,5645.0,2879.0, 
OFFLINE,N/A,N/A,N/A,N/A,N/A,N/A,N/A,N/A, ,"=""15:37:42.209""",640,640,-5180.0,132.0,27036.0,20556.0,5539.0,5206.0, ,"=""15:37:42.209""",820,813,2516.0,-8720.0,-32768.0,-11695.0,-9302.0,-10552.0, 
OFFLINE,N/A,N/A,N/A,N/A,N/A,N/A,N/A,N/A, ,"=""15:37:42.332""",640,640,-5180.0,132.0,27036.0,20556.0,5539.0,5206.0, ,"=""15:37:42.332""",820,813,2516.0,-8720.0,-32768.0,-11695.0,-9302.0,-10552.0, 
OFFLINE,N/A,N/A,N/A,N/A,N/A,N/A,N/A,N/A, ,"=""15:37:42.440""",640,640,-5180.0,132.0,27036.0,20556.0,5539.0,5206.0, ,"=""15:37:42.440""",820,813,2516.0,-8720.0,-32768.0,-11695.0,-9302.0,-10552.0, 
OFFLINE,N/A,N/A,N/A,N/A,N/A,N/A,N/A,N/A, ,"=""15:37:42.550""",640,640,-5180.0,132.0,27036.0,20556.0,5539.0,5206.0, ,"=""15:37:42.550""",820,813,2516.0,-8720.0,-32768.0,-11695.0,-9302.0,-10552.0, 
OFFLINE,N/A,N/A,N/A,N/A,N/A,N/A,N/A,N/A, ,"=""15:37:42.658""",640,640,-5180.0,132.0,27036.0,20556.0,5539.0,5206.0, ,"=""15:37:42.658""",820,813,2516.0,-8720.0,-32768.0,-11695.0,-9302.0,-10552.0, 
OFFLINE,N/A,N/A,N/A,N/A,N/A,N/A,N/A,N/A, ,"=""15:37:42.781""",640,634,-29244.0,-4020.0,9152.0,32091.0,-9376.0,1404.0, ,"=""15:37:42.781""",820,813,2516.0,-8720.0,-32768.0,-11695.0,-9302.0,-10552.0, 
OFFLINE,N/A,N/A,N/A,N/A,N/A,N/A,N/A,N/A, ,"=""15:37:42.890""",640,634,-29244.0,-4020.0,9152.0,32091.0,-9376.0,1404.0, ,"=""15:37:42.890""",820,813,2516.0,-8720.0,-32768.0,-11695.0,-9302.0,-10552.0, 
OFFLINE,N/A,N/A,N/A,N/A,N/A,N/A,N/A,N/A, ,"=""15:37:43.000""",640,634,-29244.0,-4020.0,9152.0,32091.0,-9376.0,1404.0, ,"=""15:37:43.000""",820,818,-2796.0,-12380.0,-32768.0,-32768.0,-3666.0,868.0, 
OFFLINE,N/A,N/A,N/A,N/A,N/A,N/A,N/A,N/A, ,"=""15:37:43.110""",640,634,-29244.0,-4020.0,9152.0,32091.0,-9376.0,1404.0, ,"=""15:37:43.110""",820,818,-2796.0,-12380.0,-32768.0,-32768.0,-3666.0,868.0, 
OFFLINE,N/A,N/A,N/A,N/A,N/A,N/A,N/A,N/A, ,"=""15:37:43.220""",640,634,-29244.0,-4020.0,9152.0,32091.0,-9376.0,1404.0, ,"=""15:37:43.220""",820,818,-2796.0,-12380.0,-32768.0,-32768.0,-3666.0,868.0, 
OFFLINE,N/A,N/A,N/A,N/A,N/A,N/A,N/A,N/A, ,"=""15:37:43.343""",640,634,-29244.0,-4020.0,9152.0,32091.0,-9376.0,1404.0, ,"=""15:37:43.343""",820,818,-2796.0,-12380.0,-32768.0,-32768.0,-3666.0,868.0, 
OFFLINE,N/A,N/A,N/A,N/A,N/A,N/A,N/A,N/A, ,"=""15:37:43.453""",640,634,-29244.0,-4020.0,9152.0,32091.0,-9376.0,1404.0, ,"=""15:37:43.453""",820,818,-2796.0,-12380.0,-32768.0,-32768.0,-3666.0,868.0, 
OFFLINE,N/A,N/A,N/A,N/A,N/A,N/A,N/A,N/A, ,"=""15:37:43.562""",640,642,3308.0,-26840.0,13788.0,-4425.0,807.0,1749.0, ,"=""15:37:43.562""",820,818,-2796.0,-12380.0,-32768.0,-32768.0,-3666.0,868.0, 
OFFLINE,N/A,N/A,N/A,N/A,N/A,N/A,N/A,N/A, ,"=""15:37:43.672""",640,642,3308.0,-26840.0,13788.0,-4425.0,807.0,1749.0, ,"=""15:37:43.672""",820,818,-2796.0,-12380.0,-32768.0,-32768.0,-3666.0,868.0, 
OFFLINE,N/A,N/A,N/A,N/A,N/A,N/A,N/A,N/A, ,"=""15:37:43.781""",640,642,3308.0,-26840.0,13788.0,-4425.0,807.0,1749.0, ,"=""15:37:43.781""",820,818,-7652.0,4684.0,20184.0,-21716.0,12130.0,3733.0, 
OFFLINE,N/A,N/A,N/A,N/A,N/A,N/A,N/A,N/A, ,"=""15:37:43.891""",640,642,3308.0,-26840.0,13788.0,-4425.0,807.0,1749.0, ,"=""15:37:43.891""",820,818,-7652.0,4684.0,20184.0,-21716.0,12130.0,3733.0, 
OFFLINE,N/A,N/A,N/A,N/A,N/A,N/A,N/A,N/A, ,"=""15:37:44.000""",640,642,3308.0,-26840.0,13788.0,-4425.0,807.0,1749.0, ,"=""15:37:44.000""",820,818,-7652.0,4684.0,20184.0,-21716.0,12130.0,3733.0, 
OFFLINE,N/A,N/A,N/A,N/A,N/A,N/A,N/A,N/A, ,"=""15:37:44.109""",640,642,3308.0,-26840.0,13788.0,-4425.0,807.0,1749.0, ,"=""15:37:44.109""",820,818,-7652.0,4684.0,20184.0,-21716.0,12130.0,3733.0, 
OFFLINE,N/A,N/A,N/A,N/A,N/A,N/A,N/A,N/A, ,"=""15:37:44.218""",640,642,3308.0,-26840.0,13788.0,-4425.0,807.0,1749.0, ,"=""15:37:44.218""",820,818,-7652.0,4684.0,20184.0,-21716.0,12130.0,3733.0, 
OFFLINE,N/A,N/A,N/A,N/A,N/A,N/A,N/A,N/A, ,"=""15:37:44.326""",640,634,7776.0,-4040.0,7148.0,-24579.0,5852.0,-7908.0, ,"=""15:37:44.326""",820,818,-7652.0,4684.0,20184.0,-21716.0,12130.0,3733.0, 
OFFLINE,N/A,N/A,N/A,N/A,N/A,N/A,N/A,N/A, ,"=""15:37:44.434""",640,634,7776.0,-4040.0,7148.0,-24579.0,5852.0,-7908.0, ,"=""15:37:44.434""",820,818,-7652.0,4684.0,20184.0,-21716.0,12130.0,3733.0, 
OFFLINE,N/A,N/A,N/A,N/A,N/A,N/A,N/A,N/A, ,"=""15:37:44.545""",640,634,7776.0,-4040.0,7148.0,-24579.0,5852.0,-7908.0, ,"=""15:37:44.545""",820,818,-7652.0,4684.0,20184.0,-21716.0,12130.0,3733.0, 
OFFLINE,N/A,N/A,N/A,N/A,N/A,N/A,N/A,N/A, ,"=""15:37:44.667""",640,634,7776.0,-4040.0,7148.0,-24579.0,5852.0,-7908.0, ,"=""15:37:44.667""",820,821,17096.0,-19172.0,32767.0,32767.0,6246.0,36.0, 
OFFLINE,N/A,N/A,N/A,N/A,N/A,N/A,N/A,N/A, ,"=""15:37:44.776""",640,634,7776.0,-4040.0,7148.0,-24579.0,5852.0,-7908.0, ,"=""15:37:44.777""",820,821,17096.0,-19172.0,32767.0,32767.0,6246.0,36.0, 
OFFLINE,N/A,N/A,N/A,N/A,N/A,N/A,N/A,N/A, ,"=""15:37:44.900""",640,634,7776.0,-4040.0,7148.0,-24579.0,5852.0,-7908.0, ,"=""15:37:44.900""",820,821,17096.0,-19172.0,32767.0,32767.0,6246.0,36.0, 
OFFLINE,N/A,N/A,N/A,N/A,N/A,N/A,N/A,N/A, ,"=""15:37:45.009""",640,634,7776.0,-4040.0,7148.0,-24579.0,5852.0,-7908.0, ,"=""15:37:45.009""",820,821,17096.0,-19172.0,32767.0,32767.0,6246.0,36.0, 
OFFLINE,N/A,N/A,N/A,N/A,N/A,N/A,N/A,N/A, ,"=""15:37:45.118""",640,647,11512.0,-9868.0,18316.0,22932.0,2648.0,3517.0, ,"=""15:37:45.118""",820,821,17096.0,-19172.0,32767.0,32767.0,6246.0,36.0, 
OFFLINE,N/A,N/A,N/A,N/A,N/A,N/A,N/A,N/A, ,"=""15:37:45.227""",640,647,11512.0,-9868.0,18316.0,22932.0,2648.0,3517.0, ,"=""15:37:45.227""",820,821,17096.0,-19172.0,32767.0,32767.0,6246.0,36.0, 
OFFLINE,N/A,N/A,N/A,N/A,N/A,N/A,N/A,N/A, ,"=""15:37:45.335""",640,647,11512.0,-9868.0,18316.0,22932.0,2648.0,3517.0, ,"=""15:37:45.335""",820,821,17096.0,-19172.0,32767.0,32767.0,6246.0,36.0, 
OFFLINE,N/A,N/A,N/A,N/A,N/A,N/A,N/A,N/A, ,"=""15:37:45.444""",640,647,11512.0,-9868.0,18316.0,22932.0,2648.0,3517.0, ,"=""15:37:45.444""",820,823,-6048.0,-12368.0,11136.0,17975.0,5655.0,-1899.0, 
OFFLINE,N/A,N/A,N/A,N/A,N/A,N/A,N/A,N/A, ,"=""15:37:45.552""",640,647,11512.0,-9868.0,18316.0,22932.0,2648.0,3517.0, ,"=""15:37:45.552""",820,823,-6048.0,-12368.0,11136.0,17975.0,5655.0,-1899.0, 
OFFLINE,N/A,N/A,N/A,N/A,N/A,N/A,N/A,N/A, ,"=""15:37:45.662""",640,647,11512.0,-9868.0,18316.0,22932.0,2648.0,3517.0, ,"=""15:37:45.662""",820,823,-6048.0,-12368.0,11136.0,17975.0,5655.0,-1899.0, 
OFFLINE,N/A,N/A,N/A,N/A,N/A,N/A,N/A,N/A, ,"=""15:37:45.771""",640,647,11512.0,-9868.0,18316.0,22932.0,2648.0,3517.0, ,"=""15:37:45.771""",820,823,-6048.0,-12368.0,11136.0,17975.0,5655.0,-1899.0, 
OFFLINE,N/A,N/A,N/A,N/A,N/A,N/A,N/A,N/A, ,"=""15:37:45.881""",640,647,11512.0,-9868.0,18316.0,22932.0,2648.0,3517.0, ,"=""15:37:45.881""",820,823,-6048.0,-12368.0,11136.0,17975.0,5655.0,-1899.0, 
OFFLINE,N/A,N/A,N/A,N/A,N/A,N/A,N/A,N/A, ,"=""15:37:45.990""",640,638,5980.0,-5816.0,23400.0,32767.0,2269.0,4632.0, ,"=""15:37:45.990""",820,823,-6048.0,-12368.0,11136.0,17975.0,5655.0,-1899.0, 
OFFLINE,N/A,N/A,N/A,N/A,N/A,N/A,N/A,N/A, ,"=""15:37:46.112""",640,638,5980.0,-5816.0,23400.0,32767.0,2269.0,4632.0, ,"=""15:37:46.112""",820,823,-6048.0,-12368.0,11136.0,17975.0,5655.0,-1899.0, 
OFFLINE,N/A,N/A,N/A,N/A,N/A,N/A,N/A,N/A, ,"=""15:37:46.222""",640,638,5980.0,-5816.0,23400.0,32767.0,2269.0,4632.0, ,"=""15:37:46.222""",820,820,6264.0,-26368.0,-32768.0,32767.0,-12860.0,-8997.0, 
OFFLINE,N/A,N/A,N/A,N/A,N/A,N/A,N/A,N/A, ,"=""15:37:46.347""",640,638,5980.0,-5816.0,23400.0,32767.0,2269.0,4632.0, ,"=""15:37:46.348""",820,820,6264.0,-26368.0,-32768.0,32767.0,-12860.0,-8997.0, 
OFFLINE,N/A,N/A,N/A,N/A,N/A,N/A,N/A,N/A, ,"=""15:37:46.457""",640,638,5980.0,-5816.0,23400.0,32767.0,2269.0,4632.0, ,"=""15:37:46.457""",820,820,6264.0,-26368.0,-32768.0,32767.0,-12860.0,-8997.0, 
OFFLINE,N/A,N/A,N/A,N/A,N/A,N/A,N/A,N/A, ,"=""15:37:46.566""",640,638,5980.0,-5816.0,23400.0,32767.0,2269.0,4632.0, ,"=""15:37:46.567""",820,820,6264.0,-26368.0,-32768.0,32767.0,-12860.0,-8997.0, 
OFFLINE,N/A,N/A,N/A,N/A,N/A,N/A,N/A,N/A, ,"=""15:37:46.675""",640,638,5980.0,-5816.0,23400.0,32767.0,2269.0,4632.0, ,"=""15:37:46.675""",820,820,6264.0,-26368.0,-32768.0,32767.0,-12860.0,-8997.0, 
OFFLINE,N/A,N/A,N/A,N/A,N/A,N/A,N/A,N/A, ,"=""15:37:46.785""",640,638,-10024.0,-808.0,1524.0,27733.0,1114.0,8119.0, ,"=""15:37:46.785""",820,820,6264.0,-26368.0,-32768.0,32767.0,-12860.0,-8997.0, 
OFFLINE,N/A,N/A,N/A,N/A,N/A,N/A,N/A,N/A, ,"=""15:37:46.895""",640,638,-10024.0,-808.0,1524.0,27733.0,1114.0,8119.0, ,"=""15:37:46.895""",820,820,6264.0,-26368.0,-32768.0,32767.0,-12860.0,-8997.0, 
OFFLINE,N/A,N/A,N/A,N/A,N/A,N/A,N/A,N/A, ,"=""15:37:47.003""",640,638,-10024.0,-808.0,1524.0,27733.0,1114.0,8119.0, ,"=""15:37:47.003""",820,820,6264.0,-26368.0,-32768.0,32767.0,-12860.0,-8997.0, 
OFFLINE,N/A,N/A,N/A,N/A,N/A,N/A,N/A,N/A, ,"=""15:37:47.126""",640,638,-10024.0,-808.0,1524.0,27733.0,1114.0,8119.0, ,"=""15:37:47.126""",820,817,-9772.0,-10712.0,-32768.0,-30495.0,-9569.0,-1819.0, 
OFFLINE,N/A,N/A,N/A,N/A,N/A,N/A,N/A,N/A, ,"=""15:37:47.235""",640,638,-10024.0,-808.0,1524.0,27733.0,1114.0,8119.0, ,"=""15:37:47.235""",820,817,-9772.0,-10712.0,-32768.0,-30495.0,-9569.0,-1819.0, 
OFFLINE,N/A,N/A,N/A,N/A,N/A,N/A,N/A,N/A, ,"=""15:37:47.344""",640,638,-10024.0,-808.0,1524.0,27733.0,1114.0,8119.0, ,"=""15:37:47.344""",820,817,-9772.0,-10712.0,-32768.0,-30495.0,-9569.0,-1819.0, 
OFFLINE,N/A,N/A,N/A,N/A,N/A,N/A,N/A,N/A, ,"=""15:37:47.452""",640,638,-10024.0,-808.0,1524.0,27733.0,1114.0,8119.0, ,"=""15:37:47.452""",820,817,-9772.0,-10712.0,-32768.0,-30495.0,-9569.0,-1819.0, 
OFFLINE,N/A,N/A,N/A,N/A,N/A,N/A,N/A,N/A, ,"=""15:37:47.576""",640,642,-14080.0,-27076.0,25048.0,-17497.0,433.0,7660.0, ,"=""15:37:47.576""",820,817,-9772.0,-10712.0,-32768.0,-30495.0,-9569.0,-1819.0, 
OFFLINE,N/A,N/A,N/A,N/A,N/A,N/A,N/A,N/A, ,"=""15:37:47.685""",640,642,-14080.0,-27076.0,25048.0,-17497.0,433.0,7660.0, ,"=""15:37:47.685""",820,817,-9772.0,-10712.0,-32768.0,-30495.0,-9569.0,-1819.0, 
OFFLINE,N/A,N/A,N/A,N/A,N/A,N/A,N/A,N/A, ,"=""15:37:47.795""",640,642,-14080.0,-27076.0,25048.0,-17497.0,433.0,7660.0, ,"=""15:37:47.795""",820,817,-9772.0,-10712.0,-32768.0,-30495.0,-9569.0,-1819.0, 
OFFLINE,N/A,N/A,N/A,N/A,N/A,N/A,N/A,N/A, ,"=""15:37:47.905""",640,642,-14080.0,-27076.0,25048.0,-17497.0,433.0,7660.0, ,"=""15:37:47.905""",820,818,-8308.0,7816.0,-21916.0,-32768.0,9148.0,3703.0, 
OFFLINE,N/A,N/A,N/A,N/A,N/A,N/A,N/A,N/A, ,"=""15:37:48.027""",640,642,-14080.0,-27076.0,25048.0,-17497.0,433.0,7660.0, ,"=""15:37:48.027""",820,818,-8308.0,7816.0,-21916.0,-32768.0,9148.0,3703.0, 
OFFLINE,N/A,N/A,N/A,N/A,N/A,N/A,N/A,N/A, ,"=""15:37:48.150""",640,642,-14080.0,-27076.0,25048.0,-17497.0,433.0,7660.0, ,"=""15:37:48.150""",820,818,-8308.0,7816.0,-21916.0,-32768.0,9148.0,3703.0, 
OFFLINE,N/A,N/A,N/A,N/A,N/A,N/A,N/A,N/A, ,"=""15:37:48.275""",640,642,-14080.0,-27076.0,25048.0,-17497.0,433.0,7660.0, ,"=""15:37:48.275""",820,818,-8308.0,7816.0,-21916.0,-32768.0,9148.0,3703.0, 
OFFLINE,N/A,N/A,N/A,N/A,N/A,N/A,N/A,N/A, ,"=""15:37:48.383""",640,637,1952.0,-10352.0,13776.0,-22603.0,-5335.0,-7781.0, ,"=""15:37:48.383""",820,818,-8308.0,7816.0,-21916.0,-32768.0,9148.0,3703.0, 
OFFLINE,N/A,N/A,N/A,N/A,N/A,N/A,N/A,N/A, ,"=""15:37:48.491""",640,637,1952.0,-10352.0,13776.0,-22603.0,-5335.0,-7781.0, ,"=""15:37:48.491""",820,818,-8308.0,7816.0,-21916.0,-32768.0,9148.0,3703.0, 
OFFLINE,N/A,N/A,N/A,N/A,N/A,N/A,N/A,N/A, ,"=""15:37:48.601""",640,637,1952.0,-10352.0,13776.0,-22603.0,-5335.0,-7781.0, ,"=""15:37:48.601""",820,820,-5660.0,8300.0,10816.0,-15651.0,8029.0,5177.0, 
OFFLINE,N/A,N/A,N/A,N/A,N/A,N/A,N/A,N/A, ,"=""15:37:48.709""",640,637,1952.0,-10352.0,13776.0,-22603.0,-5335.0,-7781.0, ,"=""15:37:48.709""",820,820,-5660.0,8300.0,10816.0,-15651.0,8029.0,5177.0, 
OFFLINE,N/A,N/A,N/A,N/A,N/A,N/A,N/A,N/A, ,"=""15:37:48.826""",640,637,1952.0,-10352.0,13776.0,-22603.0,-5335.0,-7781.0, ,"=""15:37:48.826""",820,820,-5660.0,8300.0,10816.0,-15651.0,8029.0,5177.0, 
OFFLINE,N/A,N/A,N/A,N/A,N/A,N/A,N/A,N/A, ,"=""15:37:48.942""",640,637,1952.0,-10352.0,13776.0,-22603.0,-5335.0,-7781.0, ,"=""15:37:48.942""",820,820,-5660.0,8300.0,10816.0,-15651.0,8029.0,5177.0, 
OFFLINE,N/A,N/A,N/A,N/A,N/A,N/A,N/A,N/A, ,"=""15:37:49.050""",640,637,1952.0,-10352.0,13776.0,-22603.0,-5335.0,-7781.0, ,"=""15:37:49.050""",820,820,-5660.0,8300.0,10816.0,-15651.0,8029.0,5177.0, 
OFFLINE,N/A,N/A,N/A,N/A,N/A,N/A,N/A,N/A, ,"=""15:37:49.159""",640,644,9424.0,-3912.0,19720.0,30066.0,-3147.0,-5174.0, ,"=""15:37:49.159""",820,820,-5660.0,8300.0,10816.0,-15651.0,8029.0,5177.0, 
OFFLINE,N/A,N/A,N/A,N/A,N/A,N/A,N/A,N/A, ,"=""15:37:49.269""",640,644,9424.0,-3912.0,19720.0,30066.0,-3147.0,-5174.0, ,"=""15:37:49.269""",820,820,-5660.0,8300.0,10816.0,-15651.0,8029.0,5177.0, 
OFFLINE,N/A,N/A,N/A,N/A,N/A,N/A,N/A,N/A, ,"=""15:37:49.379""",640,644,9424.0,-3912.0,19720.0,30066.0,-3147.0,-5174.0, ,"=""15:37:49.380""",820,820,-5660.0,8300.0,10816.0,-15651.0,8029.0,5177.0, 
OFFLINE,N/A,N/A,N/A,N/A,N/A,N/A,N/A,N/A, ,"=""15:37:49.488""",640,644,9424.0,-3912.0,19720.0,30066.0,-3147.0,-5174.0, ,"=""15:37:49.488""",820,820,-7148.0,-17732.0,32767.0,32767.0,8037.0,-1038.0, 
OFFLINE,N/A,N/A,N/A,N/A,N/A,N/A,N/A,N/A, ,"=""15:37:49.598""",640,644,9424.0,-3912.0,19720.0,30066.0,-3147.0,-5174.0, ,"=""15:37:49.598""",820,820,-7148.0,-17732.0,32767.0,32767.0,8037.0,-1038.0, 
OFFLINE,N/A,N/A,N/A,N/A,N/A,N/A,N/A,N/A, ,"=""15:37:49.707""",640,644,9424.0,-3912.0,19720.0,30066.0,-3147.0,-5174.0, ,"=""15:37:49.707""",820,820,-7148.0,-17732.0,32767.0,32767.0,8037.0,-1038.0, 
OFFLINE,N/A,N/A,N/A,N/A,N/A,N/A,N/A,N/A, ,"=""15:37:49.817""",640,644,9424.0,-3912.0,19720.0,30066.0,-3147.0,-5174.0, ,"=""15:37:49.817""",820,820,-7148.0,-17732.0,32767.0,32767.0,8037.0,-1038.0, 
OFFLINE,N/A,N/A,N/A,N/A,N/A,N/A,N/A,N/A, ,"=""15:37:49.940""",640,635,23564.0,-1176.0,13852.0,29537.0,6147.0,-424.0, ,"=""15:37:49.940""",820,820,-7148.0,-17732.0,32767.0,32767.0,8037.0,-1038.0, 
OFFLINE,N/A,N/A,N/A,N/A,N/A,N/A,N/A,N/A, ,"=""15:37:50.048""",640,635,23564.0,-1176.0,13852.0,29537.0,6147.0,-424.0, ,"=""15:37:50.048""",820,820,-7148.0,-17732.0,32767.0,32767.0,8037.0,-1038.0, 
OFFLINE,N/A,N/A,N/A,N/A,N/A,N/A,N/A,N/A, ,"=""15:37:50.157""",640,635,23564.0,-1176.0,13852.0,29537.0,6147.0,-424.0, ,"=""15:37:50.157""",820,820,-7148.0,-17732.0,32767.0,32767.0,8037.0,-1038.0, 
OFFLINE,N/A,N/A,N/A,N/A,N/A,N/A,N/A,N/A, ,"=""15:37:50.267""",640,635,23564.0,-1176.0,13852.0,29537.0,6147.0,-424.0, ,"=""15:37:50.267""",820,821,13040.0,-15696.0,1176.0,32767.0,-6768.0,-7977.0, 
OFFLINE,N/A,N/A,N/A,N/A,N/A,N/A,N/A,N/A, ,"=""15:37:50.376""",640,635,23564.0,-1176.0,13852.0,29537.0,6147.0,-424.0, ,"=""15:37:50.376""",820,821,13040.0,-15696.0,1176.0,32767.0,-6768.0,-7977.0, 
OFFLINE,N/A,N/A,N/A,N/A,N/A,N/A,N/A,N/A, ,"=""15:37:50.485""",640,635,23564.0,-1176.0,13852.0,29537.0,6147.0,-424.0, ,"=""15:37:50.485""",820,821,13040.0,-15696.0,1176.0,32767.0,-6768.0,-7977.0, 
OFFLINE,N/A,N/A,N/A,N/A,N/A,N/A,N/A,N/A, ,"=""15:37:50.594""",640,635,23564.0,-1176.0,13852.0,29537.0,6147.0,-424.0, ,"=""15:37:50.594""",820,821,13040.0,-15696.0,1176.0,32767.0,-6768.0,-7977.0, 
OFFLINE,N/A,N/A,N/A,N/A,N/A,N/A,N/A,N/A, ,"=""15:37:50.703""",640,635,23564.0,-1176.0,13852.0,29537.0,6147.0,-424.0, ,"=""15:37:50.703""",820,821,13040.0,-15696.0,1176.0,32767.0,-6768.0,-7977.0, 
OFFLINE,N/A,N/A,N/A,N/A,N/A,N/A,N/A,N/A, ,"=""15:37:50.814""",640,642,5548.0,-15604.0,23508.0,17501.0,6107.0,9866.0, ,"=""15:37:50.814""",820,821,13040.0,-15696.0,1176.0,32767.0,-6768.0,-7977.0, 
OFFLINE,N/A,N/A,N/A,N/A,N/A,N/A,N/A,N/A, ,"=""15:37:50.936""",640,642,5548.0,-15604.0,23508.0,17501.0,6107.0,9866.0, ,"=""15:37:50.937""",820,821,13040.0,-15696.0,1176.0,32767.0,-6768.0,-7977.0, 
OFFLINE,N/A,N/A,N/A,N/A,N/A,N/A,N/A,N/A, ,"=""15:37:51.045""",640,642,5548.0,-15604.0,23508.0,17501.0,6107.0,9866.0, ,"=""15:37:51.046""",820,819,-10932.0,-32768.0,-32768.0,21487.0,-13615.0,-261.0, 
OFFLINE,N/A,N/A,N/A,N/A,N/A,N/A,N/A,N/A, ,"=""15:37:51.155""",640,642,5548.0,-15604.0,23508.0,17501.0,6107.0,9866.0, ,"=""15:37:51.155""",820,819,-10932.0,-32768.0,-32768.0,21487.0,-13615.0,-261.0, 
OFFLINE,N/A,N/A,N/A,N/A,N/A,N/A,N/A,N/A, ,"=""15:37:51.264""",640,642,5548.0,-15604.0,23508.0,17501.0,6107.0,9866.0, ,"=""15:37:51.264""",820,819,-10932.0,-32768.0,-32768.0,21487.0,-13615.0,-261.0, 
OFFLINE,N/A,N/A,N/A,N/A,N/A,N/A,N/A,N/A, ,"=""15:37:51.372""",640,642,5548.0,-15604.0,23508.0,17501.0,6107.0,9866.0, ,"=""15:37:51.372""",820,819,-10932.0,-32768.0,-32768.0,21487.0,-13615.0,-261.0, 
OFFLINE,N/A,N/A,N/A,N/A,N/A,N/A,N/A,N/A, ,"=""15:37:51.481""",640,642,5548.0,-15604.0,23508.0,17501.0,6107.0,9866.0, ,"=""15:37:51.481""",820,819,-10932.0,-32768.0,-32768.0,21487.0,-13615.0,-261.0, 
OFFLINE,N/A,N/A,N/A,N/A,N/A,N/A,N/A,N/A, ,"=""15:37:51.590""",640,643,-12084.0,-152.0,16916.0,-32768.0,-2397.0,8213.0, ,"=""15:37:51.590""",820,819,-10932.0,-32768.0,-32768.0,21487.0,-13615.0,-261.0, 
OFFLINE,N/A,N/A,N/A,N/A,N/A,N/A,N/A,N/A, ,"=""15:37:51.699""",640,643,-12084.0,-152.0,16916.0,-32768.0,-2397.0,8213.0, ,"=""15:37:51.699""",820,819,-10932.0,-32768.0,-32768.0,21487.0,-13615.0,-261.0, 
OFFLINE,N/A,N/A,N/A,N/A,N/A,N/A,N/A,N/A, ,"=""15:37:51.809""",640,643,-12084.0,-152.0,16916.0,-32768.0,-2397.0,8213.0, ,"=""15:37:51.809""",820,817,-6088.0,32767.0,-32768.0,-32768.0,-5081.0,-4148.0, 
OFFLINE,N/A,N/A,N/A,N/A,N/A,N/A,N/A,N/A, ,"=""15:37:51.919""",640,643,-12084.0,-152.0,16916.0,-32768.0,-2397.0,8213.0, ,"=""15:37:51.920""",820,817,-6088.0,32767.0,-32768.0,-32768.0,-5081.0,-4148.0, 
OFFLINE,N/A,N/A,N/A,N/A,N/A,N/A,N/A,N/A, ,"=""15:37:52.028""",640,643,-12084.0,-152.0,16916.0,-32768.0,-2397.0,8213.0, ,"=""15:37:52.028""",820,817,-6088.0,32767.0,-32768.0,-32768.0,-5081.0,-4148.0, 
OFFLINE,N/A,N/A,N/A,N/A,N/A,N/A,N/A,N/A, ,"=""15:37:52.136""",640,643,-12084.0,-152.0,16916.0,-32768.0,-2397.0,8213.0, ,"=""15:37:52.136""",820,817,-6088.0,32767.0,-32768.0,-32768.0,-5081.0,-4148.0, 
OFFLINE,N/A,N/A,N/A,N/A,N/A,N/A,N/A,N/A, ,"=""15:37:52.245""",640,643,-12084.0,-152.0,16916.0,-32768.0,-2397.0,8213.0, ,"=""15:37:52.245""",820,817,-6088.0,32767.0,-32768.0,-32768.0,-5081.0,-4148.0, 
OFFLINE,N/A,N/A,N/A,N/A,N/A,N/A,N/A,N/A, ,"=""15:37:52.355""",640,638,-7488.0,-17124.0,22088.0,11904.0,-10096.0,-5252.0, ,"=""15:37:52.355""",820,817,-6088.0,32767.0,-32768.0,-32768.0,-5081.0,-4148.0, 
OFFLINE,N/A,N/A,N/A,N/A,N/A,N/A,N/A,N/A, ,"=""15:37:52.464""",640,638,-7488.0,-17124.0,22088.0,11904.0,-10096.0,-5252.0, ,"=""15:37:52.464""",820,817,-6088.0,32767.0,-32768.0,-32768.0,-5081.0,-4148.0, 
OFFLINE,N/A,N/A,N/A,N/A,N/A,N/A,N/A,N/A, ,"=""15:37:52.587""",640,638,-7488.0,-17124.0,22088.0,11904.0,-10096.0,-5252.0, ,"=""15:37:52.587""",820,818,-13728.0,11324.0,-20680.0,-32768.0,6530.0,1621.0, 
OFFLINE,N/A,N/A,N/A,N/A,N/A,N/A,N/A,N/A, ,"=""15:37:52.696""",640,638,-7488.0,-17124.0,22088.0,11904.0,-10096.0,-5252.0, ,"=""15:37:52.696""",820,818,-13728.0,11324.0,-20680.0,-32768.0,6530.0,1621.0, 
OFFLINE,N/A,N/A,N/A,N/A,N/A,N/A,N/A,N/A, ,"=""15:37:52.820""",640,638,-7488.0,-17124.0,22088.0,11904.0,-10096.0,-5252.0, ,"=""15:37:52.820""",820,818,-13728.0,11324.0,-20680.0,-32768.0,6530.0,1621.0, 
OFFLINE,N/A,N/A,N/A,N/A,N/A,N/A,N/A,N/A, ,"=""15:37:52.929""",640,638,-7488.0,-17124.0,22088.0,11904.0,-10096.0,-5252.0, ,"=""15:37:52.929""",820,818,-13728.0,11324.0,-20680.0,-32768.0,6530.0,1621.0, 
OFFLINE,N/A,N/A,N/A,N/A,N/A,N/A,N/A,N/A, ,"=""15:37:53.039""",640,638,-7488.0,-17124.0,22088.0,11904.0,-10096.0,-5252.0, ,"=""15:37:53.039""",820,818,-13728.0,11324.0,-20680.0,-32768.0,6530.0,1621.0, 
OFFLINE,N/A,N/A,N/A,N/A,N/A,N/A,N/A,N/A, ,"=""15:37:53.147""",640,641,5052.0,-6616.0,9644.0,5742.0,287.0,-8238.0, ,"=""15:37:53.147""",820,818,-13728.0,11324.0,-20680.0,-32768.0,6530.0,1621.0, 
OFFLINE,N/A,N/A,N/A,N/A,N/A,N/A,N/A,N/A, ,"=""15:37:53.257""",640,641,5052.0,-6616.0,9644.0,5742.0,287.0,-8238.0, ,"=""15:37:53.257""",820,818,-13728.0,11324.0,-20680.0,-32768.0,6530.0,1621.0, 
OFFLINE,N/A,N/A,N/A,N/A,N/A,N/A,N/A,N/A, ,"=""15:37:53.367""",640,641,5052.0,-6616.0,9644.0,5742.0,287.0,-8238.0, ,"=""15:37:53.367""",820,820,2000.0,-348.0,30096.0,32767.0,1523.0,-18.0, 
OFFLINE,N/A,N/A,N/A,N/A,N/A,N/A,N/A,N/A, ,"=""15:37:53.489""",640,641,5052.0,-6616.0,9644.0,5742.0,287.0,-8238.0, ,"=""15:37:53.489""",820,820,2000.0,-348.0,30096.0,32767.0,1523.0,-18.0, 
OFFLINE,N/A,N/A,N/A,N/A,N/A,N/A,N/A,N/A, ,"=""15:37:53.611""",640,641,5052.0,-6616.0,9644.0,5742.0,287.0,-8238.0, ,"=""15:37:53.611""",820,820,2000.0,-348.0,30096.0,32767.0,1523.0,-18.0, 
OFFLINE,N/A,N/A,N/A,N/A,N/A,N/A,N/A,N/A, ,"=""15:37:53.720""",640,641,5052.0,-6616.0,9644.0,5742.0,287.0,-8238.0, ,"=""15:37:53.720""",820,820,2000.0,-348.0,30096.0,32767.0,1523.0,-18.0, 
OFFLINE,N/A,N/A,N/A,N/A,N/A,N/A,N/A,N/A, ,"=""15:37:53.828""",640,641,5052.0,-6616.0,9644.0,5742.0,287.0,-8238.0, ,"=""15:37:53.829""",820,820,2000.0,-348.0,30096.0,32767.0,1523.0,-18.0, 
OFFLINE,N/A,N/A,N/A,N/A,N/A,N/A,N/A,N/A, ,"=""15:37:53.938""",640,638,28140.0,-2824.0,6940.0,12385.0,-2689.0,-835.0, ,"=""15:37:53.938""",820,820,2000.0,-348.0,30096.0,32767.0,1523.0,-18.0, 
OFFLINE,N/A,N/A,N/A,N/A,N/A,N/A,N/A,N/A, ,"=""15:37:54.048""",640,638,28140.0,-2824.0,6940.0,12385.0,-2689.0,-835.0, ,"=""15:37:54.048""",820,820,2000.0,-348.0,30096.0,32767.0,1523.0,-18.0, 
OFFLINE,N/A,N/A,N/A,N/A,N/A,N/A,N/A,N/A, ,"=""15:37:54.157""",640,638,28140.0,-2824.0,6940.0,12385.0,-2689.0,-835.0, ,"=""15:37:54.157""",820,820,2000.0,-348.0,30096.0,32767.0,1523.0,-18.0, 
OFFLINE,N/A,N/A,N/A,N/A,N/A,N/A,N/A,N/A, ,"=""15:37:54.266""",640,638,28140.0,-2824.0,6940.0,12385.0,-2689.0,-835.0, ,"=""15:37:54.266""",820,822,-9744.0,-29216.0,17252.0,32767.0,-5321.0,1281.0, 
OFFLINE,N/A,N/A,N/A,N/A,N/A,N/A,N/A,N/A, ,"=""15:37:54.374""",640,638,28140.0,-2824.0,6940.0,12385.0,-2689.0,-835.0, ,"=""15:37:54.374""",820,822,-9744.0,-29216.0,17252.0,32767.0,-5321.0,1281.0, 
OFFLINE,N/A,N/A,N/A,N/A,N/A,N/A,N/A,N/A, ,"=""15:37:54.484""",640,638,28140.0,-2824.0,6940.0,12385.0,-2689.0,-835.0, ,"=""15:37:54.484""",820,822,-9744.0,-29216.0,17252.0,32767.0,-5321.0,1281.0, 
OFFLINE,N/A,N/A,N/A,N/A,N/A,N/A,N/A,N/A, ,"=""15:37:54.599""",640,638,28140.0,-2824.0,6940.0,12385.0,-2689.0,-835.0, ,"=""15:37:54.599""",820,822,-9744.0,-29216.0,17252.0,32767.0,-5321.0,1281.0, 
OFFLINE,N/A,N/A,N/A,N/A,N/A,N/A,N/A,N/A, ,"=""15:37:54.719""",640,640,13388.0,10872.0,2052.0,-18946.0,9317.0,1057.0, ,"=""15:37:54.719""",820,822,-9744.0,-29216.0,17252.0,32767.0,-5321.0,1281.0, 
OFFLINE,N/A,N/A,N/A,N/A,N/A,N/A,N/A,N/A, ,"=""15:37:54.828""",640,640,13388.0,10872.0,2052.0,-18946.0,9317.0,1057.0, ,"=""15:37:54.828""",820,822,-9744.0,-29216.0,17252.0,32767.0,-5321.0,1281.0, 
OFFLINE,N/A,N/A,N/A,N/A,N/A,N/A,N/A,N/A, ,"=""15:37:54.937""",640,640,13388.0,10872.0,2052.0,-18946.0,9317.0,1057.0, ,"=""15:37:54.937""",820,822,-9744.0,-29216.0,17252.0,32767.0,-5321.0,1281.0, 
OFFLINE,N/A,N/A,N/A,N/A,N/A,N/A,N/A,N/A, ,"=""15:37:55.046""",640,640,13388.0,10872.0,2052.0,-18946.0,9317.0,1057.0, ,"=""15:37:55.046""",820,821,292.0,-13508.0,-26172.0,32767.0,-14386.0,-462.0, 
OFFLINE,N/A,N/A,N/A,N/A,N/A,N/A,N/A,N/A, ,"=""15:37:55.155""",640,640,13388.0,10872.0,2052.0,-18946.0,9317.0,1057.0, ,"=""15:37:55.155""",820,821,292.0,-13508.0,-26172.0,32767.0,-14386.0,-462.0, 
OFFLINE,N/A,N/A,N/A,N/A,N/A,N/A,N/A,N/A, ,"=""15:37:55.263""",640,640,13388.0,10872.0,2052.0,-18946.0,9317.0,1057.0, ,"=""15:37:55.263""",820,821,292.0,-13508.0,-26172.0,32767.0,-14386.0,-462.0, 
OFFLINE,N/A,N/A,N/A,N/A,N/A,N/A,N/A,N/A, ,"=""15:37:55.373""",640,640,13388.0,10872.0,2052.0,-18946.0,9317.0,1057.0, ,"=""15:37:55.373""",820,821,292.0,-13508.0,-26172.0,32767.0,-14386.0,-462.0, 
OFFLINE,N/A,N/A,N/A,N/A,N/A,N/A,N/A,N/A, ,"=""15:37:55.482""",640,640,13388.0,10872.0,2052.0,-18946.0,9317.0,1057.0, ,"=""15:37:55.482""",820,821,292.0,-13508.0,-26172.0,32767.0,-14386.0,-462.0, 
OFFLINE,N/A,N/A,N/A,N/A,N/A,N/A,N/A,N/A, ,"=""15:37:55.590""",640,643,10400.0,-14284.0,20272.0,-18825.0,-4128.0,8041.0, ,"=""15:37:55.590""",820,821,292.0,-13508.0,-26172.0,32767.0,-14386.0,-462.0, 
OFFLINE,N/A,N/A,N/A,N/A,N/A,N/A,N/A,N/A, ,"=""15:37:55.699""",640,643,10400.0,-14284.0,20272.0,-18825.0,-4128.0,8041.0, ,"=""15:37:55.699""",820,821,292.0,-13508.0,-26172.0,32767.0,-14386.0,-462.0, 
OFFLINE,N/A,N/A,N/A,N/A,N/A,N/A,N/A,N/A, ,"=""15:37:55.808""",640,643,10400.0,-14284.0,20272.0,-18825.0,-4128.0,8041.0, ,"=""15:37:55.808""",820,819,-10428.0,-15096.0,-32768.0,-786.0,-10612.0,-5974.0, 
OFFLINE,N/A,N/A,N/A,N/A,N/A,N/A,N/A,N/A, ,"=""15:37:55.917""",640,643,10400.0,-14284.0,20272.0,-18825.0,-4128.0,8041.0, ,"=""15:37:55.917""",820,819,-10428.0,-15096.0,-32768.0,-786.0,-10612.0,-5974.0, 
OFFLINE,N/A,N/A,N/A,N/A,N/A,N/A,N/A,N/A, ,"=""15:37:56.026""",640,643,10400.0,-14284.0,20272.0,-18825.0,-4128.0,8041.0, ,"=""15:37:56.026""",820,819,-10428.0,-15096.0,-32768.0,-786.0,-10612.0,-5974.0, 
OFFLINE,N/A,N/A,N/A,N/A,N/A,N/A,N/A,N/A, ,"=""15:37:56.134""",640,643,10400.0,-14284.0,20272.0,-18825.0,-4128.0,8041.0, ,"=""15:37:56.134""",820,819,-10428.0,-15096.0,-32768.0,-786.0,-10612.0,-5974.0, 
OFFLINE,N/A,N/A,N/A,N/A,N/A,N/A,N/A,N/A, ,"=""15:37:56.243""",640,643,10400.0,-14284.0,20272.0,-18825.0,-4128.0,8041.0, ,"=""15:37:56.243""",820,819,-10428.0,-15096.0,-32768.0,-786.0,-10612.0,-5974.0, 
OFFLINE,N/A,N/A,N/A,N/A,N/A,N/A,N/A,N/A, ,"=""15:37:56.352""",640,636,-7080.0,-15956.0,32767.0,32767.0,-8691.0,-4438.0, ,"=""15:37:56.352""",820,819,-10428.0,-15096.0,-32768.0,-786.0,-10612.0,-5974.0, 
OFFLINE,N/A,N/A,N/A,N/A,N/A,N/A,N/A,N/A, ,"=""15:37:56.461""",640,636,-7080.0,-15956.0,32767.0,32767.0,-8691.0,-4438.0, ,"=""15:37:56.461""",820,819,-10428.0,-15096.0,-32768.0,-786.0,-10612.0,-5974.0, 
OFFLINE,N/A,N/A,N/A,N/A,N/A,N/A,N/A,N/A, ,"=""15:37:56.571""",640,636,-7080.0,-15956.0,32767.0,32767.0,-8691.0,-4438.0, ,"=""15:37:56.571""",820,819,-10428.0,-15096.0,-32768.0,-786.0,-10612.0,-5974.0, 
OFFLINE,N/A,N/A,N/A,N/A,N/A,N/A,N/A,N/A, ,"=""15:37:56.701""",640,636,-7080.0,-15956.0,32767.0,32767.0,-8691.0,-4438.0, ,"=""15:37:56.701""",520,818,-10172.0,3596.0,-32768.0,-32768.0,2673.0,-1107.0, 
OFFLINE,N/A,N/A,N/A,N/A,N/A,N/A,N/A,N/A, ,"=""15:37:56.839""",640,636,-7080.0,-15956.0,32767.0,32767.0,-8691.0,-4438.0, ,"=""15:37:56.839""",520,818,-10172.0,3596.0,-32768.0,-32768.0,2673.0,-1107.0, 
OFFLINE,N/A,N/A,N/A,N/A,N/A,N/A,N/A,N/A, ,"=""15:37:56.962""",640,636,-7080.0,-15956.0,32767.0,32767.0,-8691.0,-4438.0, ,"=""15:37:56.962""",520,818,-10172.0,3596.0,-32768.0,-32768.0,2673.0,-1107.0, 
OFFLINE,N/A,N/A,N/A,N/A,N/A,N/A,N/A,N/A, ,"=""15:37:57.070""",640,636,-7080.0,-15956.0,32767.0,32767.0,-8691.0,-4438.0, ,"=""15:37:57.070""",520,818,-10172.0,3596.0,-32768.0,-32768.0,2673.0,-1107.0, 
OFFLINE,N/A,N/A,N/A,N/A,N/A,N/A,N/A,N/A, ,"=""15:37:57.193""",640,644,1004.0,-23044.0,24200.0,32767.0,6853.0,1647.0, ,"=""15:37:57.194""",520,818,-10172.0,3596.0,-32768.0,-32768.0,2673.0,-1107.0, 
OFFLINE,N/A,N/A,N/A,N/A,N/A,N/A,N/A,N/A, ,"=""15:37:57.302""",640,644,1004.0,-23044.0,24200.0,32767.0,6853.0,1647.0, ,"=""15:37:57.302""",520,818,-10172.0,3596.0,-32768.0,-32768.0,2673.0,-1107.0, 
OFFLINE,N/A,N/A,N/A,N/A,N/A,N/A,N/A,N/A, ,"=""15:37:57.426""",640,644,1004.0,-23044.0,24200.0,32767.0,6853.0,1647.0, ,"=""15:37:57.426""",520,685,-4116.0,-14300.0,-22364.0,21721.0,2895.0,-3764.0, 
OFFLINE,N/A,N/A,N/A,N/A,N/A,N/A,N/A,N/A, ,"=""15:37:57.535""",640,644,1004.0,-23044.0,24200.0,32767.0,6853.0,1647.0, ,"=""15:37:57.535""",520,685,-4116.0,-14300.0,-22364.0,21721.0,2895.0,-3764.0, 
OFFLINE,N/A,N/A,N/A,N/A,N/A,N/A,N/A,N/A, ,"=""15:37:57.643""",640,644,1004.0,-23044.0,24200.0,32767.0,6853.0,1647.0, ,"=""15:37:57.643""",520,685,-4116.0,-14300.0,-22364.0,21721.0,2895.0,-3764.0, 
OFFLINE,N/A,N/A,N/A,N/A,N/A,N/A,N/A,N/A, ,"=""15:37:57.752""",640,644,1004.0,-23044.0,24200.0,32767.0,6853.0,1647.0, ,"=""15:37:57.752""",520,685,-4116.0,-14300.0,-22364.0,21721.0,2895.0,-3764.0, 
OFFLINE,N/A,N/A,N/A,N/A,N/A,N/A,N/A,N/A, ,"=""15:37:57.859""",640,644,1004.0,-23044.0,24200.0,32767.0,6853.0,1647.0, ,"=""15:37:57.859""",520,685,-4116.0,-14300.0,-22364.0,21721.0,2895.0,-3764.0, 
OFFLINE,N/A,N/A,N/A,N/A,N/A,N/A,N/A,N/A, ,"=""15:37:57.969""",640,637,3840.0,-3740.0,3496.0,-10725.0,-384.0,7265.0, ,"=""15:37:57.969""",520,685,-4116.0,-14300.0,-22364.0,21721.0,2895.0,-3764.0, 
OFFLINE,N/A,N/A,N/A,N/A,N/A,N/A,N/A,N/A, ,"=""15:37:58.080""",640,637,3840.0,-3740.0,3496.0,-10725.0,-384.0,7265.0, ,"=""15:37:58.080""",520,685,-4116.0,-14300.0,-22364.0,21721.0,2895.0,-3764.0, 
OFFLINE,N/A,N/A,N/A,N/A,N/A,N/A,N/A,N/A, ,"=""15:37:58.203""",640,637,3840.0,-3740.0,3496.0,-10725.0,-384.0,7265.0, ,"=""15:37:58.203""",520,582,-1784.0,-17112.0,-8096.0,4085.0,-1305.0,3262.0, 
OFFLINE,N/A,N/A,N/A,N/A,N/A,N/A,N/A,N/A, ,"=""15:37:58.312""",640,637,3840.0,-3740.0,3496.0,-10725.0,-384.0,7265.0, ,"=""15:37:58.312""",520,582,-1784.0,-17112.0,-8096.0,4085.0,-1305.0,3262.0, 
OFFLINE,N/A,N/A,N/A,N/A,N/A,N/A,N/A,N/A, ,"=""15:37:58.422""",640,637,3840.0,-3740.0,3496.0,-10725.0,-384.0,7265.0, ,"=""15:37:58.422""",520,582,-1784.0,-17112.0,-8096.0,4085.0,-1305.0,3262.0, 
OFFLINE,N/A,N/A,N/A,N/A,N/A,N/A,N/A,N/A, ,"=""15:37:58.532""",640,637,3840.0,-3740.0,3496.0,-10725.0,-384.0,7265.0, ,"=""15:37:58.532""",520,582,-1784.0,-17112.0,-8096.0,4085.0,-1305.0,3262.0, 
OFFLINE,N/A,N/A,N/A,N/A,N/A,N/A,N/A,N/A, ,"=""15:37:58.640""",640,637,3840.0,-3740.0,3496.0,-10725.0,-384.0,7265.0, ,"=""15:37:58.640""",550,582,-1784.0,-17112.0,-8096.0,4085.0,-1305.0,3262.0, 
OFFLINE,N/A,N/A,N/A,N/A,N/A,N/A,N/A,N/A, ,"=""15:37:58.750""",640,643,10268.0,7412.0,8468.0,-32768.0,3935.0,396.0, ,"=""15:37:58.750""",550,582,-1784.0,-17112.0,-8096.0,4085.0,-1305.0,3262.0, 
OFFLINE,N/A,N/A,N/A,N/A,N/A,N/A,N/A,N/A, ,"=""15:37:58.858""",640,643,10268.0,7412.0,8468.0,-32768.0,3935.0,396.0, ,"=""15:37:58.859""",550,582,-1784.0,-17112.0,-8096.0,4085.0,-1305.0,3262.0, 
OFFLINE,N/A,N/A,N/A,N/A,N/A,N/A,N/A,N/A, ,"=""15:37:58.981""",640,643,10268.0,7412.0,8468.0,-32768.0,3935.0,396.0, ,"=""15:37:58.982""",550,582,-1784.0,-17112.0,-8096.0,4085.0,-1305.0,3262.0, 
OFFLINE,N/A,N/A,N/A,N/A,N/A,N/A,N/A,N/A, ,"=""15:37:59.091""",640,643,10268.0,7412.0,8468.0,-32768.0,3935.0,396.0, ,"=""15:37:59.091""",550,544,-384.0,-8824.0,-5772.0,-8073.0,-336.0,3974.0, 
OFFLINE,N/A,N/A,N/A,N/A,N/A,N/A,N/A,N/A, ,"=""15:37:59.213""",640,643,10268.0,7412.0,8468.0,-32768.0,3935.0,396.0, ,"=""15:37:59.213""",550,544,-384.0,-8824.0,-5772.0,-8073.0,-336.0,3974.0, 
OFFLINE,N/A,N/A,N/A,N/A,N/A,N/A,N/A,N/A, ,"=""15:37:59.321""",640,643,10268.0,7412.0,8468.0,-32768.0,3935.0,396.0, ,"=""15:37:59.321""",550,544,-384.0,-8824.0,-5772.0,-8073.0,-336.0,3974.0, 
OFFLINE,N/A,N/A,N/A,N/A,N/A,N/A,N/A,N/A, ,"=""15:37:59.429""",640,643,10268.0,7412.0,8468.0,-32768.0,3935.0,396.0, ,"=""15:37:59.429""",550,544,-384.0,-8824.0,-5772.0,-8073.0,-336.0,3974.0, 
OFFLINE,N/A,N/A,N/A,N/A,N/A,N/A,N/A,N/A, ,"=""15:37:59.540""",640,643,5652.0,2900.0,16044.0,31237.0,-1913.0,-1076.0, ,"=""15:37:59.540""",550,544,-384.0,-8824.0,-5772.0,-8073.0,-336.0,3974.0, 
OFFLINE,N/A,N/A,N/A,N/A,N/A,N/A,N/A,N/A, ,"=""15:37:59.648""",640,643,5652.0,2900.0,16044.0,31237.0,-1913.0,-1076.0, ,"=""15:37:59.648""",550,544,-384.0,-8824.0,-5772.0,-8073.0,-336.0,3974.0, 
OFFLINE,N/A,N/A,N/A,N/A,N/A,N/A,N/A,N/A, ,"=""15:37:59.757""",640,643,5652.0,2900.0,16044.0,31237.0,-1913.0,-1076.0, ,"=""15:37:59.757""",550,544,-384.0,-8824.0,-5772.0,-8073.0,-336.0,3974.0, 
OFFLINE,N/A,N/A,N/A,N/A,N/A,N/A,N/A,N/A, ,"=""15:37:59.866""",640,643,5652.0,2900.0,16044.0,31237.0,-1913.0,-1076.0, ,"=""15:37:59.866""",550,548,-3592.0,-1032.0,-10600.0,-1102.0,-2115.0,-1245.0, 
OFFLINE,N/A,N/A,N/A,N/A,N/A,N/A,N/A,N/A, ,"=""15:37:59.975""",640,643,5652.0,2900.0,16044.0,31237.0,-1913.0,-1076.0, ,"=""15:37:59.975""",550,548,-3592.0,-1032.0,-10600.0,-1102.0,-2115.0,-1245.0, 
OFFLINE,N/A,N/A,N/A,N/A,N/A,N/A,N/A,N/A, ,"=""15:38:00.100""",640,643,5652.0,2900.0,16044.0,31237.0,-1913.0,-1076.0, ,"=""15:38:00.100""",550,548,-3592.0,-1032.0,-10600.0,-1102.0,-2115.0,-1245.0, 
OFFLINE,N/A,N/A,N/A,N/A,N/A,N/A,N/A,N/A, ,"=""15:38:00.210""",640,643,5652.0,2900.0,16044.0,31237.0,-1913.0,-1076.0, ,"=""15:38:00.210""",550,548,-3592.0,-1032.0,-10600.0,-1102.0,-2115.0,-1245.0, 
OFFLINE,N/A,N/A,N/A,N/A,N/A,N/A,N/A,N/A, ,"=""15:38:00.320""",640,643,5652.0,2900.0,16044.0,31237.0,-1913.0,-1076.0, ,"=""15:38:00.320""",550,548,-3592.0,-1032.0,-10600.0,-1102.0,-2115.0,-1245.0, 
OFFLINE,N/A,N/A,N/A,N/A,N/A,N/A,N/A,N/A, ,"=""15:38:00.428""",640,639,7044.0,-21064.0,24704.0,19431.0,-6333.0,222.0, ,"=""15:38:00.428""",550,548,-3592.0,-1032.0,-10600.0,-1102.0,-2115.0,-1245.0, 
OFFLINE,N/A,N/A,N/A,N/A,N/A,N/A,N/A,N/A, ,"=""15:38:00.537""",640,639,7044.0,-21064.0,24704.0,19431.0,-6333.0,222.0, ,"=""15:38:00.537""",550,548,-3592.0,-1032.0,-10600.0,-1102.0,-2115.0,-1245.0, 
OFFLINE,N/A,N/A,N/A,N/A,N/A,N/A,N/A,N/A, ,"=""15:38:00.645""",640,639,7044.0,-21064.0,24704.0,19431.0,-6333.0,222.0, ,"=""15:38:00.645""",550,549,-1984.0,-12428.0,-19532.0,-6715.0,-1288.0,-3903.0, 
OFFLINE,N/A,N/A,N/A,N/A,N/A,N/A,N/A,N/A, ,"=""15:38:00.754""",0,639,7044.0,-21064.0,24704.0,19431.0,-6333.0,222.0, ,"=""15:38:00.754""",550,549,-1984.0,-12428.0,-19532.0,-6715.0,-1288.0,-3903.0, 
OFFLINE,N/A,N/A,N/A,N/A,N/A,N/A,N/A,N/A, ,"=""15:38:00.866""",0,639,7044.0,-21064.0,24704.0,19431.0,-6333.0,222.0, ,"=""15:38:00.866""",550,549,-1984.0,-12428.0,-19532.0,-6715.0,-1288.0,-3903.0, 
OFFLINE,N/A,N/A,N/A,N/A,N/A,N/A,N/A,N/A, ,"=""15:38:00.972""",0,639,7044.0,-21064.0,24704.0,19431.0,-6333.0,222.0, ,"=""15:38:00.972""",550,549,-1984.0,-12428.0,-19532.0,-6715.0,-1288.0,-3903.0, 
OFFLINE,N/A,N/A,N/A,N/A,N/A,N/A,N/A,N/A, ,"=""15:38:01.081""",0,639,7044.0,-21064.0,24704.0,19431.0,-6333.0,222.0, ,"=""15:38:01.081""",550,549,-1984.0,-12428.0,-19532.0,-6715.0,-1288.0,-3903.0, 
OFFLINE,N/A,N/A,N/A,N/A,N/A,N/A,N/A,N/A, ,"=""15:38:01.189""",0,256,4940.0,-10248.0,21900.0,10256.0,-2107.0,-2049.0, ,"=""15:38:01.189""",550,549,-1984.0,-12428.0,-19532.0,-6715.0,-1288.0,-3903.0, 
OFFLINE,N/A,N/A,N/A,N/A,N/A,N/A,N/A,N/A, ,"=""15:38:01.298""",0,256,4940.0,-10248.0,21900.0,10256.0,-2107.0,-2049.0, ,"=""15:38:01.298""",550,549,-1984.0,-12428.0,-19532.0,-6715.0,-1288.0,-3903.0, 
OFFLINE,N/A,N/A,N/A,N/A,N/A,N/A,N/A,N/A, ,"=""15:38:01.407""",0,256,4940.0,-10248.0,21900.0,10256.0,-2107.0,-2049.0, ,"=""15:38:01.407""",550,548,-10504.0,-8908.0,-23292.0,-6310.0,769.0,-1081.0, 
OFFLINE,N/A,N/A,N/A,N/A,N/A,N/A,N/A,N/A, ,"=""15:38:01.516""",0,256,4940.0,-10248.0,21900.0,10256.0,-2107.0,-2049.0, ,"=""15:38:01.517""",550,548,-10504.0,-8908.0,-23292.0,-6310.0,769.0,-1081.0, 
OFFLINE,N/A,N/A,N/A,N/A,N/A,N/A,N/A,N/A, ,"=""15:38:01.625""",0,256,4940.0,-10248.0,21900.0,10256.0,-2107.0,-2049.0, ,"=""15:38:01.625""",550,548,-10504.0,-8908.0,-23292.0,-6310.0,769.0,-1081.0, 
OFFLINE,N/A,N/A,N/A,N/A,N/A,N/A,N/A,N/A, ,"=""15:38:01.735""",0,256,4940.0,-10248.0,21900.0,10256.0,-2107.0,-2049.0, ,"=""15:38:01.735""",550,548,-10504.0,-8908.0,-23292.0,-6310.0,769.0,-1081.0, 
OFFLINE,N/A,N/A,N/A,N/A,N/A,N/A,N/A,N/A, ,"=""15:38:01.845""",0,256,4940.0,-10248.0,21900.0,10256.0,-2107.0,-2049.0, ,"=""15:38:01.845""",550,548,-10504.0,-8908.0,-23292.0,-6310.0,769.0,-1081.0, 
OFFLINE,N/A,N/A,N/A,N/A,N/A,N/A,N/A,N/A, ,"=""15:38:01.954""",0,0,3928.0,-6552.0,13932.0,-3711.0,5850.0,1789.0, ,"=""15:38:01.955""",550,548,-10504.0,-8908.0,-23292.0,-6310.0,769.0,-1081.0, 
OFFLINE,N/A,N/A,N/A,N/A,N/A,N/A,N/A,N/A, ,"=""15:38:02.064""",0,0,3928.0,-6552.0,13932.0,-3711.0,5850.0,1789.0, ,"=""15:38:02.064""",550,548,-10504.0,-8908.0,-23292.0,-6310.0,769.0,-1081.0, 
OFFLINE,N/A,N/A,N/A,N/A,N/A,N/A,N/A,N/A, ,"=""15:38:02.186""",0,0,3928.0,-6552.0,13932.0,-3711.0,5850.0,1789.0, ,"=""15:38:02.186""",550,548,-10504.0,-8908.0,-23292.0,-6310.0,769.0,-1081.0, 
OFFLINE,N/A,N/A,N/A,N/A,N/A,N/A,N/A,N/A, ,"=""15:38:02.294""",0,0,3928.0,-6552.0,13932.0,-3711.0,5850.0,1789.0, ,"=""15:38:02.294""",550,550,1916.0,-8108.0,-14504.0,-7719.0,1343.0,-1757.0, 
OFFLINE,N/A,N/A,N/A,N/A,N/A,N/A,N/A,N/A, ,"=""15:38:02.440""",0,0,3928.0,-6552.0,13932.0,-3711.0,5850.0,1789.0, ,"=""15:38:02.440""",550,550,1916.0,-8108.0,-14504.0,-7719.0,1343.0,-1757.0, 
OFFLINE,N/A,N/A,N/A,N/A,N/A,N/A,N/A,N/A, ,"=""15:38:02.557""",0,0,3928.0,-6552.0,13932.0,-3711.0,5850.0,1789.0, ,"=""15:38:02.557""",550,550,1916.0,-8108.0,-14504.0,-7719.0,1343.0,-1757.0, 
OFFLINE,N/A,N/A,N/A,N/A,N/A,N/A,N/A,N/A, ,"=""15:38:02.668""",0,0,3928.0,-6552.0,13932.0,-3711.0,5850.0,1789.0, ,"=""15:38:02.668""",550,550,1916.0,-8108.0,-14504.0,-7719.0,1343.0,-1757.0, 
OFFLINE,N/A,N/A,N/A,N/A,N/A,N/A,N/A,N/A, ,"=""15:38:02.777""",0,0,6416.0,-12280.0,19580.0,-2981.0,4497.0,1537.0, ,"=""15:38:02.777""",550,550,1916.0,-8108.0,-14504.0,-7719.0,1343.0,-1757.0, 
OFFLINE,N/A,N/A,N/A,N/A,N/A,N/A,N/A,N/A, ,"=""15:38:02.885""",0,0,6416.0,-12280.0,19580.0,-2981.0,4497.0,1537.0, ,"=""15:38:02.885""",550,550,1916.0,-8108.0,-14504.0,-7719.0,1343.0,-1757.0, 
OFFLINE,N/A,N/A,N/A,N/A,N/A,N/A,N/A,N/A, ,"=""15:38:03.008""",0,0,6416.0,-12280.0,19580.0,-2981.0,4497.0,1537.0, ,"=""15:38:03.008""",550,550,-5388.0,-6860.0,-12992.0,-7429.0,1552.0,-1399.0, 
OFFLINE,N/A,N/A,N/A,N/A,N/A,N/A,N/A,N/A, ,"=""15:38:03.131""",0,0,6416.0,-12280.0,19580.0,-2981.0,4497.0,1537.0, ,"=""15:38:03.131""",550,550,-5388.0,-6860.0,-12992.0,-7429.0,1552.0,-1399.0, 
OFFLINE,N/A,N/A,N/A,N/A,N/A,N/A,N/A,N/A, ,"=""15:38:03.238""",0,0,6416.0,-12280.0,19580.0,-2981.0,4497.0,1537.0, ,"=""15:38:03.238""",550,550,-5388.0,-6860.0,-12992.0,-7429.0,1552.0,-1399.0, 
OFFLINE,N/A,N/A,N/A,N/A,N/A,N/A,N/A,N/A, ,"=""15:38:03.361""",0,0,6416.0,-12280.0,19580.0,-2981.0,4497.0,1537.0, ,"=""15:38:03.361""",550,550,-5388.0,-6860.0,-12992.0,-7429.0,1552.0,-1399.0, 
OFFLINE,N/A,N/A,N/A,N/A,N/A,N/A,N/A,N/A, ,"=""15:38:03.471""",0,0,6416.0,-12280.0,19580.0,-2981.0,4497.0,1537.0, ,"=""15:38:03.471""",550,550,-5388.0,-6860.0,-12992.0,-7429.0,1552.0,-1399.0, 
OFFLINE,N/A,N/A,N/A,N/A,N/A,N/A,N/A,N/A, ,"=""15:38:03.580""",0,0,5720.0,-12584.0,18636.0,-3882.0,1439.0,-1192.0, ,"=""15:38:03.580""",550,550,-5388.0,-6860.0,-12992.0,-7429.0,1552.0,-1399.0, 
OFFLINE,N/A,N/A,N/A,N/A,N/A,N/A,N/A,N/A, ,"=""15:38:03.703""",0,0,5720.0,-12584.0,18636.0,-3882.0,1439.0,-1192.0, ,"=""15:38:03.703""",550,550,-5388.0,-6860.0,-12992.0,-7429.0,1552.0,-1399.0, 
OFFLINE,N/A,N/A,N/A,N/A,N/A,N/A,N/A,N/A, ,"=""15:38:03.826""",0,0,5720.0,-12584.0,18636.0,-3882.0,1439.0,-1192.0, ,"=""15:38:03.826""",550,550,-768.0,-1684.0,-11464.0,-1814.0,1198.0,-1183.0, 
OFFLINE,N/A,N/A,N/A,N/A,N/A,N/A,N/A,N/A, ,"=""15:38:03.935""",0,0,5720.0,-12584.0,18636.0,-3882.0,1439.0,-1192.0, ,"=""15:38:03.935""",550,550,-768.0,-1684.0,-11464.0,-1814.0,1198.0,-1183.0, 
OFFLINE,N/A,N/A,N/A,N/A,N/A,N/A,N/A,N/A, ,"=""15:38:04.045""",0,0,5720.0,-12584.0,18636.0,-3882.0,1439.0,-1192.0, ,"=""15:38:04.045""",550,550,-768.0,-1684.0,-11464.0,-1814.0,1198.0,-1183.0, 
OFFLINE,N/A,N/A,N/A,N/A,N/A,N/A,N/A,N/A, ,"=""15:38:04.153""",0,0,5720.0,-12584.0,18636.0,-3882.0,1439.0,-1192.0, ,"=""15:38:04.153""",550,550,-768.0,-1684.0,-11464.0,-1814.0,1198.0,-1183.0, 
OFFLINE,N/A,N/A,N/A,N/A,N/A,N/A,N/A,N/A, ,"=""15:38:04.262""",0,0,5720.0,-12584.0,18636.0,-3882.0,1439.0,-1192.0, ,"=""15:38:04.262""",550,550,-768.0,-1684.0,-11464.0,-1814.0,1198.0,-1183.0, 
OFFLINE,N/A,N/A,N/A,N/A,N/A,N/A,N/A,N/A, ,"=""15:38:04.386""",0,0,4084.0,-11196.0,13824.0,-6918.0,-2424.0,-3523.0, ,"=""15:38:04.386""",550,550,-768.0,-1684.0,-11464.0,-1814.0,1198.0,-1183.0, 
OFFLINE,N/A,N/A,N/A,N/A,N/A,N/A,N/A,N/A, ,"=""15:38:04.496""",0,0,4084.0,-11196.0,13824.0,-6918.0,-2424.0,-3523.0, ,"=""15:38:04.496""",550,550,-768.0,-1684.0,-11464.0,-1814.0,1198.0,-1183.0, 
OFFLINE,N/A,N/A,N/A,N/A,N/A,N/A,N/A,N/A, ,"=""15:38:04.604""",0,0,4084.0,-11196.0,13824.0,-6918.0,-2424.0,-3523.0, ,"=""15:38:04.604""",550,551,-3200.0,-3916.0,-9260.0,4090.0,2136.0,-135.0, 
OFFLINE,N/A,N/A,N/A,N/A,N/A,N/A,N/A,N/A, ,"=""15:38:04.713""",0,0,4084.0,-11196.0,13824.0,-6918.0,-2424.0,-3523.0, ,"=""15:38:04.713""",550,551,-3200.0,-3916.0,-9260.0,4090.0,2136.0,-135.0, 
OFFLINE,N/A,N/A,N/A,N/A,N/A,N/A,N/A,N/A, ,"=""15:38:04.822""",0,0,4084.0,-11196.0,13824.0,-6918.0,-2424.0,-3523.0, ,"=""15:38:04.822""",550,551,-3200.0,-3916.0,-9260.0,4090.0,2136.0,-135.0, 
OFFLINE,N/A,N/A,N/A,N/A,N/A,N/A,N/A,N/A, ,"=""15:38:04.947""",0,0,4084.0,-11196.0,13824.0,-6918.0,-2424.0,-3523.0, ,"=""15:38:04.947""",550,551,-3200.0,-3916.0,-9260.0,4090.0,2136.0,-135.0, 
OFFLINE,N/A,N/A,N/A,N/A,N/A,N/A,N/A,N/A, ,"=""15:38:05.057""",0,0,4084.0,-11196.0,13824.0,-6918.0,-2424.0,-3523.0, ,"=""15:38:05.057""",550,551,-3200.0,-3916.0,-9260.0,4090.0,2136.0,-135.0, 
OFFLINE,N/A,N/A,N/A,N/A,N/A,N/A,N/A,N/A, ,"=""15:38:05.166""",0,0,4056.0,-9160.0,16544.0,-6621.0,-5962.0,-5664.0, ,"=""15:38:05.166""",550,551,-3200.0,-3916.0,-9260.0,4090.0,2136.0,-135.0, 
OFFLINE,N/A,N/A,N/A,N/A,N/A,N/A,N/A,N/A, ,"=""15:38:05.274""",0,0,4056.0,-9160.0,16544.0,-6621.0,-5962.0,-5664.0, ,"=""15:38:05.274""",550,551,-3200.0,-3916.0,-9260.0,4090.0,2136.0,-135.0, 
OFFLINE,N/A,N/A,N/A,N/A,N/A,N/A,N/A,N/A, ,"=""15:38:05.384""",0,0,4056.0,-9160.0,16544.0,-6621.0,-5962.0,-5664.0, ,"=""15:38:05.384""",550,549,-1328.0,-3640.0,-4744.0,14812.0,2500.0,657.0, 
OFFLINE,N/A,N/A,N/A,N/A,N/A,N/A,N/A,N/A, ,"=""15:38:05.495""",0,0,4056.0,-9160.0,16544.0,-6621.0,-5962.0,-5664.0, ,"=""15:38:05.495""",550,549,-1328.0,-3640.0,-4744.0,14812.0,2500.0,657.0, 
OFFLINE,N/A,N/A,N/A,N/A,N/A,N/A,N/A,N/A, ,"=""15:38:05.605""",0,0,4056.0,-9160.0,16544.0,-6621.0,-5962.0,-5664.0, ,"=""15:38:05.605""",550,549,-1328.0,-3640.0,-4744.0,14812.0,2500.0,657.0, 
OFFLINE,N/A,N/A,N/A,N/A,N/A,N/A,N/A,N/A, ,"=""15:38:05.714""",0,0,4056.0,-9160.0,16544.0,-6621.0,-5962.0,-5664.0, ,"=""15:38:05.714""",550,549,-1328.0,-3640.0,-4744.0,14812.0,2500.0,657.0, 
OFFLINE,N/A,N/A,N/A,N/A,N/A,N/A,N/A,N/A, ,"=""15:38:05.823""",0,0,4056.0,-9160.0,16544.0,-6621.0,-5962.0,-5664.0, ,"=""15:38:05.823""",550,549,-1328.0,-3640.0,-4744.0,14812.0,2500.0,657.0, 
OFFLINE,N/A,N/A,N/A,N/A,N/A,N/A,N/A,N/A, ,"=""15:38:05.946""",0,0,3712.0,-2852.0,9716.0,161.0,-9091.0,-5809.0, ,"=""15:38:05.946""",550,549,-1328.0,-3640.0,-4744.0,14812.0,2500.0,657.0, 
OFFLINE,N/A,N/A,N/A,N/A,N/A,N/A,N/A,N/A, ,"=""15:38:06.054""",0,0,3712.0,-2852.0,9716.0,161.0,-9091.0,-5809.0, ,"=""15:38:06.054""",550,549,-1328.0,-3640.0,-4744.0,14812.0,2500.0,657.0, 
OFFLINE,N/A,N/A,N/A,N/A,N/A,N/A,N/A,N/A, ,"=""15:38:06.162""",0,0,3712.0,-2852.0,9716.0,161.0,-9091.0,-5809.0, ,"=""15:38:06.162""",550,549,-1328.0,-3640.0,-4744.0,14812.0,2500.0,657.0, 
OFFLINE,N/A,N/A,N/A,N/A,N/A,N/A,N/A,N/A, ,"=""15:38:06.272""",0,0,3712.0,-2852.0,9716.0,161.0,-9091.0,-5809.0, ,"=""15:38:06.272""",550,548,-2900.0,-3488.0,-6748.0,15591.0,1160.0,1617.0, 
OFFLINE,N/A,N/A,N/A,N/A,N/A,N/A,N/A,N/A, ,"=""15:38:06.380""",0,0,3712.0,-2852.0,9716.0,161.0,-9091.0,-5809.0, ,"=""15:38:06.380""",550,548,-2900.0,-3488.0,-6748.0,15591.0,1160.0,1617.0, 
OFFLINE,N/A,N/A,N/A,N/A,N/A,N/A,N/A,N/A, ,"=""15:38:06.489""",0,0,3712.0,-2852.0,9716.0,161.0,-9091.0,-5809.0, ,"=""15:38:06.489""",550,548,-2900.0,-3488.0,-6748.0,15591.0,1160.0,1617.0, 
OFFLINE,N/A,N/A,N/A,N/A,N/A,N/A,N/A,N/A, ,"=""15:38:06.600""",0,0,3712.0,-2852.0,9716.0,161.0,-9091.0,-5809.0, ,"=""15:38:06.600""",550,548,-2900.0,-3488.0,-6748.0,15591.0,1160.0,1617.0, 
OFFLINE,N/A,N/A,N/A,N/A,N/A,N/A,N/A,N/A, ,"=""15:38:06.724""",0,0,3996.0,3268.0,4488.0,-1555.0,-9265.0,-3856.0, ,"=""15:38:06.724""",550,548,-2900.0,-3488.0,-6748.0,15591.0,1160.0,1617.0, 
OFFLINE,N/A,N/A,N/A,N/A,N/A,N/A,N/A,N/A, ,"=""15:38:06.833""",0,0,3996.0,3268.0,4488.0,-1555.0,-9265.0,-3856.0, ,"=""15:38:06.833""",550,548,-2900.0,-3488.0,-6748.0,15591.0,1160.0,1617.0, 
OFFLINE,N/A,N/A,N/A,N/A,N/A,N/A,N/A,N/A, ,"=""15:38:06.942""",0,0,3996.0,3268.0,4488.0,-1555.0,-9265.0,-3856.0, ,"=""15:38:06.942""",550,548,-2900.0,-3488.0,-6748.0,15591.0,1160.0,1617.0, 
OFFLINE,N/A,N/A,N/A,N/A,N/A,N/A,N/A,N/A, ,"=""15:38:07.053""",0,0,3996.0,3268.0,4488.0,-1555.0,-9265.0,-3856.0, ,"=""15:38:07.053""",550,550,-4168.0,-9976.0,-3040.0,10370.0,-1086.0,3343.0, 
OFFLINE,N/A,N/A,N/A,N/A,N/A,N/A,N/A,N/A, ,"=""15:38:07.177""",0,0,3996.0,3268.0,4488.0,-1555.0,-9265.0,-3856.0, ,"=""15:38:07.177""",550,550,-4168.0,-9976.0,-3040.0,10370.0,-1086.0,3343.0, 
OFFLINE,N/A,N/A,N/A,N/A,N/A,N/A,N/A,N/A, ,"=""15:38:07.286""",0,0,3996.0,3268.0,4488.0,-1555.0,-9265.0,-3856.0, ,"=""15:38:07.286""",550,550,-4168.0,-9976.0,-3040.0,10370.0,-1086.0,3343.0, 
OFFLINE,N/A,N/A,N/A,N/A,N/A,N/A,N/A,N/A, ,"=""15:38:07.395""",0,0,3996.0,3268.0,4488.0,-1555.0,-9265.0,-3856.0, ,"=""15:38:07.395""",550,550,-4168.0,-9976.0,-3040.0,10370.0,-1086.0,3343.0, 
OFFLINE,N/A,N/A,N/A,N/A,N/A,N/A,N/A,N/A, ,"=""15:38:07.504""",0,0,3996.0,3268.0,4488.0,-1555.0,-9265.0,-3856.0, ,"=""15:38:07.504""",550,550,-4168.0,-9976.0,-3040.0,10370.0,-1086.0,3343.0, 
OFFLINE,N/A,N/A,N/A,N/A,N/A,N/A,N/A,N/A, ,"=""15:38:07.612""",0,0,2848.0,-2356.0,5308.0,3499.0,-7525.0,-1460.0, ,"=""15:38:07.612""",550,550,-4168.0,-9976.0,-3040.0,10370.0,-1086.0,3343.0, 
OFFLINE,N/A,N/A,N/A,N/A,N/A,N/A,N/A,N/A, ,"=""15:38:07.722""",0,0,2848.0,-2356.0,5308.0,3499.0,-7525.0,-1460.0, ,"=""15:38:07.722""",550,550,-4168.0,-9976.0,-3040.0,10370.0,-1086.0,3343.0, 
OFFLINE,N/A,N/A,N/A,N/A,N/A,N/A,N/A,N/A, ,"=""15:38:07.846""",0,0,2848.0,-2356.0,5308.0,3499.0,-7525.0,-1460.0, ,"=""15:38:07.846""",550,551,-3368.0,-10464.0,-11292.0,9407.0,31.0,2753.0, 
OFFLINE,N/A,N/A,N/A,N/A,N/A,N/A,N/A,N/A, ,"=""15:38:07.955""",0,0,2848.0,-2356.0,5308.0,3499.0,-7525.0,-1460.0, ,"=""15:38:07.955""",550,551,-3368.0,-10464.0,-11292.0,9407.0,31.0,2753.0, 
OFFLINE,N/A,N/A,N/A,N/A,N/A,N/A,N/A,N/A, ,"=""15:38:08.064""",0,0,2848.0,-2356.0,5308.0,3499.0,-7525.0,-1460.0, ,"=""15:38:08.064""",550,551,-3368.0,-10464.0,-11292.0,9407.0,31.0,2753.0, 
OFFLINE,N/A,N/A,N/A,N/A,N/A,N/A,N/A,N/A, ,"=""15:38:08.173""",0,0,2848.0,-2356.0,5308.0,3499.0,-7525.0,-1460.0, ,"=""15:38:08.173""",550,551,-3368.0,-10464.0,-11292.0,9407.0,31.0,2753.0, 
OFFLINE,N/A,N/A,N/A,N/A,N/A,N/A,N/A,N/A, ,"=""15:38:08.281""",0,0,2848.0,-2356.0,5308.0,3499.0,-7525.0,-1460.0, ,"=""15:38:08.281""",550,551,-3368.0,-10464.0,-11292.0,9407.0,31.0,2753.0, 
OFFLINE,N/A,N/A,N/A,N/A,N/A,N/A,N/A,N/A, ,"=""15:38:08.390""",0,0,1412.0,-740.0,3204.0,6395.0,-4214.0,1495.0, ,"=""15:38:08.390""",550,551,-3368.0,-10464.0,-11292.0,9407.0,31.0,2753.0, 
OFFLINE,N/A,N/A,N/A,N/A,N/A,N/A,N/A,N/A, ,"=""15:38:08.500""",0,0,1412.0,-740.0,3204.0,6395.0,-4214.0,1495.0, ,"=""15:38:08.500""",550,551,-3368.0,-10464.0,-11292.0,9407.0,31.0,2753.0, 
OFFLINE,N/A,N/A,N/A,N/A,N/A,N/A,N/A,N/A, ,"=""15:38:08.623""",0,0,1412.0,-740.0,3204.0,6395.0,-4214.0,1495.0, ,"=""15:38:08.623""",550,550,-6428.0,-9012.0,-12756.0,896.0,-1863.0,2173.0, 
OFFLINE,N/A,N/A,N/A,N/A,N/A,N/A,N/A,N/A, ,"=""15:38:08.732""",0,0,1412.0,-740.0,3204.0,6395.0,-4214.0,1495.0, ,"=""15:38:08.732""",550,550,-6428.0,-9012.0,-12756.0,896.0,-1863.0,2173.0, 
OFFLINE,N/A,N/A,N/A,N/A,N/A,N/A,N/A,N/A, ,"=""15:38:08.841""",0,0,1412.0,-740.0,3204.0,6395.0,-4214.0,1495.0, ,"=""15:38:08.841""",550,550,-6428.0,-9012.0,-12756.0,896.0,-1863.0,2173.0, 
OFFLINE,N/A,N/A,N/A,N/A,N/A,N/A,N/A,N/A, ,"=""15:38:08.951""",0,0,1412.0,-740.0,3204.0,6395.0,-4214.0,1495.0, ,"=""15:38:08.951""",550,550,-6428.0,-9012.0,-12756.0,896.0,-1863.0,2173.0, 
OFFLINE,N/A,N/A,N/A,N/A,N/A,N/A,N/A,N/A, ,"=""15:38:09.060""",0,0,1412.0,-740.0,3204.0,6395.0,-4214.0,1495.0, ,"=""15:38:09.061""",550,550,-6428.0,-9012.0,-12756.0,896.0,-1863.0,2173.0, 
OFFLINE,N/A,N/A,N/A,N/A,N/A,N/A,N/A,N/A, ,"=""15:38:09.180""",0,0,1952.0,-2584.0,6384.0,-128.0,481.0,3284.0, ,"=""15:38:09.180""",550,550,-6428.0,-9012.0,-12756.0,896.0,-1863.0,2173.0, 
OFFLINE,N/A,N/A,N/A,N/A,N/A,N/A,N/A,N/A, ,"=""15:38:09.295""",0,0,1952.0,-2584.0,6384.0,-128.0,481.0,3284.0, ,"=""15:38:09.295""",550,550,-6428.0,-9012.0,-12756.0,896.0,-1863.0,2173.0, 
OFFLINE,N/A,N/A,N/A,N/A,N/A,N/A,N/A,N/A, ,"=""15:38:09.405""",0,0,1952.0,-2584.0,6384.0,-128.0,481.0,3284.0, ,"=""15:38:09.405""",550,549,-2132.0,-9104.0,-10204.0,-3545.0,-2288.0,859.0, 
OFFLINE,N/A,N/A,N/A,N/A,N/A,N/A,N/A,N/A, ,"=""15:38:09.516""",0,0,1952.0,-2584.0,6384.0,-128.0,481.0,3284.0, ,"=""15:38:09.516""",550,549,-2132.0,-9104.0,-10204.0,-3545.0,-2288.0,859.0, 
OFFLINE,N/A,N/A,N/A,N/A,N/A,N/A,N/A,N/A, ,"=""15:38:09.624""",0,0,1952.0,-2584.0,6384.0,-128.0,481.0,3284.0, ,"=""15:38:09.624""",550,549,-2132.0,-9104.0,-10204.0,-3545.0,-2288.0,859.0, 
OFFLINE,N/A,N/A,N/A,N/A,N/A,N/A,N/A,N/A, ,"=""15:38:09.735""",0,0,1952.0,-2584.0,6384.0,-128.0,481.0,3284.0, ,"=""15:38:09.735""",550,549,-2132.0,-9104.0,-10204.0,-3545.0,-2288.0,859.0, 
OFFLINE,N/A,N/A,N/A,N/A,N/A,N/A,N/A,N/A, ,"=""15:38:09.843""",-740,0,1952.0,-2584.0,6384.0,-128.0,481.0,3284.0, ,"=""15:38:09.843""",550,549,-2132.0,-9104.0,-10204.0,-3545.0,-2288.0,859.0, 
OFFLINE,N/A,N/A,N/A,N/A,N/A,N/A,N/A,N/A, ,"=""15:38:09.952""",-740,0,2428.0,-10608.0,13476.0,6090.0,4223.0,4071.0, ,"=""15:38:09.952""",550,549,-2132.0,-9104.0,-10204.0,-3545.0,-2288.0,859.0, 
OFFLINE,N/A,N/A,N/A,N/A,N/A,N/A,N/A,N/A, ,"=""15:38:10.075""",-740,0,2428.0,-10608.0,13476.0,6090.0,4223.0,4071.0, ,"=""15:38:10.075""",550,549,-2132.0,-9104.0,-10204.0,-3545.0,-2288.0,859.0, 
OFFLINE,N/A,N/A,N/A,N/A,N/A,N/A,N/A,N/A, ,"=""15:38:10.185""",-740,0,2428.0,-10608.0,13476.0,6090.0,4223.0,4071.0, ,"=""15:38:10.185""",550,548,-2500.0,-8964.0,-9924.0,-4088.0,-3472.0,-674.0, 
OFFLINE,N/A,N/A,N/A,N/A,N/A,N/A,N/A,N/A, ,"=""15:38:10.294""",-740,0,2428.0,-10608.0,13476.0,6090.0,4223.0,4071.0, ,"=""15:38:10.294""",550,548,-2500.0,-8964.0,-9924.0,-4088.0,-3472.0,-674.0, 
OFFLINE,N/A,N/A,N/A,N/A,N/A,N/A,N/A,N/A, ,"=""15:38:10.403""",-740,0,2428.0,-10608.0,13476.0,6090.0,4223.0,4071.0, ,"=""15:38:10.403""",550,548,-2500.0,-8964.0,-9924.0,-4088.0,-3472.0,-674.0, 
OFFLINE,N/A,N/A,N/A,N/A,N/A,N/A,N/A,N/A, ,"=""15:38:10.511""",-740,0,2428.0,-10608.0,13476.0,6090.0,4223.0,4071.0, ,"=""15:38:10.512""",550,548,-2500.0,-8964.0,-9924.0,-4088.0,-3472.0,-674.0, 
OFFLINE,N/A,N/A,N/A,N/A,N/A,N/A,N/A,N/A, ,"=""15:38:10.635""",-740,0,2428.0,-10608.0,13476.0,6090.0,4223.0,4071.0, ,"=""15:38:10.635""",550,548,-2500.0,-8964.0,-9924.0,-4088.0,-3472.0,-674.0, 
OFFLINE,N/A,N/A,N/A,N/A,N/A,N/A,N/A,N/A, ,"=""15:38:10.745""",-740,-438,5904.0,-19340.0,16164.0,2672.0,6544.0,4418.0, ,"=""15:38:10.745""",550,548,-2500.0,-8964.0,-9924.0,-4088.0,-3472.0,-674.0, 
OFFLINE,N/A,N/A,N/A,N/A,N/A,N/A,N/A,N/A, ,"=""15:38:10.855""",-740,-438,5904.0,-19340.0,16164.0,2672.0,6544.0,4418.0, ,"=""15:38:10.855""",550,548,-2500.0,-8964.0,-9924.0,-4088.0,-3472.0,-674.0, 
OFFLINE,N/A,N/A,N/A,N/A,N/A,N/A,N/A,N/A, ,"=""15:38:10.965""",-740,-438,5904.0,-19340.0,16164.0,2672.0,6544.0,4418.0, ,"=""15:38:10.965""",550,548,-2500.0,-8964.0,-9924.0,-4088.0,-3472.0,-674.0, 
OFFLINE,N/A,N/A,N/A,N/A,N/A,N/A,N/A,N/A, ,"=""15:38:11.076""",-740,-438,5904.0,-19340.0,16164.0,2672.0,6544.0,4418.0, ,"=""15:38:11.076""",550,550,12.0,-8072.0,-15192.0,-4696.0,2068.0,-470.0, 
OFFLINE,N/A,N/A,N/A,N/A,N/A,N/A,N/A,N/A, ,"=""15:38:11.185""",-740,-438,5904.0,-19340.0,16164.0,2672.0,6544.0,4418.0, ,"=""15:38:11.185""",550,550,12.0,-8072.0,-15192.0,-4696.0,2068.0,-470.0, 
OFFLINE,N/A,N/A,N/A,N/A,N/A,N/A,N/A,N/A, ,"=""15:38:11.294""",-740,-438,5904.0,-19340.0,16164.0,2672.0,6544.0,4418.0, ,"=""15:38:11.294""",550,550,12.0,-8072.0,-15192.0,-4696.0,2068.0,-470.0, 
OFFLINE,N/A,N/A,N/A,N/A,N/A,N/A,N/A,N/A, ,"=""15:38:11.403""",-740,-438,5904.0,-19340.0,16164.0,2672.0,6544.0,4418.0, ,"=""15:38:11.403""",550,550,12.0,-8072.0,-15192.0,-4696.0,2068.0,-470.0, 
OFFLINE,N/A,N/A,N/A,N/A,N/A,N/A,N/A,N/A, ,"=""15:38:11.512""",-740,-622,4680.0,-4056.0,384.0,-16908.0,3696.0,1972.0, ,"=""15:38:11.512""",550,550,12.0,-8072.0,-15192.0,-4696.0,2068.0,-470.0, 
OFFLINE,N/A,N/A,N/A,N/A,N/A,N/A,N/A,N/A, ,"=""15:38:11.621""",-740,-622,4680.0,-4056.0,384.0,-16908.0,3696.0,1972.0, ,"=""15:38:11.621""",550,550,12.0,-8072.0,-15192.0,-4696.0,2068.0,-470.0, 
OFFLINE,N/A,N/A,N/A,N/A,N/A,N/A,N/A,N/A, ,"=""15:38:11.731""",-740,-622,4680.0,-4056.0,384.0,-16908.0,3696.0,1972.0, ,"=""15:38:11.731""",550,550,12.0,-8072.0,-15192.0,-4696.0,2068.0,-470.0, 
OFFLINE,N/A,N/A,N/A,N/A,N/A,N/A,N/A,N/A, ,"=""15:38:11.842""",-740,-622,4680.0,-4056.0,384.0,-16908.0,3696.0,1972.0, ,"=""15:38:11.842""",550,550,12.0,-8072.0,-15192.0,-4696.0,2068.0,-470.0, 
OFFLINE,N/A,N/A,N/A,N/A,N/A,N/A,N/A,N/A, ,"=""15:38:11.952""",-740,-622,4680.0,-4056.0,384.0,-16908.0,3696.0,1972.0, ,"=""15:38:11.952""",550,553,-2660.0,-17244.0,-24332.0,-11708.0,1275.0,2844.0, 
OFFLINE,N/A,N/A,N/A,N/A,N/A,N/A,N/A,N/A, ,"=""15:38:12.060""",-740,-622,4680.0,-4056.0,384.0,-16908.0,3696.0,1972.0, ,"=""15:38:12.060""",550,553,-2660.0,-17244.0,-24332.0,-11708.0,1275.0,2844.0, 
OFFLINE,N/A,N/A,N/A,N/A,N/A,N/A,N/A,N/A, ,"=""15:38:12.182""",-740,-622,4680.0,-4056.0,384.0,-16908.0,3696.0,1972.0, ,"=""15:38:12.182""",550,553,-2660.0,-17244.0,-24332.0,-11708.0,1275.0,2844.0, 
OFFLINE,N/A,N/A,N/A,N/A,N/A,N/A,N/A,N/A, ,"=""15:38:12.309""",-740,-622,4680.0,-4056.0,384.0,-16908.0,3696.0,1972.0, ,"=""15:38:12.309""",550,553,-2660.0,-17244.0,-24332.0,-11708.0,1275.0,2844.0, 
OFFLINE,N/A,N/A,N/A,N/A,N/A,N/A,N/A,N/A, ,"=""15:38:12.416""",-740,-683,7112.0,-17964.0,7196.0,32767.0,-182.0,-5555.0, ,"=""15:38:12.416""",550,553,-2660.0,-17244.0,-24332.0,-11708.0,1275.0,2844.0, 
OFFLINE,N/A,N/A,N/A,N/A,N/A,N/A,N/A,N/A, ,"=""15:38:12.525""",-740,-683,7112.0,-17964.0,7196.0,32767.0,-182.0,-5555.0, ,"=""15:38:12.525""",550,553,-2660.0,-17244.0,-24332.0,-11708.0,1275.0,2844.0, 
OFFLINE,N/A,N/A,N/A,N/A,N/A,N/A,N/A,N/A, ,"=""15:38:12.633""",-740,-683,7112.0,-17964.0,7196.0,32767.0,-182.0,-5555.0, ,"=""15:38:12.633""",550,550,-2932.0,-28600.0,-26496.0,-14841.0,8227.0,1152.0, 
OFFLINE,N/A,N/A,N/A,N/A,N/A,N/A,N/A,N/A, ,"=""15:38:12.742""",-740,-683,7112.0,-17964.0,7196.0,32767.0,-182.0,-5555.0, ,"=""15:38:12.742""",550,550,-2932.0,-28600.0,-26496.0,-14841.0,8227.0,1152.0, 
OFFLINE,N/A,N/A,N/A,N/A,N/A,N/A,N/A,N/A, ,"=""15:38:12.852""",-740,-683,7112.0,-17964.0,7196.0,32767.0,-182.0,-5555.0, ,"=""15:38:12.852""",550,550,-2932.0,-28600.0,-26496.0,-14841.0,8227.0,1152.0, 
OFFLINE,N/A,N/A,N/A,N/A,N/A,N/A,N/A,N/A, ,"=""15:38:12.967""",-740,-683,7112.0,-17964.0,7196.0,32767.0,-182.0,-5555.0, ,"=""15:38:12.967""",620,550,-2932.0,-28600.0,-26496.0,-14841.0,8227.0,1152.0, 
OFFLINE,N/A,N/A,N/A,N/A,N/A,N/A,N/A,N/A, ,"=""15:38:13.084""",-740,-683,7112.0,-17964.0,7196.0,32767.0,-182.0,-5555.0, ,"=""15:38:13.085""",620,550,-2932.0,-28600.0,-26496.0,-14841.0,8227.0,1152.0, 
OFFLINE,N/A,N/A,N/A,N/A,N/A,N/A,N/A,N/A, ,"=""15:38:13.193""",-740,-693,14896.0,-15504.0,6364.0,32767.0,759.0,-7825.0, ,"=""15:38:13.193""",620,550,-2932.0,-28600.0,-26496.0,-14841.0,8227.0,1152.0, 
OFFLINE,N/A,N/A,N/A,N/A,N/A,N/A,N/A,N/A, ,"=""15:38:13.302""",-740,-693,14896.0,-15504.0,6364.0,32767.0,759.0,-7825.0, ,"=""15:38:13.302""",620,550,-2932.0,-28600.0,-26496.0,-14841.0,8227.0,1152.0, 
OFFLINE,N/A,N/A,N/A,N/A,N/A,N/A,N/A,N/A, ,"=""15:38:13.426""",-740,-693,14896.0,-15504.0,6364.0,32767.0,759.0,-7825.0, ,"=""15:38:13.426""",620,563,-8128.0,-32768.0,-31740.0,-27739.0,6812.0,2945.0, 
OFFLINE,N/A,N/A,N/A,N/A,N/A,N/A,N/A,N/A, ,"=""15:38:13.537""",-740,-693,14896.0,-15504.0,6364.0,32767.0,759.0,-7825.0, ,"=""15:38:13.537""",620,563,-8128.0,-32768.0,-31740.0,-27739.0,6812.0,2945.0, 
OFFLINE,N/A,N/A,N/A,N/A,N/A,N/A,N/A,N/A, ,"=""15:38:13.646""",-740,-693,14896.0,-15504.0,6364.0,32767.0,759.0,-7825.0, ,"=""15:38:13.646""",620,563,-8128.0,-32768.0,-31740.0,-27739.0,6812.0,2945.0, 
OFFLINE,N/A,N/A,N/A,N/A,N/A,N/A,N/A,N/A, ,"=""15:38:13.755""",-740,-693,14896.0,-15504.0,6364.0,32767.0,759.0,-7825.0, ,"=""15:38:13.756""",620,563,-8128.0,-32768.0,-31740.0,-27739.0,6812.0,2945.0, 
OFFLINE,N/A,N/A,N/A,N/A,N/A,N/A,N/A,N/A, ,"=""15:38:13.865""",-740,-693,14896.0,-15504.0,6364.0,32767.0,759.0,-7825.0, ,"=""15:38:13.865""",620,563,-8128.0,-32768.0,-31740.0,-27739.0,6812.0,2945.0, 
OFFLINE,N/A,N/A,N/A,N/A,N/A,N/A,N/A,N/A, ,"=""15:38:13.975""",-740,-705,25336.0,-23784.0,-11768.0,32767.0,-7840.0,-12972.0, ,"=""15:38:13.975""",620,563,-8128.0,-32768.0,-31740.0,-27739.0,6812.0,2945.0, 
OFFLINE,N/A,N/A,N/A,N/A,N/A,N/A,N/A,N/A, ,"=""15:38:14.084""",-740,-705,25336.0,-23784.0,-11768.0,32767.0,-7840.0,-12972.0, ,"=""15:38:14.084""",620,563,-8128.0,-32768.0,-31740.0,-27739.0,6812.0,2945.0, 
OFFLINE,N/A,N/A,N/A,N/A,N/A,N/A,N/A,N/A, ,"=""15:38:14.193""",-740,-705,25336.0,-23784.0,-11768.0,32767.0,-7840.0,-12972.0, ,"=""15:38:14.193""",620,600,-14964.0,-6436.0,-32204.0,26124.0,-5425.0,3574.0, 
OFFLINE,N/A,N/A,N/A,N/A,N/A,N/A,N/A,N/A, ,"=""15:38:14.303""",-740,-705,25336.0,-23784.0,-11768.0,32767.0,-7840.0,-12972.0, ,"=""15:38:14.303""",620,600,-14964.0,-6436.0,-32204.0,26124.0,-5425.0,3574.0, 
OFFLINE,N/A,N/A,N/A,N/A,N/A,N/A,N/A,N/A, ,"=""15:38:14.412""",-740,-705,25336.0,-23784.0,-11768.0,32767.0,-7840.0,-12972.0, ,"=""15:38:14.412""",620,600,-14964.0,-6436.0,-32204.0,26124.0,-5425.0,3574.0, 
OFFLINE,N/A,N/A,N/A,N/A,N/A,N/A,N/A,N/A, ,"=""15:38:14.520""",-740,-705,25336.0,-23784.0,-11768.0,32767.0,-7840.0,-12972.0, ,"=""15:38:14.520""",620,600,-14964.0,-6436.0,-32204.0,26124.0,-5425.0,3574.0, 
OFFLINE,N/A,N/A,N/A,N/A,N/A,N/A,N/A,N/A, ,"=""15:38:14.628""",-740,-705,25336.0,-23784.0,-11768.0,32767.0,-7840.0,-12972.0, ,"=""15:38:14.629""",620,600,-14964.0,-6436.0,-32204.0,26124.0,-5425.0,3574.0, 
OFFLINE,N/A,N/A,N/A,N/A,N/A,N/A,N/A,N/A, ,"=""15:38:14.737""",-740,-716,-9148.0,6880.0,-32768.0,-32768.0,-9519.0,-4439.0, ,"=""15:38:14.737""",620,600,-14964.0,-6436.0,-32204.0,26124.0,-5425.0,3574.0, 
OFFLINE,N/A,N/A,N/A,N/A,N/A,N/A,N/A,N/A, ,"=""15:38:14.848""",-740,-716,-9148.0,6880.0,-32768.0,-32768.0,-9519.0,-4439.0, ,"=""15:38:14.848""",620,600,-14964.0,-6436.0,-32204.0,26124.0,-5425.0,3574.0, 
OFFLINE,N/A,N/A,N/A,N/A,N/A,N/A,N/A,N/A, ,"=""15:38:14.956""",-740,-716,-9148.0,6880.0,-32768.0,-32768.0,-9519.0,-4439.0, ,"=""15:38:14.956""",620,600,-14964.0,-6436.0,-32204.0,26124.0,-5425.0,3574.0, 
OFFLINE,N/A,N/A,N/A,N/A,N/A,N/A,N/A,N/A, ,"=""15:38:15.066""",-740,-716,-9148.0,6880.0,-32768.0,-32768.0,-9519.0,-4439.0, ,"=""15:38:15.066""",620,617,-4736.0,-264.0,9776.0,-8964.0,-3466.0,1345.0, 
OFFLINE,N/A,N/A,N/A,N/A,N/A,N/A,N/A,N/A, ,"=""15:38:15.177""",-740,-716,-9148.0,6880.0,-32768.0,-32768.0,-9519.0,-4439.0, ,"=""15:38:15.177""",620,617,-4736.0,-264.0,9776.0,-8964.0,-3466.0,1345.0, 
OFFLINE,N/A,N/A,N/A,N/A,N/A,N/A,N/A,N/A, ,"=""15:38:15.286""",-740,-716,-9148.0,6880.0,-32768.0,-32768.0,-9519.0,-4439.0, ,"=""15:38:15.286""",620,617,-4736.0,-264.0,9776.0,-8964.0,-3466.0,1345.0, 
OFFLINE,N/A,N/A,N/A,N/A,N/A,N/A,N/A,N/A, ,"=""15:38:15.395""",-740,-716,-9148.0,6880.0,-32768.0,-32768.0,-9519.0,-4439.0, ,"=""15:38:15.395""",620,617,-4736.0,-264.0,9776.0,-8964.0,-3466.0,1345.0, 
OFFLINE,N/A,N/A,N/A,N/A,N/A,N/A,N/A,N/A, ,"=""15:38:15.503""",-740,-716,-9148.0,6880.0,-32768.0,-32768.0,-9519.0,-4439.0, ,"=""15:38:15.503""",620,617,-4736.0,-264.0,9776.0,-8964.0,-3466.0,1345.0, 
OFFLINE,N/A,N/A,N/A,N/A,N/A,N/A,N/A,N/A, ,"=""15:38:15.612""",-740,-718,16168.0,32767.0,32767.0,-32768.0,30761.0,24558.0, ,"=""15:38:15.612""",620,617,-4736.0,-264.0,9776.0,-8964.0,-3466.0,1345.0, 
OFFLINE,N/A,N/A,N/A,N/A,N/A,N/A,N/A,N/A, ,"=""15:38:15.721""",-740,-718,16168.0,32767.0,32767.0,-32768.0,30761.0,24558.0, ,"=""15:38:15.721""",620,617,-4736.0,-264.0,9776.0,-8964.0,-3466.0,1345.0, 
OFFLINE,N/A,N/A,N/A,N/A,N/A,N/A,N/A,N/A, ,"=""15:38:15.830""",-740,-718,16168.0,32767.0,32767.0,-32768.0,30761.0,24558.0, ,"=""15:38:15.830""",620,616,17448.0,-14976.0,1992.0,-10472.0,7471.0,-10998.0, 
OFFLINE,N/A,N/A,N/A,N/A,N/A,N/A,N/A,N/A, ,"=""15:38:15.940""",-740,-718,16168.0,32767.0,32767.0,-32768.0,30761.0,24558.0, ,"=""15:38:15.940""",620,616,17448.0,-14976.0,1992.0,-10472.0,7471.0,-10998.0, 
OFFLINE,N/A,N/A,N/A,N/A,N/A,N/A,N/A,N/A, ,"=""15:38:16.064""",-740,-718,16168.0,32767.0,32767.0,-32768.0,30761.0,24558.0, ,"=""15:38:16.064""",620,616,17448.0,-14976.0,1992.0,-10472.0,7471.0,-10998.0, 
OFFLINE,N/A,N/A,N/A,N/A,N/A,N/A,N/A,N/A, ,"=""15:38:16.173""",-740,-718,16168.0,32767.0,32767.0,-32768.0,30761.0,24558.0, ,"=""15:38:16.173""",620,616,17448.0,-14976.0,1992.0,-10472.0,7471.0,-10998.0, 
OFFLINE,N/A,N/A,N/A,N/A,N/A,N/A,N/A,N/A, ,"=""15:38:16.283""",-740,-718,16168.0,32767.0,32767.0,-32768.0,30761.0,24558.0, ,"=""15:38:16.283""",620,616,17448.0,-14976.0,1992.0,-10472.0,7471.0,-10998.0, 
OFFLINE,N/A,N/A,N/A,N/A,N/A,N/A,N/A,N/A, ,"=""15:38:16.393""",-740,-726,27136.0,-32768.0,-8844.0,20305.0,-3921.0,-15815.0, ,"=""15:38:16.393""",620,616,17448.0,-14976.0,1992.0,-10472.0,7471.0,-10998.0, 
OFFLINE,N/A,N/A,N/A,N/A,N/A,N/A,N/A,N/A, ,"=""15:38:16.503""",-740,-726,27136.0,-32768.0,-8844.0,20305.0,-3921.0,-15815.0, ,"=""15:38:16.503""",620,616,17448.0,-14976.0,1992.0,-10472.0,7471.0,-10998.0, 
OFFLINE,N/A,N/A,N/A,N/A,N/A,N/A,N/A,N/A, ,"=""15:38:16.612""",-740,-726,27136.0,-32768.0,-8844.0,20305.0,-3921.0,-15815.0, ,"=""15:38:16.612""",620,616,17448.0,-14976.0,1992.0,-10472.0,7471.0,-10998.0, 
OFFLINE,N/A,N/A,N/A,N/A,N/A,N/A,N/A,N/A, ,"=""15:38:16.722""",-740,-726,27136.0,-32768.0,-8844.0,20305.0,-3921.0,-15815.0, ,"=""15:38:16.722""",620,620,-7356.0,-2920.0,-32768.0,20761.0,-11732.0,4044.0, 
OFFLINE,N/A,N/A,N/A,N/A,N/A,N/A,N/A,N/A, ,"=""15:38:16.830""",-740,-726,27136.0,-32768.0,-8844.0,20305.0,-3921.0,-15815.0, ,"=""15:38:16.830""",620,620,-7356.0,-2920.0,-32768.0,20761.0,-11732.0,4044.0, 
OFFLINE,N/A,N/A,N/A,N/A,N/A,N/A,N/A,N/A, ,"=""15:38:16.938""",-740,-726,27136.0,-32768.0,-8844.0,20305.0,-3921.0,-15815.0, ,"=""15:38:16.939""",620,620,-7356.0,-2920.0,-32768.0,20761.0,-11732.0,4044.0, 
OFFLINE,N/A,N/A,N/A,N/A,N/A,N/A,N/A,N/A, ,"=""15:38:17.048""",-740,-726,27136.0,-32768.0,-8844.0,20305.0,-3921.0,-15815.0, ,"=""15:38:17.049""",620,620,-7356.0,-2920.0,-32768.0,20761.0,-11732.0,4044.0, 
OFFLINE,N/A,N/A,N/A,N/A,N/A,N/A,N/A,N/A, ,"=""15:38:17.171""",-740,-731,-2440.0,-21140.0,32767.0,7618.0,4595.0,19582.0, ,"=""15:38:17.171""",620,620,-7356.0,-2920.0,-32768.0,20761.0,-11732.0,4044.0, 
OFFLINE,N/A,N/A,N/A,N/A,N/A,N/A,N/A,N/A, ,"=""15:38:17.280""",-740,-731,-2440.0,-21140.0,32767.0,7618.0,4595.0,19582.0, ,"=""15:38:17.280""",620,620,-7356.0,-2920.0,-32768.0,20761.0,-11732.0,4044.0, 
OFFLINE,N/A,N/A,N/A,N/A,N/A,N/A,N/A,N/A, ,"=""15:38:17.389""",-740,-731,-2440.0,-21140.0,32767.0,7618.0,4595.0,19582.0, ,"=""15:38:17.389""",620,619,11344.0,-21996.0,9652.0,-27767.0,7361.0,-9583.0, 
OFFLINE,N/A,N/A,N/A,N/A,N/A,N/A,N/A,N/A, ,"=""15:38:17.499""",-740,-731,-2440.0,-21140.0,32767.0,7618.0,4595.0,19582.0, ,"=""15:38:17.499""",620,619,11344.0,-21996.0,9652.0,-27767.0,7361.0,-9583.0, 
OFFLINE,N/A,N/A,N/A,N/A,N/A,N/A,N/A,N/A, ,"=""15:38:17.622""",-740,-731,-2440.0,-21140.0,32767.0,7618.0,4595.0,19582.0, ,"=""15:38:17.622""",620,619,11344.0,-21996.0,9652.0,-27767.0,7361.0,-9583.0, 
OFFLINE,N/A,N/A,N/A,N/A,N/A,N/A,N/A,N/A, ,"=""15:38:17.731""",-740,-731,-2440.0,-21140.0,32767.0,7618.0,4595.0,19582.0, ,"=""15:38:17.731""",620,619,11344.0,-21996.0,9652.0,-27767.0,7361.0,-9583.0, 
OFFLINE,N/A,N/A,N/A,N/A,N/A,N/A,N/A,N/A, ,"=""15:38:17.841""",-740,-731,-2440.0,-21140.0,32767.0,7618.0,4595.0,19582.0, ,"=""15:38:17.841""",620,619,11344.0,-21996.0,9652.0,-27767.0,7361.0,-9583.0, 
OFFLINE,N/A,N/A,N/A,N/A,N/A,N/A,N/A,N/A, ,"=""15:38:17.950""",-740,-732,16496.0,-32768.0,-32768.0,-32592.0,-1139.0,-10482.0, ,"=""15:38:17.950""",620,619,11344.0,-21996.0,9652.0,-27767.0,7361.0,-9583.0, 
OFFLINE,N/A,N/A,N/A,N/A,N/A,N/A,N/A,N/A, ,"=""15:38:18.094""",-740,-732,16496.0,-32768.0,-32768.0,-32592.0,-1139.0,-10482.0, ,"=""15:38:18.094""",620,619,11344.0,-21996.0,9652.0,-27767.0,7361.0,-9583.0, 
OFFLINE,N/A,N/A,N/A,N/A,N/A,N/A,N/A,N/A, ,"=""15:38:18.201""",-740,-732,16496.0,-32768.0,-32768.0,-32592.0,-1139.0,-10482.0, ,"=""15:38:18.201""",620,619,11344.0,-21996.0,9652.0,-27767.0,7361.0,-9583.0, 
OFFLINE,N/A,N/A,N/A,N/A,N/A,N/A,N/A,N/A, ,"=""15:38:18.324""",-740,-732,16496.0,-32768.0,-32768.0,-32592.0,-1139.0,-10482.0, ,"=""15:38:18.324""",620,618,1328.0,22324.0,-7680.0,7321.0,-14836.0,6215.0, 
OFFLINE,N/A,N/A,N/A,N/A,N/A,N/A,N/A,N/A, ,"=""15:38:18.434""",-740,-732,16496.0,-32768.0,-32768.0,-32592.0,-1139.0,-10482.0, ,"=""15:38:18.434""",620,618,1328.0,22324.0,-7680.0,7321.0,-14836.0,6215.0, 
OFFLINE,N/A,N/A,N/A,N/A,N/A,N/A,N/A,N/A, ,"=""15:38:18.542""",-740,-732,16496.0,-32768.0,-32768.0,-32592.0,-1139.0,-10482.0, ,"=""15:38:18.543""",620,618,1328.0,22324.0,-7680.0,7321.0,-14836.0,6215.0, 
OFFLINE,N/A,N/A,N/A,N/A,N/A,N/A,N/A,N/A, ,"=""15:38:18.652""",-740,-732,16496.0,-32768.0,-32768.0,-32592.0,-1139.0,-10482.0, ,"=""15:38:18.652""",620,618,1328.0,22324.0,-7680.0,7321.0,-14836.0,6215.0, 
OFFLINE,N/A,N/A,N/A,N/A,N/A,N/A,N/A,N/A, ,"=""15:38:18.760""",-740,-733,8716.0,-13344.0,32767.0,32767.0,12164.0,32767.0, ,"=""15:38:18.760""",620,618,1328.0,22324.0,-7680.0,7321.0,-14836.0,6215.0, 
OFFLINE,N/A,N/A,N/A,N/A,N/A,N/A,N/A,N/A, ,"=""15:38:18.870""",-740,-733,8716.0,-13344.0,32767.0,32767.0,12164.0,32767.0, ,"=""15:38:18.870""",620,618,1328.0,22324.0,-7680.0,7321.0,-14836.0,6215.0, 
OFFLINE,N/A,N/A,N/A,N/A,N/A,N/A,N/A,N/A, ,"=""15:38:18.987""",-740,-733,8716.0,-13344.0,32767.0,32767.0,12164.0,32767.0, ,"=""15:38:18.987""",620,620,-372.0,-28064.0,-30112.0,-25436.0,8347.0,-5956.0, 
OFFLINE,N/A,N/A,N/A,N/A,N/A,N/A,N/A,N/A, ,"=""15:38:19.100""",-740,-733,8716.0,-13344.0,32767.0,32767.0,12164.0,32767.0, ,"=""15:38:19.100""",620,620,-372.0,-28064.0,-30112.0,-25436.0,8347.0,-5956.0, 
OFFLINE,N/A,N/A,N/A,N/A,N/A,N/A,N/A,N/A, ,"=""15:38:19.210""",-740,-733,8716.0,-13344.0,32767.0,32767.0,12164.0,32767.0, ,"=""15:38:19.210""",620,620,-372.0,-28064.0,-30112.0,-25436.0,8347.0,-5956.0, 
OFFLINE,N/A,N/A,N/A,N/A,N/A,N/A,N/A,N/A, ,"=""15:38:19.318""",-740,-733,8716.0,-13344.0,32767.0,32767.0,12164.0,32767.0, ,"=""15:38:19.318""",620,620,-372.0,-28064.0,-30112.0,-25436.0,8347.0,-5956.0, 
OFFLINE,N/A,N/A,N/A,N/A,N/A,N/A,N/A,N/A, ,"=""15:38:19.427""",-740,-733,8716.0,-13344.0,32767.0,32767.0,12164.0,32767.0, ,"=""15:38:19.428""",620,620,-372.0,-28064.0,-30112.0,-25436.0,8347.0,-5956.0, 
OFFLINE,N/A,N/A,N/A,N/A,N/A,N/A,N/A,N/A, ,"=""15:38:19.536""",-740,-738,-13444.0,2956.0,-24968.0,-32768.0,-15570.0,12284.0, ,"=""15:38:19.536""",620,620,-372.0,-28064.0,-30112.0,-25436.0,8347.0,-5956.0, 
OFFLINE,N/A,N/A,N/A,N/A,N/A,N/A,N/A,N/A, ,"=""15:38:19.645""",-740,-738,-13444.0,2956.0,-24968.0,-32768.0,-15570.0,12284.0, ,"=""15:38:19.645""",620,620,-372.0,-28064.0,-30112.0,-25436.0,8347.0,-5956.0, 
OFFLINE,N/A,N/A,N/A,N/A,N/A,N/A,N/A,N/A, ,"=""15:38:19.755""",-740,-738,-13444.0,2956.0,-24968.0,-32768.0,-15570.0,12284.0, ,"=""15:38:19.755""",620,620,-372.0,-28064.0,-30112.0,-25436.0,8347.0,-5956.0, 
OFFLINE,N/A,N/A,N/A,N/A,N/A,N/A,N/A,N/A, ,"=""15:38:19.865""",-740,-738,-13444.0,2956.0,-24968.0,-32768.0,-15570.0,12284.0, ,"=""15:38:19.865""",620,619,-1144.0,8760.0,21792.0,-18024.0,-4196.0,2924.0, 
OFFLINE,N/A,N/A,N/A,N/A,N/A,N/A,N/A,N/A, ,"=""15:38:19.988""",-740,-738,-13444.0,2956.0,-24968.0,-32768.0,-15570.0,12284.0, ,"=""15:38:19.988""",620,619,-1144.0,8760.0,21792.0,-18024.0,-4196.0,2924.0, 
OFFLINE,N/A,N/A,N/A,N/A,N/A,N/A,N/A,N/A, ,"=""15:38:20.097""",-740,-738,-13444.0,2956.0,-24968.0,-32768.0,-15570.0,12284.0, ,"=""15:38:20.097""",620,619,-1144.0,8760.0,21792.0,-18024.0,-4196.0,2924.0, 
OFFLINE,N/A,N/A,N/A,N/A,N/A,N/A,N/A,N/A, ,"=""15:38:20.220""",-740,-738,-13444.0,2956.0,-24968.0,-32768.0,-15570.0,12284.0, ,"=""15:38:20.220""",620,619,-1144.0,8760.0,21792.0,-18024.0,-4196.0,2924.0, 
OFFLINE,N/A,N/A,N/A,N/A,N/A,N/A,N/A,N/A, ,"=""15:38:20.343""",-740,-732,20844.0,-14072.0,-25532.0,32767.0,-3530.0,-16333.0, ,"=""15:38:20.343""",620,619,-1144.0,8760.0,21792.0,-18024.0,-4196.0,2924.0, 
OFFLINE,N/A,N/A,N/A,N/A,N/A,N/A,N/A,N/A, ,"=""15:38:20.453""",-740,-732,20844.0,-14072.0,-25532.0,32767.0,-3530.0,-16333.0, ,"=""15:38:20.453""",620,619,-1144.0,8760.0,21792.0,-18024.0,-4196.0,2924.0, 
OFFLINE,N/A,N/A,N/A,N/A,N/A,N/A,N/A,N/A, ,"=""15:38:20.561""",-740,-732,20844.0,-14072.0,-25532.0,32767.0,-3530.0,-16333.0, ,"=""15:38:20.561""",620,619,-1144.0,8760.0,21792.0,-18024.0,-4196.0,2924.0, 
OFFLINE,N/A,N/A,N/A,N/A,N/A,N/A,N/A,N/A, ,"=""15:38:20.671""",-740,-732,20844.0,-14072.0,-25532.0,32767.0,-3530.0,-16333.0, ,"=""15:38:20.671""",620,615,-14064.0,-4596.0,-32768.0,15498.0,-14506.0,7373.0, 
OFFLINE,N/A,N/A,N/A,N/A,N/A,N/A,N/A,N/A, ,"=""15:38:20.779""",-740,-732,20844.0,-14072.0,-25532.0,32767.0,-3530.0,-16333.0, ,"=""15:38:20.779""",620,615,-14064.0,-4596.0,-32768.0,15498.0,-14506.0,7373.0, 
OFFLINE,N/A,N/A,N/A,N/A,N/A,N/A,N/A,N/A, ,"=""15:38:20.888""",-740,-732,20844.0,-14072.0,-25532.0,32767.0,-3530.0,-16333.0, ,"=""15:38:20.888""",620,615,-14064.0,-4596.0,-32768.0,15498.0,-14506.0,7373.0, 
OFFLINE,N/A,N/A,N/A,N/A,N/A,N/A,N/A,N/A, ,"=""15:38:20.998""",-740,-732,20844.0,-14072.0,-25532.0,32767.0,-3530.0,-16333.0, ,"=""15:38:20.998""",620,615,-14064.0,-4596.0,-32768.0,15498.0,-14506.0,7373.0, 
OFFLINE,N/A,N/A,N/A,N/A,N/A,N/A,N/A,N/A, ,"=""15:38:21.107""",-740,-741,-12328.0,-32768.0,32767.0,28455.0,3217.0,3954.0, ,"=""15:38:21.107""",620,615,-14064.0,-4596.0,-32768.0,15498.0,-14506.0,7373.0, 
OFFLINE,N/A,N/A,N/A,N/A,N/A,N/A,N/A,N/A, ,"=""15:38:21.215""",-740,-741,-12328.0,-32768.0,32767.0,28455.0,3217.0,3954.0, ,"=""15:38:21.215""",620,615,-14064.0,-4596.0,-32768.0,15498.0,-14506.0,7373.0, 
OFFLINE,N/A,N/A,N/A,N/A,N/A,N/A,N/A,N/A, ,"=""15:38:21.338""",-740,-741,-12328.0,-32768.0,32767.0,28455.0,3217.0,3954.0, ,"=""15:38:21.338""",620,615,-14064.0,-4596.0,-32768.0,15498.0,-14506.0,7373.0, 
OFFLINE,N/A,N/A,N/A,N/A,N/A,N/A,N/A,N/A, ,"=""15:38:21.449""",-740,-741,-12328.0,-32768.0,32767.0,28455.0,3217.0,3954.0, ,"=""15:38:21.449""",620,622,6332.0,-23672.0,-24164.0,-32768.0,9761.0,-341.0, 
OFFLINE,N/A,N/A,N/A,N/A,N/A,N/A,N/A,N/A, ,"=""15:38:21.573""",-740,-741,-12328.0,-32768.0,32767.0,28455.0,3217.0,3954.0, ,"=""15:38:21.573""",620,622,6332.0,-23672.0,-24164.0,-32768.0,9761.0,-341.0, 
OFFLINE,N/A,N/A,N/A,N/A,N/A,N/A,N/A,N/A, ,"=""15:38:21.683""",-740,-741,-12328.0,-32768.0,32767.0,28455.0,3217.0,3954.0, ,"=""15:38:21.683""",620,622,6332.0,-23672.0,-24164.0,-32768.0,9761.0,-341.0, 
OFFLINE,N/A,N/A,N/A,N/A,N/A,N/A,N/A,N/A, ,"=""15:38:21.791""",-740,-741,-12328.0,-32768.0,32767.0,28455.0,3217.0,3954.0, ,"=""15:38:21.791""",620,622,6332.0,-23672.0,-24164.0,-32768.0,9761.0,-341.0, 
OFFLINE,N/A,N/A,N/A,N/A,N/A,N/A,N/A,N/A, ,"=""15:38:21.904""",-740,-741,-12328.0,-32768.0,32767.0,28455.0,3217.0,3954.0, ,"=""15:38:21.904""",620,622,6332.0,-23672.0,-24164.0,-32768.0,9761.0,-341.0, 
OFFLINE,N/A,N/A,N/A,N/A,N/A,N/A,N/A,N/A, ,"=""15:38:22.014""",-740,-741,-2124.0,-3780.0,-19052.0,-32768.0,-11072.0,-2337.0, ,"=""15:38:22.014""",620,622,6332.0,-23672.0,-24164.0,-32768.0,9761.0,-341.0, 
OFFLINE,N/A,N/A,N/A,N/A,N/A,N/A,N/A,N/A, ,"=""15:38:22.122""",-740,-741,-2124.0,-3780.0,-19052.0,-32768.0,-11072.0,-2337.0, ,"=""15:38:22.122""",620,622,6332.0,-23672.0,-24164.0,-32768.0,9761.0,-341.0, 
OFFLINE,N/A,N/A,N/A,N/A,N/A,N/A,N/A,N/A, ,"=""15:38:22.231""",-740,-741,-2124.0,-3780.0,-19052.0,-32768.0,-11072.0,-2337.0, ,"=""15:38:22.231""",620,622,2636.0,3428.0,25072.0,-32768.0,3527.0,-4535.0, 
OFFLINE,N/A,N/A,N/A,N/A,N/A,N/A,N/A,N/A, ,"=""15:38:22.340""",-740,-741,-2124.0,-3780.0,-19052.0,-32768.0,-11072.0,-2337.0, ,"=""15:38:22.340""",620,622,2636.0,3428.0,25072.0,-32768.0,3527.0,-4535.0, 
OFFLINE,N/A,N/A,N/A,N/A,N/A,N/A,N/A,N/A, ,"=""15:38:22.449""",-740,-741,-2124.0,-3780.0,-19052.0,-32768.0,-11072.0,-2337.0, ,"=""15:38:22.450""",620,622,2636.0,3428.0,25072.0,-32768.0,3527.0,-4535.0, 
OFFLINE,N/A,N/A,N/A,N/A,N/A,N/A,N/A,N/A, ,"=""15:38:22.558""",-740,-741,-2124.0,-3780.0,-19052.0,-32768.0,-11072.0,-2337.0, ,"=""15:38:22.558""",620,622,2636.0,3428.0,25072.0,-32768.0,3527.0,-4535.0, 
OFFLINE,N/A,N/A,N/A,N/A,N/A,N/A,N/A,N/A, ,"=""15:38:22.667""",-740,-741,-2124.0,-3780.0,-19052.0,-32768.0,-11072.0,-2337.0, ,"=""15:38:22.667""",620,622,2636.0,3428.0,25072.0,-32768.0,3527.0,-4535.0, 
OFFLINE,N/A,N/A,N/A,N/A,N/A,N/A,N/A,N/A, ,"=""15:38:22.775""",-740,-732,-14552.0,-28948.0,-2776.0,32767.0,7317.0,7666.0, ,"=""15:38:22.775""",620,622,2636.0,3428.0,25072.0,-32768.0,3527.0,-4535.0, 
OFFLINE,N/A,N/A,N/A,N/A,N/A,N/A,N/A,N/A, ,"=""15:38:22.898""",-740,-732,-14552.0,-28948.0,-2776.0,32767.0,7317.0,7666.0, ,"=""15:38:22.898""",620,622,2636.0,3428.0,25072.0,-32768.0,3527.0,-4535.0, 
OFFLINE,N/A,N/A,N/A,N/A,N/A,N/A,N/A,N/A, ,"=""15:38:23.006""",-740,-732,-14552.0,-28948.0,-2776.0,32767.0,7317.0,7666.0, ,"=""15:38:23.006""",620,622,2636.0,3428.0,25072.0,-32768.0,3527.0,-4535.0, 
OFFLINE,N/A,N/A,N/A,N/A,N/A,N/A,N/A,N/A, ,"=""15:38:23.115""",-740,-732,-14552.0,-28948.0,-2776.0,32767.0,7317.0,7666.0, ,"=""15:38:23.116""",620,617,-8892.0,12964.0,-32768.0,-659.0,-11384.0,12607.0, 
OFFLINE,N/A,N/A,N/A,N/A,N/A,N/A,N/A,N/A, ,"=""15:38:23.224""",-740,-732,-14552.0,-28948.0,-2776.0,32767.0,7317.0,7666.0, ,"=""15:38:23.224""",620,617,-8892.0,12964.0,-32768.0,-659.0,-11384.0,12607.0, 
OFFLINE,N/A,N/A,N/A,N/A,N/A,N/A,N/A,N/A, ,"=""15:38:23.333""",-740,-732,-14552.0,-28948.0,-2776.0,32767.0,7317.0,7666.0, ,"=""15:38:23.333""",620,617,-8892.0,12964.0,-32768.0,-659.0,-11384.0,12607.0, 
OFFLINE,N/A,N/A,N/A,N/A,N/A,N/A,N/A,N/A, ,"=""15:38:23.443""",-740,-732,-14552.0,-28948.0,-2776.0,32767.0,7317.0,7666.0, ,"=""15:38:23.443""",620,617,-8892.0,12964.0,-32768.0,-659.0,-11384.0,12607.0, 
OFFLINE,N/A,N/A,N/A,N/A,N/A,N/A,N/A,N/A, ,"=""15:38:23.552""",-740,-740,9364.0,23216.0,32767.0,-32768.0,10062.0,5103.0, ,"=""15:38:23.552""",620,617,-8892.0,12964.0,-32768.0,-659.0,-11384.0,12607.0, 
OFFLINE,N/A,N/A,N/A,N/A,N/A,N/A,N/A,N/A, ,"=""15:38:23.662""",-740,-740,9364.0,23216.0,32767.0,-32768.0,10062.0,5103.0, ,"=""15:38:23.662""",620,617,-8892.0,12964.0,-32768.0,-659.0,-11384.0,12607.0, 
OFFLINE,N/A,N/A,N/A,N/A,N/A,N/A,N/A,N/A, ,"=""15:38:23.771""",-740,-740,9364.0,23216.0,32767.0,-32768.0,10062.0,5103.0, ,"=""15:38:23.771""",620,617,-8892.0,12964.0,-32768.0,-659.0,-11384.0,12607.0, 
OFFLINE,N/A,N/A,N/A,N/A,N/A,N/A,N/A,N/A, ,"=""15:38:23.893""",-740,-740,9364.0,23216.0,32767.0,-32768.0,10062.0,5103.0, ,"=""15:38:23.894""",620,619,6444.0,-24540.0,-6164.0,-32768.0,7566.0,-13273.0, 
OFFLINE,N/A,N/A,N/A,N/A,N/A,N/A,N/A,N/A, ,"=""15:38:24.004""",0,-740,9364.0,23216.0,32767.0,-32768.0,10062.0,5103.0, ,"=""15:38:24.004""",0,619,6444.0,-24540.0,-6164.0,-32768.0,7566.0,-13273.0, 
OFFLINE,N/A,N/A,N/A,N/A,N/A,N/A,N/A,N/A, ,"=""15:38:24.114""",0,-740,9364.0,23216.0,32767.0,-32768.0,10062.0,5103.0, ,"=""15:38:24.114""",0,619,6444.0,-24540.0,-6164.0,-32768.0,7566.0,-13273.0, 
OFFLINE,N/A,N/A,N/A,N/A,N/A,N/A,N/A,N/A, ,"=""15:38:24.222""",0,-740,9364.0,23216.0,32767.0,-32768.0,10062.0,5103.0, ,"=""15:38:24.222""",0,619,6444.0,-24540.0,-6164.0,-32768.0,7566.0,-13273.0, 
OFFLINE,N/A,N/A,N/A,N/A,N/A,N/A,N/A,N/A, ,"=""15:38:24.331""",0,-390,-7172.0,-32768.0,4972.0,-14872.0,-11018.0,-5350.0, ,"=""15:38:24.331""",0,619,6444.0,-24540.0,-6164.0,-32768.0,7566.0,-13273.0, 
OFFLINE,N/A,N/A,N/A,N/A,N/A,N/A,N/A,N/A, ,"=""15:38:24.448""",0,-390,-7172.0,-32768.0,4972.0,-14872.0,-11018.0,-5350.0, ,"=""15:38:24.448""",0,619,6444.0,-24540.0,-6164.0,-32768.0,7566.0,-13273.0, 
OFFLINE,N/A,N/A,N/A,N/A,N/A,N/A,N/A,N/A, ,"=""15:38:24.562""",0,-390,-7172.0,-32768.0,4972.0,-14872.0,-11018.0,-5350.0, ,"=""15:38:24.562""",0,619,6444.0,-24540.0,-6164.0,-32768.0,7566.0,-13273.0, 
OFFLINE,N/A,N/A,N/A,N/A,N/A,N/A,N/A,N/A, ,"=""15:38:24.672""",0,-390,-7172.0,-32768.0,4972.0,-14872.0,-11018.0,-5350.0, ,"=""15:38:24.672""",0,51,1820.0,-9292.0,7628.0,2014.0,-2802.0,-2246.0, 
OFFLINE,N/A,N/A,N/A,N/A,N/A,N/A,N/A,N/A, ,"=""15:38:24.781""",0,-390,-7172.0,-32768.0,4972.0,-14872.0,-11018.0,-5350.0, ,"=""15:38:24.781""",0,51,1820.0,-9292.0,7628.0,2014.0,-2802.0,-2246.0, 
OFFLINE,N/A,N/A,N/A,N/A,N/A,N/A,N/A,N/A, ,"=""15:38:24.890""",0,-390,-7172.0,-32768.0,4972.0,-14872.0,-11018.0,-5350.0, ,"=""15:38:24.890""",0,51,1820.0,-9292.0,7628.0,2014.0,-2802.0,-2246.0, 
OFFLINE,N/A,N/A,N/A,N/A,N/A,N/A,N/A,N/A, ,"=""15:38:24.999""",0,-390,-7172.0,-32768.0,4972.0,-14872.0,-11018.0,-5350.0, ,"=""15:38:24.999""",0,51,1820.0,-9292.0,7628.0,2014.0,-2802.0,-2246.0, 
OFFLINE,N/A,N/A,N/A,N/A,N/A,N/A,N/A,N/A, ,"=""15:38:25.107""",0,-390,-7172.0,-32768.0,4972.0,-14872.0,-11018.0,-5350.0, ,"=""15:38:25.107""",0,51,1820.0,-9292.0,7628.0,2014.0,-2802.0,-2246.0, 
OFFLINE,N/A,N/A,N/A,N/A,N/A,N/A,N/A,N/A, ,"=""15:38:25.217""",0,0,3184.0,4148.0,17108.0,1837.0,199.0,-1662.0, ,"=""15:38:25.217""",0,51,1820.0,-9292.0,7628.0,2014.0,-2802.0,-2246.0, 
OFFLINE,N/A,N/A,N/A,N/A,N/A,N/A,N/A,N/A, ,"=""15:38:25.326""",0,0,3184.0,4148.0,17108.0,1837.0,199.0,-1662.0, ,"=""15:38:25.326""",0,51,1820.0,-9292.0,7628.0,2014.0,-2802.0,-2246.0, 
